Rank,Sourceid,Title,Type,Issn,SJR,SJR Best Quartile,H index,Total Docs. (2020),Total Docs. (3years),Total Refs.,Total Cites (3years),Citable Docs. (3years),Cites / Doc. (2years),Ref. / Doc.,Country,Region,Publisher,Coverage,Categories
1,4700152228,Molecular Systems Biology,journal,17444292,"8,523",Q1,148,87,178,6092,1889,156,10.39,70.02,United States,Northern America,Wiley-Blackwell,2005-2020,"Agricultural and Biological Sciences (miscellaneous) (Q1); Applied Mathematics (Q1); Biochemistry, Genetics and Molecular Biology (miscellaneous) (Q1); Computational Theory and Mathematics (Q1); Immunology and Microbiology (miscellaneous)  (Q1); Information Systems (Q1); Medicine (miscellaneous) (Q1)"
2,12137,Journal of Statistical Software,journal,15487660,"7,636",Q1,145,71,208,3610,3031,208,6.49,50.85,United States,Northern America,University of California at Los Angeles,1996-2020,"Software (Q1); Statistics and Probability (Q1); Statistics, Probability and Uncertainty (Q1)"
3,21100831443,Nature Biomedical Engineering,journal,2157846X,"5,961",Q1,56,162,441,5898,5173,322,11.38,36.41,United States,Northern America,Nature Publishing Group,2017-2020,Bioengineering (Q1); Biomedical Engineering (Q1); Biotechnology (Q1); Computer Science Applications (Q1); Medicine (miscellaneous) (Q1)
4,21100886132,Science Robotics,journal,24709476,"5,619",Q1,50,83,217,3048,3969,198,18.49,36.72,United States,Northern America,American Association for the Advancement of Science,2016-2020,Artificial Intelligence (Q1); Computer Science Applications (Q1); Control and Optimization (Q1); Mechanical Engineering (Q1)
5,12402,MIS Quarterly: Management Information Systems,journal,"02767783, 21629730","5,283",Q1,230,64,186,5921,2117,184,7.97,92.52,United States,Northern America,Management Information Systems Research Center,1980-2020,Computer Science Applications (Q1); Information Systems (Q1); Information Systems and Management (Q1); Management Information Systems (Q1)
6,21100200203,Wiley Interdisciplinary Reviews: Computational Molecular Science,journal,"17590876, 17590884","5,126",Q1,81,54,108,8464,2213,107,26.23,156.74,United States,Northern America,John Wiley &amp; Sons Inc.,2011-2020,Biochemistry (Q1); Computational Mathematics (Q1); Computer Science Applications (Q1); Materials Chemistry (Q1); Physical and Theoretical Chemistry (Q1)
7,21101007236,Nature Machine Intelligence,journal,25225839,"4,894",Q1,16,65,57,2720,949,25,16.65,41.85,Switzerland,Western Europe,Springer Nature Switzerland AG,2019-2020,Artificial Intelligence (Q1); Computer Networks and Communications (Q1); Computer Vision and Pattern Recognition (Q1); Human-Computer Interaction (Q1); Software (Q1)
8,19600166419,Foundations and Trends in Signal Processing,journal,"19328346, 19328354","4,611",Q1,18,2,8,253,292,8,6.8,126.5,United States,Northern America,Now Publishers Inc,"2007-2014, 2016-2019",Signal Processing (Q1)
9,144974,Journal of Service Research,journal,"10946705, 15527379","4,434",Q1,122,51,86,3938,1077,84,10.77,77.22,United States,Northern America,SAGE Publications Inc.,1998-2020,Information Systems (Q1); Organizational Behavior and Human Resource Management (Q1); Sociology and Political Science (Q1)
10,19300156903,Foundations and Trends in Machine Learning,journal,"19358245, 19358237","4,292",Q1,35,4,12,528,814,12,69.56,132,United States,Northern America,Now Publishers Inc,2008-2019,Artificial Intelligence (Q1); Human-Computer Interaction (Q1); Software (Q1)
11,18232,Journal of Computer-Mediated Communication,journal,10836101,"4,150",Q1,119,7,55,307,509,54,5.59,43.86,United States,Northern America,Wiley-Blackwell,1995-2020,Computer Networks and Communications (Q1); Computer Science Applications (Q1)
12,24254,IEEE Transactions on Pattern Analysis and Machine Intelligence,journal,1628828,"3,811",Q1,372,312,643,12574,21311,621,25.54,40.3,United States,Northern America,IEEE Computer Society,1978-2020,Applied Mathematics (Q1); Artificial Intelligence (Q1); Computational Theory and Mathematics (Q1); Computer Vision and Pattern Recognition (Q1); Software (Q1)
13,22238,Operations Research,journal,"0030364X, 15265463","3,797",Q1,140,103,305,4457,1303,305,3.78,43.27,United States,Northern America,INFORMS Institute for Operations Research and the Management Sciences,1969-2020,Computer Science Applications (Q1); Management Science and Operations Research (Q1)
14,100147317,Journal of Supply Chain Management,journal,"15232409, 1745493X","3,750",Q1,92,27,58,2594,538,54,7.78,96.07,United States,Northern America,Wiley-Blackwell,1999-2020,"Economics, Econometrics and Finance (miscellaneous) (Q1); Information Systems (Q1); Management Information Systems (Q1); Marketing (Q1)"
15,19169,Journal of Operations Management,journal,2726963,"3,649",Q1,191,48,89,3951,662,84,5.94,82.31,Netherlands,Western Europe,John Wiley and Sons Inc.,"1980-1991, 1993-2020",Computer Science Applications (Q1); Industrial and Manufacturing Engineering (Q1); Management Science and Operations Research (Q1); Strategy and Management (Q1)
16,17945,Bioinformatics,journal,"13674811, 13674803","3,599",Q1,390,983,2684,29619,19414,2669,7.14,30.13,United Kingdom,Western Europe,Oxford University Press,1985-2020,Biochemistry (Q1); Computational Mathematics (Q1); Computational Theory and Mathematics (Q1); Computer Science Applications (Q1); Molecular Biology (Q1); Statistics and Probability (Q1)
17,19700170610,IEEE Transactions on Smart Grid,journal,19493053,"3,571",Q1,171,532,1543,16876,18927,1452,11.57,31.72,United States,Northern America,Institute of Electrical and Electronics Engineers Inc.,2010-2020,Computer Science (miscellaneous) (Q1)
18,15574,Information Systems Research,journal,"15265536, 10477047","3,507",Q1,159,70,179,5137,1135,170,6.09,73.39,United States,Northern America,INFORMS Institute for Operations Research and the Management Sciences,1990-2020,Computer Networks and Communications (Q1); Information Systems (Q1); Information Systems and Management (Q1); Library and Information Sciences (Q1); Management Information Systems (Q1)
19,21100850798,npj Computational Materials,journal,20573960,"3,488",Q1,41,190,252,10665,3292,252,13.2,56.13,United Kingdom,Western Europe,Nature Publishing Group,2015-2020,Computer Science Applications (Q1); Materials Science (miscellaneous) (Q1); Mechanics of Materials (Q1); Modeling and Simulation (Q1)
20,25037,IEEE Transactions on Evolutionary Computation,journal,1089778X,"3,463",Q1,180,94,204,4675,3458,201,17.13,49.73,United States,Northern America,Institute of Electrical and Electronics Engineers Inc.,1997-2020,Computational Theory and Mathematics (Q1); Software (Q1); Theoretical Computer Science (Q1)
21,17339,IEEE Transactions on Automatic Control,journal,"00189286, 15582523","3,436",Q1,294,696,1588,17025,13271,1584,7.41,24.46,United States,Northern America,Institute of Electrical and Electronics Engineers Inc.,1963-2020,Computer Science Applications (Q1); Control and Systems Engineering (Q1); Electrical and Electronic Engineering (Q1)
22,21100827946,npj Quantum Information,journal,20566387,"3,397",Q1,47,103,198,4957,2521,197,12.32,48.13,United Kingdom,Western Europe,Nature Partner Journals,2015-2020,Computational Theory and Mathematics (Q1); Computer Networks and Communications (Q1); Computer Science (miscellaneous) (Q1); Statistical and Nonlinear Physics (Q1)
23,29745,Information and Organization,journal,14717727,"3,298",Q1,61,15,49,1307,386,48,7.79,87.13,United Kingdom,Western Europe,Elsevier Ltd.,"1996-1997, 2001-2020",Information Systems (Q1); Library and Information Sciences (Q1); Management Information Systems (Q1); Management of Technology and Innovation (Q1); Organizational Behavior and Human Resource Management (Q1)
24,18935,IEEE Wireless Communications,journal,15361284,"3,216",Q1,162,157,390,2083,5766,368,14.5,13.27,United States,Northern America,Institute of Electrical and Electronics Engineers Inc.,2002-2020,Computer Science Applications (Q1); Electrical and Electronic Engineering (Q1)
25,17956,Briefings in Bioinformatics,journal,"14774054, 14675463","3,204",Q1,113,116,455,8928,4515,449,9.48,76.97,United Kingdom,Western Europe,Oxford University Press,2000-2020,Information Systems (Q1); Molecular Biology (Q1)
26,20893,Transportation Research Part C: Emerging Technologies,journal,0968090X,"3,185",Q1,133,327,834,17795,8956,824,10.15,54.42,United Kingdom,Western Europe,Elsevier Ltd.,1993-2020,Automotive Engineering (Q1); Civil and Structural Engineering (Q1); Computer Science Applications (Q1); Management Science and Operations Research (Q1); Transportation (Q1)
27,16965,Internet and Higher Education,journal,10967516,"3,143",Q1,90,23,73,1486,740,73,8.6,64.61,United Kingdom,Western Europe,Elsevier BV,1998-2020,Computer Networks and Communications (Q1); Computer Science Applications (Q1); Education (Q1); E-learning (Q1)
28,12396,Journal of Strategic Information Systems,journal,9638687,"3,133",Q1,88,24,75,2111,965,61,12.45,87.96,Netherlands,Western Europe,Elsevier,1991-2020,Information Systems (Q1); Information Systems and Management (Q1); Management Information Systems (Q1)
29,21100274221,IEEE Transactions on Cybernetics,journal,"21682275, 21682267","3,109",Q1,124,542,1065,18740,13312,997,11.19,34.58,United States,Northern America,IEEE Advancing Technology for Humanity,2013-2020,Computer Science Applications (Q1); Control and Systems Engineering (Q1); Electrical and Electronic Engineering (Q1); Human-Computer Interaction (Q1); Information Systems (Q1); Software (Q1)
30,15700,Journal of Management Information Systems,journal,"1557928X, 07421222","3,073",Q1,144,44,137,3227,1138,122,8.32,73.34,United States,Northern America,M.E. Sharpe Inc.,1987-2020,Computer Science Applications (Q1); Information Systems and Management (Q1); Management Information Systems (Q1); Management Science and Operations Research (Q1)
31,17645,Computers and Education,journal,3601315,"3,026",Q1,179,230,560,16615,6272,557,10.88,72.24,United Kingdom,Western Europe,Elsevier Ltd.,1976-2020,Computer Science (miscellaneous) (Q1); Education (Q1); E-learning (Q1)
32,18902,IEEE Journal on Selected Areas in Communications,journal,7338716,"2,986",Q1,236,229,632,9052,9483,608,13.09,39.53,United States,Northern America,Institute of Electrical and Electronics Engineers Inc.,1983-2020,Computer Networks and Communications (Q1); Electrical and Electronic Engineering (Q1)
33,29161,ISPRS Journal of Photogrammetry and Remote Sensing,journal,9242716,"2,960",Q1,138,264,677,16114,7306,668,10.56,61.04,Netherlands,Western Europe,Elsevier,1989-2020,"Atomic and Molecular Physics, and Optics (Q1); Computer Science Applications (Q1); Computers in Earth Sciences (Q1); Engineering (miscellaneous) (Q1); Geography, Planning and Development (Q1)"
34,21100420802,GigaScience,journal,2047217X,"2,947",Q1,54,141,444,7970,3075,363,6.52,56.52,United Kingdom,Western Europe,Oxford University Press,2012-2020,Computer Science Applications (Q1); Health Informatics (Q1)
35,21100850723,mSystems,journal,23795077,"2,931",Q1,39,325,447,20619,3137,442,5.85,63.44,United States,Northern America,American Society for Microbiology,2016-2020,"Biochemistry (Q1); Computer Science Applications (Q1); Ecology, Evolution, Behavior and Systematics (Q1); Genetics (Q1); Microbiology (Q1); Modeling and Simulation (Q1); Molecular Biology (Q1); Physiology (Q1)"
36,17271,Medical Image Analysis,journal,"13618415, 13618423","2,887",Q1,135,161,413,9223,7895,411,13.28,57.29,Netherlands,Western Europe,Elsevier,1996-2020,"Computer Graphics and Computer-Aided Design (Q1); Computer Vision and Pattern Recognition (Q1); Health Informatics (Q1); Radiological and Ultrasound Technology (Q1); Radiology, Nuclear Medicine and Imaging (Q1)"
37,24242,IEEE Transactions on Fuzzy Systems,journal,10636706,"2,886",Q1,191,377,658,13012,7556,653,11.84,34.51,United States,Northern America,Institute of Electrical and Electronics Engineers Inc.,1993-2020,Applied Mathematics (Q1); Artificial Intelligence (Q1); Computational Theory and Mathematics (Q1); Control and Systems Engineering (Q1)
38,21100235616,IEEE Transactions on Neural Networks and Learning Systems,journal,"2162237X, 21622388","2,882",Q1,212,609,1117,22815,14914,1107,12.51,37.46,United States,Northern America,IEEE Computational Intelligence Society,2012-2020,Artificial Intelligence (Q1); Computer Networks and Communications (Q1); Computer Science Applications (Q1); Software (Q1)
39,17249,IEEE Communications Magazine,journal,1636804,"2,823",Q1,252,190,994,2243,13371,853,11.83,11.81,United States,Northern America,Institute of Electrical and Electronics Engineers Inc.,1979-2020,Computer Networks and Communications (Q1); Computer Science Applications (Q1); Electrical and Electronic Engineering (Q1)
40,26099,Information Fusion,journal,"18726305, 15662535","2,776",Q1,107,168,318,13659,5599,312,15.73,81.3,Netherlands,Western Europe,Elsevier,2000-2021,Hardware and Architecture (Q1); Information Systems (Q1); Signal Processing (Q1); Software (Q1)
41,18144,Computer-Aided Civil and Infrastructure Engineering,journal,"14678667, 10939687","2,773",Q1,82,116,198,5381,2555,191,11.49,46.39,United Kingdom,Western Europe,Wiley-Blackwell Publishing Ltd,1986-2020,Civil and Structural Engineering (Q1); Computational Theory and Mathematics (Q1); Computer Graphics and Computer-Aided Design (Q1); Computer Science Applications (Q1)
42,15631,International Journal of Information Management,journal,2684012,"2,770",Q1,114,224,382,20318,5853,373,16.16,90.71,United Kingdom,Western Europe,Elsevier Ltd.,"1970, 1986-2021",Artificial Intelligence (Q1); Computer Networks and Communications (Q1); Information Systems (Q1); Information Systems and Management (Q1); Library and Information Sciences (Q1); Management Information Systems (Q1); Marketing (Q1)
43,12321,Information Systems Journal,journal,"13501917, 13652575","2,635",Q1,89,46,134,4169,1019,112,7.24,90.63,United Kingdom,Western Europe,Wiley-Blackwell Publishing Ltd,1991-2020,Computer Networks and Communications (Q1); Information Systems (Q1); Software (Q1)
44,4000151810,PLoS Computational Biology,journal,"15537358, 1553734X","2,628",Q1,182,767,1855,42757,10337,1789,4.71,55.75,United States,Northern America,Public Library of Science,2005-2020,"Cellular and Molecular Neuroscience (Q1); Computational Theory and Mathematics (Q1); Ecology (Q1); Ecology, Evolution, Behavior and Systematics (Q1); Genetics (Q1); Modeling and Simulation (Q1); Molecular Biology (Q1)"
45,21100451321,Scientific data,journal,20524463,"2,565",Q1,64,426,861,17975,6161,572,6.1,42.19,United Kingdom,Western Europe,Nature Publishing Group,2014-2020,"Computer Science Applications (Q1); Education (Q1); Information Systems (Q1); Library and Information Sciences (Q1); Statistics and Probability (Q1); Statistics, Probability and Uncertainty (Q1)"
46,27239,IEEE Network,journal,"08908044, 1558156X","2,546",Q1,129,263,401,3525,4922,375,13.58,13.4,United States,Northern America,Institute of Electrical and Electronics Engineers Inc.,1986-2020,Computer Networks and Communications (Q1); Hardware and Architecture (Q1); Information Systems (Q1); Software (Q1)
47,18158,Computer Methods in Applied Mechanics and Engineering,journal,"00457825, 03742830","2,530",Q1,198,685,1516,38081,11793,1512,7.56,55.59,Netherlands,Western Europe,Elsevier,1972-2020,Computational Mechanics (Q1); Computer Science Applications (Q1); Mechanical Engineering (Q1); Mechanics of Materials (Q1); Physics and Astronomy (miscellaneous) (Q1)
48,144912,IEEE Transactions on Industrial Informatics,journal,15513203,"2,496",Q1,135,845,1432,24453,17561,1386,12.22,28.94,United States,Northern America,IEEE Computer Society,2005-2020,Computer Science Applications (Q1); Control and Systems Engineering (Q1); Electrical and Electronic Engineering (Q1); Information Systems (Q1)
49,22478,Journal of Memory and Language,journal,"10960821, 0749596X","2,442",Q1,145,58,220,4064,908,219,2.46,70.07,United States,Northern America,Academic Press Inc.,1985-2021,Artificial Intelligence (Q1); Experimental and Cognitive Psychology (Q1); Language and Linguistics (Q1); Linguistics and Language (Q1); Neuropsychology and Physiological Psychology (Q1)
50,4700152632,International Journal of Computer-Supported Collaborative Learning,journal,"15561607, 15561615","2,394",Q1,54,21,64,1185,336,52,5.23,56.43,United States,Northern America,Springer Publishing Company,2006-2020,Education (Q1); Human-Computer Interaction (Q1)
51,26053,IEEE Transactions on Industrial Electronics,journal,2780046,"2,393",Q1,287,1220,2923,31994,29350,2899,9.59,26.22,United States,Northern America,,"1969-1978, 1982-2020",Computer Science Applications (Q1); Control and Systems Engineering (Q1); Electrical and Electronic Engineering (Q1)
52,17915,Proceedings of the IEEE,journal,"15582256, 00189219","2,383",Q1,287,128,422,13575,6686,411,15.15,106.05,United States,Northern America,Institute of Electrical and Electronics Engineers Inc.,"1927, 1963-2020",Computer Science (miscellaneous) (Q1); Electrical and Electronic Engineering (Q1)
53,28512,Mathematical Programming,journal,"14364646, 00255610","2,358",Q1,131,211,344,7782,2138,330,6.18,36.88,Germany,Western Europe,Springer-Verlag GmbH and Co. KG,1971-2020,Mathematics (miscellaneous) (Q1); Software (Q1)
54,16733,IEEE Transactions on Medical Imaging,journal,"02780062, 15580062","2,322",Q1,224,409,738,14864,9513,734,13.94,36.34,United States,Northern America,Institute of Electrical and Electronics Engineers Inc.,1982-2020,Computer Science Applications (Q1); Electrical and Electronic Engineering (Q1); Radiological and Ultrasound Technology (Q1); Software (Q1)
55,14966,Journal of Manufacturing Systems,journal,2786125,"2,310",Q1,70,155,294,8906,2949,288,10.88,57.46,Netherlands,Western Europe,Elsevier,1982-2020,Control and Systems Engineering (Q1); Hardware and Architecture (Q1); Industrial and Manufacturing Engineering (Q1); Software (Q1)
56,21080,Mechanical Systems and Signal Processing,journal,"08883270, 10961216","2,275",Q1,167,538,2031,23327,16068,2017,7.95,43.36,United States,Northern America,Academic Press Inc.,1987-2021,Aerospace Engineering (Q1); Civil and Structural Engineering (Q1); Computer Science Applications (Q1); Control and Systems Engineering (Q1); Mechanical Engineering (Q1); Signal Processing (Q1)
57,21100262320,"IEEE Transactions on Systems, Man, and Cybernetics: Systems",journal,"21682216, 21682232","2,261",Q1,64,0,628,0,7437,627,12.21,0,United States,Northern America,IEEE Advancing Technology for Humanity,"2011-2012, 2014-2019",Computer Science Applications (Q1); Control and Systems Engineering (Q1); Electrical and Electronic Engineering (Q1); Human-Computer Interaction (Q1); Information Systems (Q1); Software (Q1)
58,21100933954,Big Data and Society,journal,20539517,"2,244",Q1,37,84,135,4657,895,111,5.29,55.44,United Kingdom,Western Europe,SAGE Publications Ltd,2014-2020,Communication (Q1); Computer Science Applications (Q1); Information Systems (Q1); Information Systems and Management (Q1); Library and Information Sciences (Q1)
59,4000151805,Foundations and Trends in Communications and Information Theory,journal,"15672190, 15672328","2,239",Q1,28,6,6,1288,78,6,15,214.67,United States,Northern America,Now Publishers Inc,2004-2019,Applied Mathematics (Q1); Computer Networks and Communications (Q1)
60,12872,Cognitive Psychology,journal,"10955623, 00100285","2,223",Q1,120,34,97,2612,364,97,3.35,76.82,United States,Northern America,Academic Press Inc.,1970-2020,Artificial Intelligence (Q1); Developmental and Educational Psychology (Q1); Experimental and Cognitive Psychology (Q1); Linguistics and Language (Q1); Neuropsychology and Physiological Psychology (Q1)
61,22489,European Journal of Operational Research,journal,3772217,"2,161",Q1,260,657,2080,32022,13341,2068,6.02,48.74,Netherlands,Western Europe,Elsevier,1977-2021,Computer Science (miscellaneous) (Q1); Information Systems and Management (Q1); Management Science and Operations Research (Q1); Modeling and Simulation (Q1)
62,24972,ACM Transactions on Graphics,journal,"15577368, 07300301","2,153",Q1,218,272,769,15935,10582,764,12.03,58.58,United States,Northern America,Association for Computing Machinery (ACM),1982-2020,Computer Graphics and Computer-Aided Design (Q1)
63,12303,Information and Management,journal,3787206,"2,147",Q1,162,130,248,11385,2482,246,8.94,87.58,Netherlands,Western Europe,Elsevier,1977-2020,Information Systems (Q1); Information Systems and Management (Q1); Management Information Systems (Q1)
64,21100940460,Network Neuroscience,journal,24721751,"2,128",Q1,18,20,107,1740,593,103,4.64,87,United States,Northern America,MIT Press Journals,2017-2020,Applied Mathematics (Q1); Artificial Intelligence (Q1); Computer Science Applications (Q1); Neuroscience (miscellaneous) (Q1)
65,19419,Computers in Human Behavior,journal,7475632,"2,108",Q1,178,385,1597,26867,14501,1573,7.83,69.78,United Kingdom,Western Europe,Elsevier Ltd.,1985-2021,Arts and Humanities (miscellaneous) (Q1); Human-Computer Interaction (Q1); Psychology (miscellaneous) (Q1)
66,21100879732,APL Photonics,journal,23780967,"2,094",Q1,34,146,327,6606,2142,316,6.74,45.25,United States,Northern America,AIP Publishing LLC,2016-2020,"Atomic and Molecular Physics, and Optics (Q1); Computer Networks and Communications (Q1)"
67,23038,ACM Computing Surveys,journal,"03600300, 15577341","2,079",Q1,163,112,365,15859,6978,365,19.16,141.6,United States,Northern America,Association for Computing Machinery (ACM),1969-2020,Computer Science (miscellaneous) (Q1); Theoretical Computer Science (Q1)
68,21100338350,IEEE Internet of Things Journal,journal,23274662,"2,075",Q1,97,1163,1594,40380,20461,1555,12.37,34.72,United States,Northern America,Institute of Electrical and Electronics Engineers Inc.,2014-2020,Computer Networks and Communications (Q1); Computer Science Applications (Q1); Hardware and Architecture (Q1); Information Systems (Q1); Information Systems and Management (Q1); Signal Processing (Q1)
69,26422,SIAM Journal on Optimization,journal,"10526234, 10957189","2,066",Q1,136,124,348,5037,2106,348,5.32,40.62,United States,Northern America,Society for Industrial and Applied Mathematics Publications,"1991, 1996-2020",Software (Q1); Theoretical Computer Science (Q1)
70,12996,IEEE Signal Processing Magazine,journal,10535888,"2,058",Q1,188,98,283,2806,3887,238,11.64,28.63,United States,Northern America,Institute of Electrical and Electronics Engineers Inc.,1991-2020,Applied Mathematics (Q1); Electrical and Electronic Engineering (Q1); Music (Q1); Signal Processing (Q1)
71,4700152794,Foundations and Trends in Networking,journal,"15540588, 1554057X","2,050",Q1,19,0,4,0,129,4,0,0,United States,Northern America,Now Publishers Inc,2006-2018,Computer Networks and Communications (Q1)
72,95101,IEEE Transactions on Robotics,journal,15523098,"2,027",Q1,159,144,351,5409,4344,349,9.72,37.56,United States,Northern America,Institute of Electrical and Electronics Engineers Inc.,"1992, 2004-2020",Computer Science Applications (Q1); Control and Systems Engineering (Q1); Electrical and Electronic Engineering (Q1)
73,18933,IEEE Transactions on Wireless Communications,journal,15361276,"2,010",Q1,223,644,1621,23133,17040,1619,10.76,35.92,United States,Northern America,Institute of Electrical and Electronics Engineers Inc.,2002-2020,Applied Mathematics (Q1); Computer Science Applications (Q1); Electrical and Electronic Engineering (Q1)
74,23614,Statistics and Computing,journal,"09603174, 15731375","2,009",Q1,77,99,254,4328,1378,253,3.57,43.72,Netherlands,Western Europe,Springer Netherlands,1991-2020,"Computational Theory and Mathematics (Q1); Statistics and Probability (Q1); Statistics, Probability and Uncertainty (Q1); Theoretical Computer Science (Q1)"
75,5100155074,Journal of Chemical Theory and Computation,journal,"15499626, 15499618","2,001",Q1,185,637,1724,48509,11977,1702,6.8,76.15,United States,Northern America,American Chemical Society,2005-2020,Computer Science Applications (Q1); Physical and Theoretical Chemistry (Q1)
76,21100779064,Soft Robotics,journal,21695172,"1,998",Q1,40,64,164,2670,1521,162,8.97,41.72,United States,Northern America,Mary Ann Liebert Inc.,2014-2020,Artificial Intelligence (Q1); Biophysics (Q1); Control and Systems Engineering (Q1)
77,18163,Computers and Geotechnics,journal,"0266352X, 18737633","1,970",Q1,100,476,846,22209,4524,825,4.97,46.66,United Kingdom,Western Europe,Elsevier BV,1985-2020,Computer Science Applications (Q1); Geotechnical Engineering and Engineering Geology (Q1)
78,21100358105,IEEE Transactions on Control of Network Systems,journal,23255870,"1,956",Q1,47,186,385,5915,2216,383,5.12,31.8,United States,Northern America,,2014-2020,Computer Networks and Communications (Q1); Control and Optimization (Q1); Control and Systems Engineering (Q1); Signal Processing (Q1)
79,21100837352,Social Media and Society,journal,20563051,"1,941",Q1,32,178,252,9288,1338,251,4.76,52.18,United Kingdom,Western Europe,SAGE Publications Ltd,2015-2020,Communication (Q1); Computer Science Applications (Q1); Cultural Studies (Q1)
80,12815,Journal of Information Technology,journal,"14664437, 02683962","1,939",Q1,79,32,69,2629,466,58,6.57,82.16,United Kingdom,Western Europe,Palgrave Macmillan Ltd.,1987-2020,Information Systems (Q1); Library and Information Sciences (Q1); Strategy and Management (Q1)
81,19113,IEEE/ASME Transactions on Mechatronics,journal,10834435,"1,935",Q1,132,408,789,10937,5667,779,6.47,26.81,United States,Northern America,Institute of Electrical and Electronics Engineers Inc.,1996-2020,Computer Science Applications (Q1); Control and Systems Engineering (Q1); Electrical and Electronic Engineering (Q1)
82,21100318415,Computational and Structural Biotechnology Journal,journal,20010370,"1,908",Q1,45,357,255,28093,2022,255,7.89,78.69,Sweden,Western Europe,Research Network of Computational and Structural Biotechnology,2012-2020,Biochemistry (Q1); Biophysics (Q1); Biotechnology (Q1); Computer Science Applications (Q1); Genetics (Q1); Structural Biology (Q2)
83,13191,Journal of Computational Physics,journal,"10902716, 00219991","1,882",Q1,256,683,2041,33418,11051,2034,5.52,48.93,United States,Northern America,Academic Press Inc.,1966-2020,Applied Mathematics (Q1); Computational Mathematics (Q1); Computer Science Applications (Q1); Modeling and Simulation (Q1); Numerical Analysis (Q1); Physics and Astronomy (miscellaneous) (Q1)
84,13300154706,Journal of the Association for Information Systems,journal,"15583457, 15369323","1,877",Q1,78,61,143,5525,831,126,5.47,90.57,United States,Northern America,Association for Information Systems,2007-2020,Computer Science Applications (Q1); Information Systems (Q1)
85,4000148905,IEEE Computational Intelligence Magazine,journal,1556603X,"1,834",Q1,56,43,125,1147,1143,77,9.82,26.67,United States,Northern America,Institute of Electrical and Electronics Engineers Inc.,2006-2020,Artificial Intelligence (Q1); Theoretical Computer Science (Q1)
86,23295,Environmental Modelling and Software,journal,13648152,"1,828",Q1,136,223,717,14218,4373,711,5.47,63.76,Netherlands,Western Europe,Elsevier BV,1997-2020,Ecological Modeling (Q1); Environmental Engineering (Q1); Software (Q1)
87,19400158592,Mathematical Programming Computation,journal,"18672949, 18672957","1,806",Q1,36,29,54,1223,451,54,9.18,42.17,Germany,Western Europe,Springer Verlag,2009-2020,Software (Q1); Theoretical Computer Science (Q1)
88,18050,International Journal of Robotics Research,journal,"02783649, 17413176","1,786",Q1,168,108,263,5741,2873,256,9.32,53.16,United States,Northern America,SAGE Publications Inc.,1982-2020,Applied Mathematics (Q1); Artificial Intelligence (Q1); Electrical and Electronic Engineering (Q1); Mechanical Engineering (Q1); Modeling and Simulation (Q1); Software (Q1)
89,13017,Physics of Life Reviews,journal,"18731457, 15710645","1,785",Q1,65,64,318,1829,668,47,2.49,28.58,Netherlands,Western Europe,Elsevier,2004-2020,Agricultural and Biological Sciences (miscellaneous) (Q1); Artificial Intelligence (Q1); Physics and Astronomy (miscellaneous) (Q1)
90,27843,Annual Reviews in Control,journal,13675788,"1,780",Q1,80,55,145,5080,1435,132,9.15,92.36,United Kingdom,Western Europe,Elsevier Ltd.,1996-2020,Control and Systems Engineering (Q1); Software (Q1)
91,72242,International Journal of Computer Vision,journal,"09205691, 15731405","1,780",Q1,199,155,269,9609,3752,259,13.21,61.99,Netherlands,Western Europe,Springer Netherlands,1987-2020,Artificial Intelligence (Q1); Computer Vision and Pattern Recognition (Q1); Software (Q1)
92,25534,IEEE Transactions on Image Processing,journal,10577149,"1,778",Q1,288,701,1359,38286,18352,1355,12.87,54.62,United States,Northern America,Institute of Electrical and Electronics Engineers Inc.,1992-2020,Computer Graphics and Computer-Aided Design (Q1); Software (Q1)
93,12952,"IEEE Transactions on Systems, Man, and Cybernetics Part A:Systems and Humans",journal,10834427,"1,776",Q1,129,1235,108,37868,1234,107,9.26,30.66,United States,Northern America,Institute of Electrical and Electronics Engineers Inc.,1996-2020,Computer Science Applications (Q1); Control and Systems Engineering (Q1); Electrical and Electronic Engineering (Q1); Human-Computer Interaction (Q1); Information Systems (Q1); Software (Q1)
94,21100875801,npj Systems Biology and Applications,journal,20567189,"1,752",Q1,21,33,115,1694,496,115,4.33,51.33,United Kingdom,Western Europe,Nature Publishing Group,2015-2020,"Applied Mathematics (Q1); Biochemistry, Genetics and Molecular Biology (miscellaneous) (Q1); Computer Science Applications (Q1); Drug Discovery (Q1); Modeling and Simulation (Q1)"
95,20972,Journal of Materials Processing Technology,journal,"09240136, 18734774","1,736",Q1,190,408,1369,11521,8479,1367,5.89,28.24,Netherlands,Western Europe,Elsevier BV,1990-2021,Ceramics and Composites (Q1); Computer Science Applications (Q1); Industrial and Manufacturing Engineering (Q1); Metals and Alloys (Q1); Modeling and Simulation (Q1)
96,5800173379,Virtual and Physical Prototyping,journal,"17452767, 17452759","1,727",Q1,44,41,98,2702,908,92,8.52,65.9,United Kingdom,Western Europe,Taylor and Francis Ltd.,2006-2020,Computer Graphics and Computer-Aided Design (Q1); Industrial and Manufacturing Engineering (Q1); Modeling and Simulation (Q1); Signal Processing (Q1)
97,23844,Journal of Combinatorial Theory. Series B,journal,"10960902, 00958956","1,686",Q1,65,90,232,1935,540,232,2.47,21.5,United States,Northern America,Academic Press Inc.,1971-2021,Computational Theory and Mathematics (Q1); Discrete Mathematics and Combinatorics (Q1); Theoretical Computer Science (Q1)
98,23127,Journal of the ACM,journal,"00045411, 1557735X","1,672",Q1,134,38,142,1852,876,129,5.83,48.74,United States,Northern America,Association for Computing Machinery (ACM),1954-2020,Artificial Intelligence (Q1); Control and Systems Engineering (Q1); Hardware and Architecture (Q1); Information Systems (Q1); Software (Q1)
99,21100926541,Information and Inference,journal,20498772,"1,659",Q1,26,27,53,991,284,53,5.11,36.7,United States,Northern America,Oxford University Press,2012-2020,Analysis (Q1); Applied Mathematics (Q1); Computational Theory and Mathematics (Q1); Numerical Analysis (Q1); Statistics and Probability (Q1)
100,9000153105,Nonlinear Analysis: Hybrid Systems,journal,1751570X,"1,658",Q1,56,104,254,4185,1592,253,6.22,40.24,Netherlands,Western Europe,Elsevier BV,2007-2021,Analysis (Q1); Computer Science Applications (Q1); Control and Systems Engineering (Q1)
101,8000153138,Computer Science Review,journal,15740137,"1,646",Q1,44,54,61,7789,891,61,12.49,144.24,Ireland,Western Europe,Elsevier Ireland Ltd,2007-2020,Computer Science (miscellaneous) (Q1); Theoretical Computer Science (Q1)
102,21100466714,International Journal of Educational Technology in Higher Education,journal,23659440,"1,642",Q1,29,55,133,3578,1003,128,6.44,65.05,Netherlands,Western Europe,Springer Netherlands,2016-2020,Computer Science Applications (Q1); Education (Q1); E-learning (Q1)
103,17391,IEEE Transactions on Signal Processing,journal,"19410476, 1053587X","1,638",Q1,270,418,1352,18642,10818,1346,7.53,44.6,United States,Northern America,Institute of Electrical and Electronics Engineers Inc.,1991-2020,Electrical and Electronic Engineering (Q1); Signal Processing (Q1)
104,22140,Mathematics of Operations Research,journal,"15265471, 0364765X","1,619",Q1,83,67,190,2312,783,190,3.83,34.51,United States,Northern America,INFORMS Institute for Operations Research and the Management Sciences,"1976-1989, 1995-2020",Computer Science Applications (Q1); Management Science and Operations Research (Q1); Mathematics (miscellaneous) (Q1)
105,144747,Computer Assisted Language Learning,journal,"17443210, 09588221","1,614",Q1,48,105,164,6168,759,161,3.88,58.74,United Kingdom,Western Europe,Taylor and Francis Ltd.,"1990-1997, 2004-2020",Computer Science Applications (Q1); Language and Linguistics (Q1); Linguistics and Language (Q1)
106,4000149002,IEEE Transactions on Information Forensics and Security,journal,15566013,"1,613",Q1,133,285,704,12518,7218,702,10.45,43.92,United States,Northern America,Institute of Electrical and Electronics Engineers Inc.,2006-2021,"Computer Networks and Communications (Q1); Safety, Risk, Reliability and Quality (Q1)"
107,5100155103,Journal of Informetrics,journal,17511577,"1,605",Q1,76,79,276,3786,1696,245,5.66,47.92,Netherlands,Western Europe,Elsevier BV,2007-2020,Applied Mathematics (Q1); Computer Science Applications (Q1); Library and Information Sciences (Q1); Management Science and Operations Research (Q1); Modeling and Simulation (Q1); Statistics and Probability (Q1)
108,5900153311,IEEE Journal on Selected Topics in Signal Processing,journal,19324553,"1,603",Q1,120,98,343,4753,3617,326,10.37,48.5,United States,Northern America,Institute of Electrical and Electronics Engineers Inc.,2007-2020,Electrical and Electronic Engineering (Q1); Signal Processing (Q1)
109,18378,IEEE Transactions on Intelligent Transportation Systems,journal,"15580016, 15249050","1,591",Q1,153,595,1026,20731,9523,1015,8.41,34.84,United States,Northern America,Institute of Electrical and Electronics Engineers Inc.,2000-2020,Automotive Engineering (Q1); Computer Science Applications (Q1); Mechanical Engineering (Q1)
110,24772,Knowledge-Based Systems,journal,9507051,"1,587",Q1,121,716,1187,36777,11094,1181,9.42,51.36,Netherlands,Western Europe,Elsevier,1987-2020,Artificial Intelligence (Q1); Information Systems and Management (Q1); Management Information Systems (Q1); Software (Q1)
111,27188,Language Learning and Technology,journal,10943501,"1,585",Q1,73,16,90,635,352,87,3.82,39.69,United States,Northern America,University of Hawaii Press,"1997-1998, 2000-2020",Computer Science Applications (Q1); Education (Q1); Language and Linguistics (Q1); Linguistics and Language (Q1)
112,26183,Journal of Computer Assisted Learning,journal,"13652729, 02664909","1,583",Q1,93,86,201,5369,996,199,4.73,62.43,United Kingdom,Western Europe,Wiley-Blackwell Publishing Ltd,1985-2020,Computer Science Applications (Q1); Education (Q1); E-learning (Q1)
113,21100857212,Current Opinion in Systems Biology,journal,24523100,"1,576",Q1,21,43,269,2736,800,239,2.9,63.63,United Kingdom,Western Europe,Elsevier Ltd.,2017-2020,"Applied Mathematics (Q1); Biochemistry, Genetics and Molecular Biology (miscellaneous) (Q1); Computer Science Applications (Q1); Drug Discovery (Q1); Modeling and Simulation (Q1)"
114,17929,BMC Bioinformatics,journal,14712105,"1,567",Q1,208,575,1858,21640,7607,1842,3.51,37.63,United Kingdom,Western Europe,BioMed Central Ltd.,2000-2020,Applied Mathematics (Q1); Biochemistry (Q1); Computer Science Applications (Q1); Molecular Biology (Q2); Structural Biology (Q2)
115,20896,Telematics and Informatics,journal,7365853,"1,567",Q1,66,96,483,6939,3832,438,7.45,72.28,United Kingdom,Western Europe,Elsevier Ltd.,1984-2020,Communication (Q1); Computer Networks and Communications (Q1); Electrical and Electronic Engineering (Q1); Law (Q1)
116,21933,Decision Support Systems,journal,1679236,"1,564",Q1,151,115,342,7152,2672,338,7.04,62.19,Netherlands,Western Europe,Elsevier,1985-2020,Arts and Humanities (miscellaneous) (Q1); Developmental and Educational Psychology (Q1); Information Systems (Q1); Information Systems and Management (Q1); Management Information Systems (Q1)
117,18080,Robotics and Computer-Integrated Manufacturing,journal,7365845,"1,561",Q1,93,139,404,6448,2949,400,7.35,46.39,United Kingdom,Western Europe,Elsevier Ltd.,"1984-1994, 1996-2021",Computer Science Applications (Q1); Control and Systems Engineering (Q1); Industrial and Manufacturing Engineering (Q1); Mathematics (miscellaneous) (Q1); Software (Q1)
118,28540,SIAM Journal on Computing,journal,"00975397, 10957111","1,533",Q1,122,62,198,2814,1101,194,4.81,45.39,United States,Northern America,Society for Industrial and Applied Mathematics Publications,1984-2020,Computer Science (miscellaneous) (Q1); Mathematics (miscellaneous) (Q1)
119,23490,Journal of Scientific Computing,journal,"08857474, 15737691","1,530",Q1,80,261,841,10037,3051,837,3.46,38.46,United States,Northern America,Springer New York,1986-2020,Applied Mathematics (Q1); Computational Mathematics (Q1); Computational Theory and Mathematics (Q1); Engineering (miscellaneous) (Q1); Numerical Analysis (Q1); Software (Q1); Theoretical Computer Science (Q1)
120,15134,Information Sciences,journal,200255,"1,524",Q1,184,928,2184,40007,17554,2168,7.89,43.11,United States,Northern America,Elsevier Inc.,1968-2021,Artificial Intelligence (Q1); Computer Science Applications (Q1); Control and Systems Engineering (Q1); Information Systems and Management (Q1); Software (Q1); Theoretical Computer Science (Q1)
121,23486,Computing and Visualization in Science,journal,"14329360, 14330369","1,519",Q1,44,17,44,674,138,42,3.62,39.65,Germany,Western Europe,Springer Verlag,"1997-2013, 2015-2020",Computational Theory and Mathematics (Q1); Computer Vision and Pattern Recognition (Q1); Engineering (miscellaneous) (Q1); Modeling and Simulation (Q1); Software (Q1); Theoretical Computer Science (Q1)
122,21100934923,IEEE Communications Standards Magazine,journal,24712825,"1,509",Q1,18,47,173,451,782,97,4.23,9.6,United States,Northern America,Institute of Electrical and Electronics Engineers Inc.,2017-2020,"Computer Networks and Communications (Q1); Law (Q1); Management of Technology and Innovation (Q1); Safety, Risk, Reliability and Quality (Q1)"
123,24355,Computers and Operations Research,journal,"03050548, 1873765X","1,506",Q1,152,210,755,9383,3837,746,4.85,44.68,United Kingdom,Western Europe,Elsevier Ltd.,1974-2021,Computer Science (miscellaneous) (Q1); Management Science and Operations Research (Q1); Modeling and Simulation (Q1)
124,21100228068,Wiley Interdisciplinary Reviews: Data Mining and Knowledge Discovery,journal,"19424795, 19424787","1,506",Q1,47,52,107,4054,1347,106,12.82,77.96,United States,Northern America,John Wiley and Sons Inc.,2011-2020,Computer Science (miscellaneous) (Q1)
125,12874,Cognitive Science,journal,"03640213, 15516709","1,498",Q1,114,103,409,6981,1148,394,2.49,67.78,United States,Northern America,Wiley-Blackwell,1977-2020,Artificial Intelligence (Q1); Cognitive Neuroscience (Q1); Experimental and Cognitive Psychology (Q1)
126,24823,Pattern Recognition,journal,313203,"1,492",Q1,210,412,1180,19522,12476,1168,10.35,47.38,United Kingdom,Western Europe,Elsevier Ltd.,1968-2021,Artificial Intelligence (Q1); Computer Vision and Pattern Recognition (Q1); Signal Processing (Q1); Software (Q1)
127,28457,Computational Mechanics,journal,"14320924, 01787675","1,461",Q1,104,161,410,8854,1838,406,4.3,54.99,Germany,Western Europe,Springer Verlag,1986-2020,Applied Mathematics (Q1); Computational Mathematics (Q1); Computational Mechanics (Q1); Computational Theory and Mathematics (Q1); Mechanical Engineering (Q1); Ocean Engineering (Q1)
128,19900192513,Swarm and Evolutionary Computation,journal,22106502,"1,460",Q1,65,100,374,6271,3354,368,8.6,62.71,Netherlands,Western Europe,Elsevier BV,2011-2021,Computer Science (miscellaneous) (Q1); Mathematics (miscellaneous) (Q1)
129,25879,International Journal of Molecular Sciences,journal,"14220067, 16616596","1,455",Q1,162,9786,13259,833161,77153,13098,5.54,85.14,Switzerland,Western Europe,MDPI Multidisciplinary Digital Publishing Institute,2000-2020,Computer Science Applications (Q1); Inorganic Chemistry (Q1); Medicine (miscellaneous) (Q1); Organic Chemistry (Q1); Physical and Theoretical Chemistry (Q1); Spectroscopy (Q1); Catalysis (Q2); Molecular Biology (Q2)
130,28470,Foundations of Computational Mathematics,journal,"16153383, 16153375","1,451",Q1,65,58,122,2565,733,121,5.9,44.22,United States,Northern America,Springer New York,2001-2020,Analysis (Q1); Applied Mathematics (Q1); Computational Mathematics (Q1); Computational Theory and Mathematics (Q1)
131,18171,Computers and Structures,journal,457949,"1,450",Q1,138,135,469,6688,2256,465,4.87,49.54,United Kingdom,Western Europe,Elsevier Ltd.,1971-2021,Civil and Structural Engineering (Q1); Computer Science Applications (Q1); Materials Science (miscellaneous) (Q1); Mechanical Engineering (Q1); Modeling and Simulation (Q1)
132,21100854164,IEEE Transactions on Computational Imaging,journal,23339403,"1,442",Q1,9,67,5,3269,51,5,0,48.79,United States,Northern America,Institute of Electrical and Electronics Engineers Inc.,"2015-2017, 2020",Computational Mathematics (Q1); Computer Science Applications (Q1); Signal Processing (Q1)
133,19080,Computers in Industry,journal,1663615,"1,432",Q1,100,115,323,6926,3165,319,9.96,60.23,Netherlands,Western Europe,Elsevier,1979-2020,Computer Science (miscellaneous) (Q1); Engineering (miscellaneous) (Q1)
134,15074,European Journal of Information Systems,journal,"0960085X, 14769344","1,426",Q1,108,62,112,5339,629,102,4.71,86.11,United Kingdom,Western Europe,Taylor and Francis Ltd.,1995-2020,Information Systems (Q1); Information Systems and Management (Q1); Library and Information Sciences (Q1); Management Information Systems (Q1)
135,21100854831,IEEE Transactions on Cognitive Communications and Networking,journal,23327731,"1,421",Q1,25,127,176,4299,1571,162,6.85,33.85,United States,Northern America,Institute of Electrical and Electronics Engineers Inc.,2015-2020,Artificial Intelligence (Q1); Computer Networks and Communications (Q1); Hardware and Architecture (Q1)
136,18093,Archives of Computational Methods in Engineering,journal,"18861784, 11343060","1,417",Q1,65,166,141,20050,1060,139,6.84,120.78,Netherlands,Western Europe,Springer Netherlands,1994-2020,Applied Mathematics (Q1); Computer Science Applications (Q1)
137,19700188321,Database : the journal of biological databases and curation,journal,17580463,"1,406",Q1,62,131,394,4862,1334,394,3.24,37.11,United Kingdom,Western Europe,Oxford University Press,2009-2020,"Agricultural and Biological Sciences (miscellaneous) (Q1); Biochemistry, Genetics and Molecular Biology (miscellaneous) (Q1); Information Systems (Q1); Medicine (miscellaneous) (Q1)"
138,25040,INFORMS Journal on Computing,journal,"10919856, 15265528","1,403",Q1,80,72,138,2666,411,137,2.83,37.03,United States,Northern America,INFORMS Institute for Operations Research and the Management Sciences,"1996-2001, 2003-2020",Computer Science Applications (Q1); Information Systems (Q1); Management Science and Operations Research (Q1); Software (Q1)
139,18661,Structural and Multidisciplinary Optimization,journal,"16151488, 1615147X","1,402",Q1,117,336,842,15234,4120,838,4.9,45.34,Germany,Western Europe,Springer Verlag,2000-2020,Computer Graphics and Computer-Aided Design (Q1); Computer Science Applications (Q1); Control and Optimization (Q1); Control and Systems Engineering (Q1); Software (Q1)
140,24804,Neural Networks,journal,"08936080, 18792782","1,396",Q1,148,373,580,19774,6106,575,11.02,53.01,United Kingdom,Western Europe,Elsevier Ltd.,1988-2020,Artificial Intelligence (Q1); Cognitive Neuroscience (Q1)
141,28352,Ocean Modelling,journal,"14635003, 14635011","1,380",Q1,84,81,279,4981,1000,279,3.66,61.49,Netherlands,Western Europe,Elsevier BV,"1988, 1994, 1999-2020",Atmospheric Science (Q1); Computer Science (miscellaneous) (Q1); Geotechnical Engineering and Engineering Geology (Q1); Oceanography (Q1)
142,21100780794,Engineering,journal,20958099,"1,376",Q1,45,186,372,9769,3152,324,6.73,52.52,United Kingdom,Western Europe,Elsevier Ltd.,2015-2020,Chemical Engineering (miscellaneous) (Q1); Computer Science (miscellaneous) (Q1); Energy Engineering and Power Technology (Q1); Engineering (miscellaneous) (Q1); Environmental Engineering (Q1); Materials Science (miscellaneous) (Q1)
143,19700167026,IEEE Transactions on Learning Technologies,journal,19391382,"1,376",Q1,47,68,133,3888,709,124,4.35,57.18,United States,Northern America,Institute of Electrical and Electronics Engineers Inc.,2008-2020,Computer Science Applications (Q1); Education (Q1); E-learning (Q1); Engineering (miscellaneous) (Q1)
144,24309,International Journal of Neural Systems,journal,1290657,"1,376",Q1,63,86,169,4800,1031,163,5.86,55.81,Singapore,Asiatic Region,World Scientific Publishing Co. Pte Ltd,"1993-1997, 1999-2020",Computer Networks and Communications (Q1); Medicine (miscellaneous) (Q1)
145,24201,Expert Systems with Applications,journal,9574174,"1,368",Q1,207,770,1945,42314,17345,1943,8.67,54.95,United Kingdom,Western Europe,Elsevier Ltd.,1990-2021,Artificial Intelligence (Q1); Computer Science Applications (Q1); Engineering (miscellaneous) (Q1)
146,20966,"Journal of Manufacturing Science and Engineering, Transactions of the ASME",journal,"10871357, 15288935","1,366",Q1,98,52,599,3147,2122,595,3.38,60.52,United States,Northern America,The American Society of Mechanical Engineers(ASME),1960-2020,Computer Science Applications (Q1); Control and Systems Engineering (Q1); Industrial and Manufacturing Engineering (Q1); Mechanical Engineering (Q1)
147,17393,IEEE Transactions on Vehicular Technology,journal,"00189545, 19399359","1,365",Q1,178,1427,3074,49867,23276,3060,7.8,34.95,United States,Northern America,Institute of Electrical and Electronics Engineers Inc.,1967-2020,Aerospace Engineering (Q1); Applied Mathematics (Q1); Automotive Engineering (Q1); Computer Networks and Communications (Q1); Electrical and Electronic Engineering (Q1)
148,17362,IEEE Transactions on Knowledge and Data Engineering,journal,10414347,"1,360",Q1,174,289,560,8600,5221,540,8.78,29.76,United States,Northern America,IEEE Computer Society,1989-2020,Computational Theory and Mathematics (Q1); Computer Science Applications (Q1); Information Systems (Q1)
149,19600157322,Journal of Cheminformatics,journal,17582946,"1,350",Q1,55,71,208,4232,1361,201,5.69,59.61,United Kingdom,Western Europe,Chemistry Central,2009-2020,Computer Graphics and Computer-Aided Design (Q1); Computer Science Applications (Q1); Library and Information Sciences (Q1); Physical and Theoretical Chemistry (Q1)
150,19700201443,Engineering Applications of Computational Fluid Mechanics,journal,"1997003X, 19942060","1,347",Q1,34,101,171,4154,1425,171,9.55,41.13,United Kingdom,Western Europe,Taylor and Francis Ltd.,"2009, 2011-2020",Computer Science (miscellaneous) (Q1); Modeling and Simulation (Q1)
151,18658,Production Planning and Control,journal,"09537287, 13665871","1,331",Q1,76,219,290,19945,2095,278,6.79,91.07,United Kingdom,Western Europe,Taylor and Francis Ltd.,1990-2020,Computer Science Applications (Q1); Industrial and Manufacturing Engineering (Q1); Management Science and Operations Research (Q1); Strategy and Management (Q1)
152,144889,Journal of Intelligent Transportation Systems,journal,15472450,"1,321",Q1,47,77,133,3347,632,129,4.38,43.47,United Kingdom,Western Europe,Taylor and Francis Ltd.,2004-2020,Aerospace Engineering (Q1); Applied Mathematics (Q1); Automotive Engineering (Q1); Computer Science Applications (Q1); Control and Systems Engineering (Q1); Information Systems (Q1); Software (Q1)
153,13184,Computer Physics Communications,journal,104655,"1,319",Q1,195,262,815,12990,5077,812,6.55,49.58,Netherlands,Western Europe,Elsevier,1969-2021,Hardware and Architecture (Q1); Physics and Astronomy (miscellaneous) (Q1)
154,18164,Computers and Industrial Engineering,journal,3608352,"1,315",Q1,128,641,1567,31833,9597,1557,5.97,49.66,United Kingdom,Western Europe,Elsevier Ltd.,1976-2020,Computer Science (miscellaneous) (Q1); Engineering (miscellaneous) (Q1)
155,26324,Random Structures and Algorithms,journal,"10429832, 10982418","1,314",Q1,69,93,176,2613,440,174,2.15,28.1,United Kingdom,Western Europe,John Wiley and Sons Ltd,1990-2020,Applied Mathematics (Q1); Computer Graphics and Computer-Aided Design (Q1); Mathematics (miscellaneous) (Q1); Software (Q1)
156,19700177034,IEEE Transactions on Affective Computing,journal,19493045,"1,309",Q1,67,142,195,3313,1553,163,8.01,23.33,United States,Northern America,Institute of Electrical and Electronics Engineers Inc.,2010-2020,Human-Computer Interaction (Q1); Software (Q1)
157,18916,Social Science Computer Review,journal,"15528286, 08944393","1,300",Q1,73,95,172,5062,710,168,3.65,53.28,United States,Northern America,SAGE Publications Inc.,1983-2020,Computer Science Applications (Q1); Law (Q1); Library and Information Sciences (Q1); Social Sciences (miscellaneous) (Q1)
158,28040,International Journal of Geographical Information Science,journal,"13658816, 13658824","1,294",Q1,114,144,342,7433,1754,336,4.37,51.62,United Kingdom,Western Europe,Taylor and Francis Ltd.,1997-2020,"Geography, Planning and Development (Q1); Information Systems (Q1); Library and Information Sciences (Q1)"
159,21100256982,IEEE Journal of Biomedical and Health Informatics,journal,"21682208, 21682194","1,293",Q1,125,417,655,15291,5019,638,6.98,36.67,United States,Northern America,Institute of Electrical and Electronics Engineers Inc.,2013-2020,Biotechnology (Q1); Computer Science Applications (Q1); Electrical and Electronic Engineering (Q1); Health Information Management (Q1)
160,24305,International Journal of Intelligent Systems,journal,"1098111X, 08848173","1,291",Q1,87,83,318,4008,2439,314,7.98,48.29,United Kingdom,Western Europe,John Wiley and Sons Ltd,1986-2020,Artificial Intelligence (Q1); Human-Computer Interaction (Q1); Software (Q1); Theoretical Computer Science (Q1)
161,18136,Applied Soft Computing Journal,journal,15684946,"1,290",Q1,143,831,2023,45163,15975,2003,7.71,54.35,Netherlands,Western Europe,Elsevier BV,2001-2020,Software (Q1)
162,18644,Journal of Manufacturing Technology Management,journal,1741038X,"1,290",Q1,70,82,203,6206,1476,198,7.33,75.68,United Kingdom,Western Europe,Emerald Group Publishing Ltd.,2004-2020,Computer Science Applications (Q1); Control and Systems Engineering (Q1); Industrial and Manufacturing Engineering (Q1); Software (Q1); Strategy and Management (Q1)
163,25563,Systems and Control Letters,journal,1676911,"1,289",Q1,137,154,407,4380,1490,406,3.4,28.44,Netherlands,Western Europe,Elsevier,1981-2020,Computer Science (miscellaneous) (Q1); Control and Systems Engineering (Q1); Electrical and Electronic Engineering (Q1); Mechanical Engineering (Q1)
164,21100208044,Policy and Internet,journal,19442866,"1,281",Q1,26,26,63,1765,286,59,3.76,67.88,United Kingdom,Western Europe,John Wiley and Sons Ltd,2012-2020,Computer Science Applications (Q1); Health Policy (Q1); Health (social science) (Q1); Public Administration (Q1)
165,21100367773,IEEE/CAA Journal of Automatica Sinica,journal,"23299266, 23299274","1,277",Q1,41,158,375,6021,2584,350,6.72,38.11,United States,Northern America,IEEE Advancing Technology for Humanity,2014-2020,Artificial Intelligence (Q1); Control and Systems Engineering (Q1); Information Systems (Q1)
166,25038,IEEE Transactions on Mobile Computing,journal,15361233,"1,276",Q1,140,271,680,8734,4581,665,6.79,32.23,United States,Northern America,Institute of Electrical and Electronics Engineers Inc.,2002-2020,Computer Networks and Communications (Q1); Electrical and Electronic Engineering (Q1); Software (Q1)
167,28918,IEEE Transactions on Dependable and Secure Computing,journal,15455971,"1,274",Q1,79,173,275,3678,1769,239,6.77,21.26,United States,Northern America,Institute of Electrical and Electronics Engineers Inc.,2004-2020,Computer Science (miscellaneous) (Q1); Electrical and Electronic Engineering (Q1)
168,21100872828,Foundations and Trends in Programming Languages,journal,"23251107, 23251131","1,272",Q1,9,2,4,154,98,4,5.5,77,United States,Northern America,Now Publishers Inc,2014-2020,Computer Science Applications (Q1); Software (Q1); Theoretical Computer Science (Q1)
169,24363,Journal of Intelligent Manufacturing,journal,"15728145, 09565515","1,271",Q1,79,208,429,10514,2671,424,6.38,50.55,Netherlands,Western Europe,Springer Netherlands,1990-2020,Artificial Intelligence (Q1); Industrial and Manufacturing Engineering (Q1); Software (Q1)
170,12264,Future Generation Computer Systems,journal,0167739X,"1,262",Q1,119,798,1935,36054,16877,1868,9.11,45.18,Netherlands,Western Europe,Elsevier,1984-2021,Computer Networks and Communications (Q1); Hardware and Architecture (Q1); Software (Q1)
171,21101020024,Big Earth Data,journal,"20964471, 25745417","1,254",Q1,13,31,55,1592,299,53,4.02,51.35,United Kingdom,Western Europe,Taylor and Francis Ltd.,2017-2020,Computer Science Applications (Q1); Computers in Earth Sciences (Q1)
172,130080,Journal of Chemical Information and Modeling,journal,"1549960X, 15499596","1,240",Q1,160,605,1003,32563,5272,991,5.02,53.82,United States,Northern America,American Chemical Society,2005-2020,Chemical Engineering (miscellaneous) (Q1); Chemistry (miscellaneous) (Q1); Computer Science Applications (Q1); Library and Information Sciences (Q1)
173,20969,Journal of Machine Learning Research,journal,"15337928, 15324435","1,240",Q1,230,252,545,13524,5322,543,9.03,53.67,United States,Northern America,Microtome Publishing,2001-2020,Artificial Intelligence (Q1); Control and Systems Engineering (Q1); Software (Q1); Statistics and Probability (Q1)
174,13971,Library and Information Science Research,journal,7408188,"1,225",Q1,57,37,104,2143,305,98,2.82,57.92,United Kingdom,Western Europe,Elsevier BV,1987-2020,Information Systems (Q1); Library and Information Sciences (Q1)
175,15107,IEEE Transactions on Information Theory,journal,"00189448, 15579654","1,218",Q1,286,493,1442,17430,7343,1439,5.01,35.35,United States,Northern America,Institute of Electrical and Electronics Engineers Inc.,1963-2020,Computer Science Applications (Q1); Information Systems (Q1); Library and Information Sciences (Q1)
176,16211,IEEE Transactions on Multimedia,journal,15209210,"1,218",Q1,129,364,727,13375,6481,722,8.83,36.74,United States,Northern America,Institute of Electrical and Electronics Engineers Inc.,1999-2020,Computer Science Applications (Q1); Electrical and Electronic Engineering (Q1); Media Technology (Q1); Signal Processing (Q1)
177,30441,Computers and Electronics in Agriculture,journal,1681699,"1,208",Q1,115,648,1300,28725,9479,1298,7.27,44.33,Netherlands,Western Europe,Elsevier,1985-2020,Agronomy and Crop Science (Q1); Animal Science and Zoology (Q1); Computer Science Applications (Q1); Forestry (Q1); Horticulture (Q1)
178,18300156728,IEEE Transactions on Services Computing,journal,19391374,"1,207",Q1,70,141,364,3692,1950,261,4.91,26.18,United States,Northern America,Institute of Electrical and Electronics Engineers Inc.,2008-2020,Computer Networks and Communications (Q1); Computer Science Applications (Q1); Hardware and Architecture (Q1); Information Systems and Management (Q1)
179,21094,Mechanism and Machine Theory,journal,"03741052, 0094114X","1,202",Q1,110,327,841,13195,3831,831,4.58,40.35,United Kingdom,Western Europe,Elsevier Ltd.,1972-2021,Bioengineering (Q1); Computer Science Applications (Q1); Mechanical Engineering (Q1); Mechanics of Materials (Q1)
180,7000153205,Journal of Environmental Informatics,journal,"17262135, 16848799","1,200",Q1,31,22,57,1150,240,57,5.79,52.27,Canada,Northern America,International Society for Environmental Information Sciences,2007-2020,Computer Science Applications (Q1); Decision Sciences (miscellaneous) (Q1); Environmental Science (miscellaneous) (Q1)
181,19700176047,"Cyberpsychology, Behavior, and Social Networking",journal,"21522715, 21522723","1,199",Q1,143,150,411,4604,1464,334,3.21,30.69,United States,Northern America,Mary Ann Liebert Inc.,2010-2020,Applied Psychology (Q1); Communication (Q1); Computer Science Applications (Q1); Human-Computer Interaction (Q1); Medicine (miscellaneous) (Q1); Social Psychology (Q1)
182,24141,Artificial Intelligence Review,journal,"02692821, 15737462","1,195",Q1,78,203,187,20177,1833,187,9.69,99.39,Netherlands,Western Europe,Springer Netherlands,1986-2020,Artificial Intelligence (Q1); Language and Linguistics (Q1); Linguistics and Language (Q1)
183,19900191735,Topics in Cognitive Science,journal,"17568765, 17568757","1,191",Q1,56,80,177,4546,421,137,2.44,56.83,United States,Northern America,Wiley-Blackwell,2009-2020,Artificial Intelligence (Q1); Human-Computer Interaction (Q1); Linguistics and Language (Q1); Cognitive Neuroscience (Q2); Experimental and Cognitive Psychology (Q2)
184,40107,Journal of Combinatorial Theory - Series A,journal,"00973165, 10960899","1,187",Q1,56,121,345,2992,799,345,2.32,24.73,United States,Northern America,Academic Press Inc.,1971-2021,Computational Theory and Mathematics (Q1); Discrete Mathematics and Combinatorics (Q1); Theoretical Computer Science (Q1)
185,15057,Electronic Commerce Research and Applications,journal,15674223,"1,184",Q1,74,108,188,6016,1347,188,7.27,55.7,Netherlands,Western Europe,Elsevier,2002-2020,Computer Networks and Communications (Q1); Computer Science Applications (Q1); Management of Technology and Innovation (Q1); Marketing (Q1)
186,21100815426,Online Learning Journal,journal,24725730,"1,182",Q1,49,59,183,2483,543,169,2.46,42.08,United States,Northern America,The Online Learning Consortium,2015-2020,Computer Networks and Communications (Q1); Education (Q1)
187,18174,Control Engineering Practice,journal,9670661,"1,175",Q1,119,196,615,8010,2779,611,4.42,40.87,United Kingdom,Western Europe,Elsevier Ltd.,1993-2020,Applied Mathematics (Q1); Computer Science Applications (Q1); Control and Systems Engineering (Q1); Electrical and Electronic Engineering (Q1)
188,19700170417,Journal of Information Technology and Politics,journal,"19331681, 1933169X","1,160",Q1,39,38,75,2109,220,68,2.41,55.5,United States,Northern America,Routledge,2008-2020,Computer Science (miscellaneous) (Q1); Public Administration (Q1); Sociology and Political Science (Q1)
189,4700152301,Journal of Field Robotics,journal,"15564967, 15564959","1,152",Q1,96,71,211,3352,1453,203,5.91,47.21,United States,Northern America,John Wiley and Sons Inc.,2006-2020,Computer Science Applications (Q1); Control and Systems Engineering (Q1)
190,29805,ISA Transactions,journal,190578,"1,147",Q1,79,559,892,22562,5669,884,6.08,40.36,United States,Northern America,"ISA - Instrumentation, Systems, and Automation Society",1968-2020,Applied Mathematics (Q1); Computer Science Applications (Q1); Control and Systems Engineering (Q1); Electrical and Electronic Engineering (Q1); Instrumentation (Q1)
191,27277,Journal of Network and Computer Applications,journal,"10958592, 10848045","1,145",Q1,105,187,713,13916,5998,701,8.17,74.42,United States,Northern America,Academic Press Inc.,1996-2020,Computer Networks and Communications (Q1); Computer Science Applications (Q1); Hardware and Architecture (Q1)
192,19700175167,Frontiers in Neuroinformatics,journal,16625196,"1,144",Q1,62,61,243,3203,1093,239,4.76,52.51,Switzerland,Western Europe,Frontiers Media S.A.,2007-2020,Biomedical Engineering (Q1); Computer Science Applications (Q1); Neuroscience (miscellaneous) (Q2)
193,18089,Advances in Engineering Software,journal,"18735339, 09659978","1,136",Q1,80,102,365,5085,2608,360,4.91,49.85,United Kingdom,Western Europe,Elsevier Ltd.,"1980-1986, 1992-2020",Engineering (miscellaneous) (Q1); Software (Q1)
194,21100790723,Computability,journal,"22113576, 22113568","1,136",Q1,12,18,52,395,72,50,1.41,21.94,Netherlands,Western Europe,IOS Press,2012-2020,Artificial Intelligence (Q1); Computational Theory and Mathematics (Q1); Computer Science Applications (Q1); Theoretical Computer Science (Q1)
195,21100976672,IEEE Transactions on Emerging Topics in Computational Intelligence,journal,2471285X,"1,135",Q1,21,90,128,3184,937,116,8.28,35.38,United States,Northern America,Institute of Electrical and Electronics Engineers Inc.,2017-2020,Artificial Intelligence (Q1); Computational Mathematics (Q1); Computer Science Applications (Q1); Control and Optimization (Q1)
196,15136,Information Society,journal,"01972243, 10876537","1,133",Q1,75,25,70,1511,264,67,4.48,60.44,United Kingdom,Western Europe,Taylor and Francis Ltd.,"1981-1990, 1992-2020",Cultural Studies (Q1); Information Systems (Q1); Management Information Systems (Q1); Political Science and International Relations (Q1)
197,21100900379,IEEE Robotics and Automation Letters,journal,23773766,"1,123",Q1,56,894,1423,26057,9565,1419,6.54,29.15,United States,Northern America,Institute of Electrical and Electronics Engineers Inc.,2016-2020,Artificial Intelligence (Q1); Biomedical Engineering (Q1); Computer Science Applications (Q1); Computer Vision and Pattern Recognition (Q1); Control and Optimization (Q1); Control and Systems Engineering (Q1); Human-Computer Interaction (Q1); Mechanical Engineering (Q1)
198,21100791825,Bioprinting,journal,24058866,"1,118",Q1,16,47,51,3190,372,50,6.56,67.87,Netherlands,Western Europe,Elsevier BV,2016-2020,Biomedical Engineering (Q1); Biotechnology (Q1); Computer Science Applications (Q1)
199,21100886529,International Journal of Systems Science: Operations and Logistics,journal,"23302674, 23302682","1,117",Q1,21,52,81,2422,392,80,6.55,46.58,United Kingdom,Western Europe,Taylor and Francis Ltd.,2014-2020,Information Systems (Q1); Information Systems and Management (Q1); Management Information Systems (Q1); Management Science and Operations Research (Q1)
200,23640,Advanced Engineering Informatics,journal,14740346,"1,107",Q1,81,146,295,8184,1973,289,6.41,56.05,United Kingdom,Western Europe,Elsevier Ltd.,2002-2020,Artificial Intelligence (Q1); Information Systems (Q1)
201,24182,Engineering Applications of Artificial Intelligence,journal,9521976,"1,106",Q1,104,358,638,19889,4555,634,7.32,55.56,United Kingdom,Western Europe,Elsevier Ltd.,1988-2020,Artificial Intelligence (Q1); Control and Systems Engineering (Q1); Electrical and Electronic Engineering (Q1)
202,14414,Journal of Process Control,journal,9591524,"1,102",Q1,114,136,413,5639,1820,408,4.39,41.46,United Kingdom,Western Europe,Elsevier Ltd.,1991-2020,Computer Science Applications (Q1); Control and Systems Engineering (Q1); Industrial and Manufacturing Engineering (Q1); Modeling and Simulation (Q1)
203,23715,Science Technology and Human Values,journal,"01622439, 15528251","1,094",Q1,73,76,137,4428,429,125,3.16,58.26,United States,Northern America,SAGE Publications Inc.,1976-2020,Anthropology (Q1); Economics and Econometrics (Q1); Engineering (miscellaneous) (Q1); Human-Computer Interaction (Q1); Philosophy (Q1); Social Sciences (miscellaneous) (Q1); Sociology and Political Science (Q1)
204,28461,Computational Statistics and Data Analysis,journal,1679473,"1,093",Q1,115,168,502,6401,1122,495,2.14,38.1,Netherlands,Western Europe,Elsevier,1983-2021,Applied Mathematics (Q1); Computational Mathematics (Q1); Computational Theory and Mathematics (Q1); Statistics and Probability (Q2)
205,21100906361,IEEE Transactions on Green Communications and Networking,journal,24732400,"1,093",Q1,26,94,232,3741,1433,230,6.06,39.8,United States,Northern America,Institute of Electrical and Electronics Engineers Inc.,2017-2020,"Computer Networks and Communications (Q1); Renewable Energy, Sustainability and the Environment (Q2)"
206,16321,IEEE Transactions on Neural Systems and Rehabilitation Engineering,journal,"15344320, 15580210","1,093",Q1,140,326,742,14338,4245,730,4.92,43.98,United States,Northern America,Institute of Electrical and Electronics Engineers Inc.,2001-2020,Biomedical Engineering (Q1); Computer Science Applications (Q1); Internal Medicine (Q1); Medicine (miscellaneous) (Q1); Rehabilitation (Q1); Neuroscience (miscellaneous) (Q2)
207,18947,User Modeling and User-Adapted Interaction,journal,"15731391, 09241868","1,092",Q1,74,35,50,2157,427,45,7.32,61.63,Netherlands,Western Europe,Springer Netherlands,1991-2020,Computer Science Applications (Q1); Education (Q1); Human-Computer Interaction (Q1)
208,21100788289,Mobile Media and Communication,journal,"20501579, 20501587","1,088",Q1,26,37,67,2230,239,65,3.09,60.27,United States,Northern America,SAGE Publications Inc.,2013-2020,Communication (Q1); Computer Networks and Communications (Q1); Media Technology (Q1)
209,15572,Information Systems Frontiers,journal,"15729419, 13873326","1,086",Q1,66,171,269,12792,1569,253,6.18,74.81,Netherlands,Western Europe,Springer Netherlands,1999-2020,Computer Networks and Communications (Q1); Information Systems (Q1); Software (Q1); Theoretical Computer Science (Q1)
210,24807,Neurocomputing,journal,9252312,"1,085",Q1,143,1653,3586,78823,25554,3535,7.08,47.68,Netherlands,Western Europe,Elsevier,1989-2020,Artificial Intelligence (Q1); Computer Science Applications (Q1); Cognitive Neuroscience (Q2)
211,21100932472,Journal of Learning Analytics,journal,19297750,"1,084",Q1,7,19,29,1062,128,29,4.41,55.89,Australia,Pacific Region,UTS ePress,2019-2020,Computer Science Applications (Q1); Education (Q1)
212,21100823476,Digital Communications and Networks,journal,"23528648, 24685925","1,082",Q1,26,77,105,3226,881,96,8.81,41.9,China,Asiatic Region,Chongqing University of Posts and Telecommunications,2015-2020,Communication (Q1); Computer Networks and Communications (Q1); Hardware and Architecture (Q1)
213,28468,Computers and Mathematics with Applications,journal,8981221,"1,079",Q1,128,416,1384,16755,5143,1367,3.66,40.28,United Kingdom,Western Europe,Elsevier Ltd.,1975-2020,Computational Mathematics (Q1); Computational Theory and Mathematics (Q1); Modeling and Simulation (Q1)
214,21463,International Journal of Health Geographics,journal,1476072X,"1,077",Q1,76,56,121,3031,507,119,3.96,54.13,United Kingdom,Western Europe,BioMed Central Ltd.,2002-2020,"Business, Management and Accounting (miscellaneous) (Q1); Computer Science (miscellaneous) (Q1); Public Health, Environmental and Occupational Health (Q1)"
215,21100338351,IEEE Transactions on Cloud Computing,journal,21687161,"1,075",Q1,49,173,278,3991,1406,223,4.85,23.07,United States,Northern America,Institute of Electrical and Electronics Engineers Inc.,2013-2020,Computer Networks and Communications (Q1); Computer Science Applications (Q1); Hardware and Architecture (Q1); Information Systems (Q1); Software (Q1)
216,21100854641,IEEE Transactions on Signal and Information Processing over Networks,journal,2373776X,"1,069",Q1,30,57,171,2680,859,169,5.21,47.02,United States,Northern America,Institute of Electrical and Electronics Engineers Inc.,2015-2020,Computer Networks and Communications (Q1); Information Systems (Q1); Signal Processing (Q1)
217,5800179620,"Technology, Pedagogy and Education",journal,"17475139, 1475939X","1,064",Q1,34,48,118,2749,390,116,2.8,57.27,United Kingdom,Western Europe,Routledge,2003-2020,Communication (Q1); Computer Science Applications (Q1); Education (Q1); Information Systems (Q1)
218,21100899643,Journal of Computational Physics: X,journal,25900552,"1,062",Q1,7,22,33,1057,116,32,3.52,48.05,United States,Northern America,Elsevier Inc.,2019-2020,Computer Science Applications (Q1); Physics and Astronomy (miscellaneous) (Q1)
219,5800207673,ReCALL,journal,9583440,"1,062",Q1,52,23,64,975,171,57,2.79,42.39,United Kingdom,Western Europe,Cambridge University Press,1989-2020,Computer Science Applications (Q1); Education (Q1); Language and Linguistics (Q1); Linguistics and Language (Q1)
220,18160,Computers and Fluids,journal,457930,"1,061",Q1,107,257,1013,12687,3518,1005,3.44,49.37,United Kingdom,Western Europe,Elsevier Ltd.,1973-2020,Computer Science (miscellaneous) (Q1); Engineering (miscellaneous) (Q1)
221,12689,Information Processing and Management,journal,"18735371, 03064573","1,061",Q1,101,250,303,14602,2449,298,8.01,58.41,United Kingdom,Western Europe,Elsevier Ltd.,1975-2020,Computer Science Applications (Q1); Information Systems (Q1); Library and Information Sciences (Q1); Management Science and Operations Research (Q1); Media Technology (Q1)
222,5100155079,IET Control Theory and Applications,journal,"17518644, 17518652","1,059",Q1,108,368,990,14372,4148,984,3.85,39.05,United Kingdom,Western Europe,Institution of Engineering and Technology,2007-2020,Computer Science Applications (Q1); Control and Optimization (Q1); Control and Systems Engineering (Q1); Electrical and Electronic Engineering (Q1); Human-Computer Interaction (Q1)
223,23706,Journal of Biomedical Informatics,journal,"15320480, 15320464","1,057",Q1,103,203,591,9904,3884,527,7.05,48.79,United States,Northern America,Academic Press Inc.,2001-2020,Computer Science Applications (Q1); Health Informatics (Q1)
224,17223,Journal of Digital Imaging,journal,"1618727X, 08971889","1,055",Q1,58,152,317,5068,1791,305,4.81,33.34,United States,Northern America,Springer New York,1988-2020,"Computer Science Applications (Q1); Radiological and Ultrasound Technology (Q1); Radiology, Nuclear Medicine and Imaging (Q1)"
225,18874,Journal of Educational Computing Research,journal,"15414140, 07356331","1,050",Q1,60,83,181,5087,682,181,3.67,61.29,United States,Northern America,SAGE Publications Inc.,"1990, 1995-2020",Computer Science Applications (Q1); Education (Q1)
226,19700186873,Foundations and Trends in Databases,journal,"19317883, 19317891","1,049",Q1,18,2,5,270,44,5,10,135,United States,Northern America,Now Publishers Inc,"2007, 2009-2013, 2015-2018, 2020",Computer Science (miscellaneous) (Q1)
227,19700200912,CALICO Journal,journal,20569017,"1,048",Q1,34,18,61,553,106,48,0.89,30.72,United States,Northern America,Equinox Publishing Ltd,"1983-1996, 1998-2020",Computer Science Applications (Q1); Education (Q1); Language and Linguistics (Q1); Linguistics and Language (Q1)
228,24286,International Journal of Approximate Reasoning,journal,"0888613X, 18734731","1,039",Q1,97,129,496,6026,2071,475,4.55,46.71,United States,Northern America,Elsevier Inc.,"1974, 1987-2020",Applied Mathematics (Q1); Artificial Intelligence (Q1); Software (Q1); Theoretical Computer Science (Q1)
229,144980,Multiscale Modeling and Simulation,journal,"15403459, 15403467","1,037",Q1,70,57,174,2499,589,174,3.05,43.84,United States,Northern America,Society for Industrial and Applied Mathematics Publications,2003-2020,Chemistry (miscellaneous) (Q1); Computer Science Applications (Q1); Ecological Modeling (Q1); Modeling and Simulation (Q1); Physics and Astronomy (miscellaneous) (Q1)
230,23607,Computerized Medical Imaging and Graphics,journal,"18790771, 08956111","1,033",Q1,76,72,194,3036,1316,188,6.54,42.17,United Kingdom,Western Europe,Elsevier Ltd.,1988-2020,"Computer Graphics and Computer-Aided Design (Q1); Computer Vision and Pattern Recognition (Q1); Health Informatics (Q1); Radiological and Ultrasound Technology (Q1); Radiology, Nuclear Medicine and Imaging (Q1)"
231,9700153238,International Transactions in Operational Research,journal,"09696016, 14753995","1,032",Q1,52,197,298,8543,1115,294,3.75,43.37,Denmark,Western Europe,Blackwell Publishing,1994-2021,Business and International Management (Q1); Computer Science Applications (Q1); Management of Technology and Innovation (Q1); Management Science and Operations Research (Q1); Strategy and Management (Q1)
232,21100791292,Journal of Big Data,journal,21961115,"1,031",Q1,35,103,212,5538,2143,212,11.09,53.77,United Kingdom,Western Europe,Springer Open,2014-2020,Computer Networks and Communications (Q1); Hardware and Architecture (Q1); Information Systems (Q1); Information Systems and Management (Q1)
233,14490,Business and Information Systems Engineering,journal,"18670202, 23637005","1,022",Q1,44,57,145,3006,1069,108,4.68,52.74,Germany,Western Europe,Springer Gabler,2009-2020,Information Systems (Q1)
234,27237,IEEE/ACM Transactions on Networking,journal,10636692,"1,022",Q1,174,187,653,6994,3573,652,5.4,37.4,United States,Northern America,Institute of Electrical and Electronics Engineers Inc.,1993-2020,Computer Networks and Communications (Q1); Computer Science Applications (Q1); Electrical and Electronic Engineering (Q1); Software (Q1)
235,24600,Computers and Chemical Engineering,journal,981354,"1,017",Q1,139,399,1010,19037,4474,1001,4.33,47.71,United Kingdom,Western Europe,Elsevier BV,1977-2020,Chemical Engineering (miscellaneous) (Q1); Computer Science Applications (Q1)
236,21100855984,Advanced Modeling and Simulation in Engineering Sciences,journal,22137467,"1,010",Q1,18,46,49,1966,147,49,3.09,42.74,United Kingdom,Western Europe,Springer Open,2014-2020,Applied Mathematics (Q1); Computer Science Applications (Q1); Engineering (miscellaneous) (Q1); Modeling and Simulation (Q1)
237,17300154988,BioData Mining,journal,17560381,"1,009",Q1,30,20,88,877,353,86,2.4,43.85,United Kingdom,Western Europe,BioMed Central Ltd.,2009-2020,Computational Mathematics (Q1); Computational Theory and Mathematics (Q1); Computer Science Applications (Q1); Biochemistry (Q2); Genetics (Q2); Molecular Biology (Q2)
238,21100970266,IEEE Transactions on Sustainable Computing,journal,23773782,"1,009",Q1,21,67,87,1516,546,83,5.4,22.63,United States,Northern America,Institute of Electrical and Electronics Engineers Inc.,2016-2020,"Computational Theory and Mathematics (Q1); Control and Optimization (Q1); Hardware and Architecture (Q1); Software (Q1); Renewable Energy, Sustainability and the Environment (Q2)"
239,21100791701,Journal of Pathology Informatics,journal,"22295089, 21533539","1,009",Q1,17,15,133,333,412,121,3.23,22.2,India,Asiatic Region,Wolters Kluwer Medknow Publications,"2012, 2016-2020",Computer Science Applications (Q1); Health Informatics (Q1); Pathology and Forensic Medicine (Q1)
240,25535,IEEE Transactions on Visualization and Computer Graphics,journal,10772626,"1,005",Q1,144,345,822,16984,6613,776,8,49.23,United States,Northern America,IEEE Computer Society,1995-2020,Computer Graphics and Computer-Aided Design (Q1); Computer Vision and Pattern Recognition (Q1); Signal Processing (Q1); Software (Q1)
241,27959,Journal of the Franklin Institute,journal,160032,"1,005",Q1,84,651,1405,26737,6737,1397,4.8,41.07,United Kingdom,Western Europe,Elsevier Ltd.,1826-2020,Applied Mathematics (Q1); Computer Networks and Communications (Q1); Control and Systems Engineering (Q1); Signal Processing (Q1)
242,28497,Inverse Problems,journal,2665611,"1,003",Q1,119,237,505,9677,1991,502,3.79,40.83,United Kingdom,Western Europe,IOP Publishing Ltd.,1985-2020,Applied Mathematics (Q1); Computer Science Applications (Q1); Mathematical Physics (Q1); Signal Processing (Q1); Theoretical Computer Science (Q1)
243,21100976127,IEEE Transactions on Intelligent Vehicles,journal,23798858,"0,999",Q1,27,90,136,2450,1005,132,6.72,27.22,United States,Northern America,Institute of Electrical and Electronics Engineers Inc.,2016-2020,Artificial Intelligence (Q1); Automotive Engineering (Q1); Control and Optimization (Q1)
244,24222,Scientometrics,journal,"15882861, 01389130","0,999",Q1,116,438,1083,21217,3775,985,3.3,48.44,Netherlands,Western Europe,Springer Netherlands,1978-2020,Computer Science Applications (Q1); Library and Information Sciences (Q1); Social Sciences (miscellaneous) (Q1)
245,19170,Industrial Management and Data Systems,journal,2635577,"0,994",Q1,103,133,349,9268,1927,345,4.42,69.68,United Kingdom,Western Europe,Emerald Group Publishing Ltd.,1980-2020,Computer Science Applications (Q1); Industrial and Manufacturing Engineering (Q1); Industrial Relations (Q1); Management Information Systems (Q1); Strategy and Management (Q1)
246,13044,ACM Transactions on Database Systems,journal,"15574644, 03625915","0,988",Q1,84,20,55,1057,428,53,3.12,52.85,United States,Northern America,Association for Computing Machinery (ACM),1976-2020,Information Systems (Q1)
247,144945,Networks and Spatial Economics,journal,1566113X,"0,983",Q1,48,38,147,1889,391,145,2.48,49.71,Netherlands,Western Europe,Kluwer Academic Publishers,2005-2020,Artificial Intelligence (Q1); Computer Networks and Communications (Q1); Software (Q1)
248,24140,Artificial Intelligence in Medicine,journal,"09333657, 18732860","0,980",Q1,87,165,245,9065,1746,237,6.69,54.94,Netherlands,Western Europe,Elsevier,1989-2020,Artificial Intelligence (Q1); Medicine (miscellaneous) (Q1)
249,28535,Networks,journal,"10970037, 00283045","0,977",Q1,64,72,170,2275,462,153,2.97,31.6,United States,Northern America,Wiley-Liss Inc.,1971-2020,Computer Networks and Communications (Q1); Hardware and Architecture (Q1); Information Systems (Q1); Software (Q1)
250,6700153291,BMC Systems Biology,journal,17520509,"0,976",Q1,84,0,324,0,933,319,2.77,0,United Kingdom,Western Europe,BioMed Central Ltd.,2007-2019,Applied Mathematics (Q1); Computer Science Applications (Q1); Modeling and Simulation (Q1); Structural Biology (Q2); Molecular Biology (Q3)
251,13579,Data Mining and Knowledge Discovery,journal,"13845810, 1573756X","0,975",Q1,104,60,180,3021,1254,174,6.33,50.35,Netherlands,Western Europe,Springer Netherlands,1997-2020,Computer Networks and Communications (Q1); Computer Science Applications (Q1); Information Systems (Q1)
252,19700166602,ACM Transactions on Computation Theory,journal,"19423454, 19423462","0,973",Q1,17,27,63,996,152,63,2.43,36.89,United States,Northern America,Association for Computing Machinery (ACM),2009-2020,Computational Theory and Mathematics (Q1); Theoretical Computer Science (Q1)
253,28455,Computational Complexity,journal,"14208954, 10163328","0,973",Q1,39,8,58,183,189,58,2.97,22.88,Switzerland,Western Europe,Birkhauser Verlag Basel,"1991-1996, 1998-2020",Computational Mathematics (Q1); Computational Theory and Mathematics (Q1); Mathematics (miscellaneous) (Q1); Theoretical Computer Science (Q1)
254,18300156719,Journal of Building Performance Simulation,journal,"19401507, 19401493","0,972",Q1,40,52,135,2643,446,132,2.97,50.83,United Kingdom,Western Europe,Taylor and Francis Ltd.,2008-2020,Architecture (Q1); Building and Construction (Q1); Computer Science Applications (Q1); Modeling and Simulation (Q1)
255,21100220156,Journal of Hospitality and Tourism Technology,journal,"17579880, 17579899","0,969",Q1,31,40,112,2535,526,108,4.64,63.38,United Kingdom,Western Europe,Emarald Group Publishing Ltd,2010-2020,"Computer Science Applications (Q1); Information Systems (Q1); Tourism, Leisure and Hospitality Management (Q1)"
256,19700200832,"Technology, Knowledge and Learning",journal,"22111662, 22111670","0,969",Q1,20,81,101,4908,347,96,3.35,60.59,United States,Northern America,Springer Science + Business Media,2011-2020,Computational Theory and Mathematics (Q1); Computer Science Applications (Q1); Education (Q1); Engineering (miscellaneous) (Q1); Human-Computer Interaction (Q1); Mathematics (miscellaneous) (Q1); Theoretical Computer Science (Q1)
257,13675,Communications of the ACM,journal,"15577317, 00010782","0,967",Q1,214,266,849,2801,4350,475,3.51,10.53,United States,Northern America,Association for Computing Machinery (ACM),1958-2020,Computer Science (miscellaneous) (Q1)
258,21100241736,Transportmetrica B,journal,"21680582, 21680566","0,965",Q1,22,27,129,1139,418,123,3.44,42.19,United Kingdom,Western Europe,Taylor and Francis Ltd.,2013-2020,Modeling and Simulation (Q1); Software (Q1); Transportation (Q2)
259,23675,Artificial Intelligence,journal,43702,"0,960",Q1,154,99,230,5600,1635,228,7.11,56.57,Netherlands,Western Europe,Elsevier,1970-2020,Artificial Intelligence (Q1); Language and Linguistics (Q1); Linguistics and Language (Q1)
260,18189,Finite Elements in Analysis and Design,journal,0168874X,"0,960",Q1,78,46,216,2149,721,214,3.06,46.72,Netherlands,Western Europe,Elsevier,1985-2020,Analysis (Q1); Applied Mathematics (Q1); Computer Graphics and Computer-Aided Design (Q1); Engineering (miscellaneous) (Q1)
261,21101019393,IEEE Transactions on Big Data,journal,23327790,"0,959",Q1,6,71,9,998,37,8,4.11,14.06,United States,Northern America,Institute of Electrical and Electronics Engineers Inc.,2020,Information Systems (Q1); Information Systems and Management (Q1)
262,18016,Autonomous Robots,journal,"15737527, 09295593","0,948",Q1,115,88,314,3507,1808,306,5.19,39.85,Netherlands,Western Europe,Springer Netherlands,1994-2020,Artificial Intelligence (Q1)
263,28070,Combinatorics Probability and Computing,journal,"09635483, 14692163","0,948",Q1,56,48,164,1145,294,161,1.74,23.85,United Kingdom,Western Europe,Cambridge University Press,1992-2020,Applied Mathematics (Q1); Computational Theory and Mathematics (Q1); Theoretical Computer Science (Q1); Statistics and Probability (Q2)
264,20428,International Journal of Advanced Manufacturing Technology,journal,"02683768, 14333015","0,946",Q1,124,1745,5727,64503,20499,5713,3.55,36.96,United Kingdom,Western Europe,Springer London,1985-2020,Computer Science Applications (Q1); Control and Systems Engineering (Q1); Industrial and Manufacturing Engineering (Q1); Mechanical Engineering (Q1); Software (Q1)
265,21100199855,Proceedings of the VLDB Endowment,journal,21508097,"0,946",Q1,134,246,598,12401,3759,566,5.5,50.41,United States,Northern America,,2008-2020,Computer Science (miscellaneous) (Q1)
266,7200153156,IEEE Transactions on Network and Service Management,journal,19324537,"0,945",Q1,51,236,330,8284,2027,328,5.91,35.1,United States,Northern America,Institute of Electrical and Electronics Engineers Inc.,2004-2020,Computer Networks and Communications (Q1); Electrical and Electronic Engineering (Q1)
267,26803,Journal of Pragmatics,journal,3782166,"0,942",Q1,93,170,493,9387,837,460,1.53,55.22,Netherlands,Western Europe,Elsevier,1977-2020,Artificial Intelligence (Q1); Language and Linguistics (Q1); Linguistics and Language (Q1)
268,21096,Mechatronics,journal,9574158,"0,940",Q1,90,82,364,3185,1608,361,4.35,38.84,United Kingdom,Western Europe,Elsevier Ltd.,1991-2020,Computer Science Applications (Q1); Control and Systems Engineering (Q1); Electrical and Electronic Engineering (Q1); Mechanical Engineering (Q1)
269,79036,Pacific Symposium on Biocomputing. Pacific Symposium on Biocomputing,journal,23356936,"0,940",Q1,73,69,166,2017,410,162,2.36,29.23,Singapore,Asiatic Region,,1996-2020,Computational Theory and Mathematics (Q1); Biomedical Engineering (Q2)
270,18534,International Journal for Numerical Methods in Fluids,journal,"10970363, 02712091","0,938",Q1,112,113,292,5072,803,291,2.87,44.88,United Kingdom,Western Europe,John Wiley and Sons Ltd,1981-2020,Applied Mathematics (Q1); Computational Mechanics (Q1); Computer Science Applications (Q1); Mechanical Engineering (Q1); Mechanics of Materials (Q1)
271,110327,Computers and Geosciences,journal,983004,"0,936",Q1,123,143,498,6497,1923,491,3.62,45.43,United Kingdom,Western Europe,Elsevier Ltd.,1975-2020,Computers in Earth Sciences (Q1); Information Systems (Q1)
272,18643,Journal of Computing in Civil Engineering,journal,8873801,"0,936",Q1,73,72,233,3811,1137,233,5.44,52.93,United States,Northern America,American Society of Civil Engineers (ASCE),1987-2020,Civil and Structural Engineering (Q1); Computer Science Applications (Q1)
273,21100810702,Animal Biotelemetry,journal,20503385,"0,935",Q1,22,33,72,1559,197,69,2.36,47.24,United Kingdom,Western Europe,BioMed Central Ltd.,2013-2020,Animal Science and Zoology (Q1); Computer Networks and Communications (Q1); Instrumentation (Q1); Signal Processing (Q1)
274,18896,IEEE Communications Letters,journal,10897798,"0,929",Q1,148,713,1875,9542,9167,1873,5.02,13.38,United States,Northern America,Institute of Electrical and Electronics Engineers Inc.,1997-2020,Computer Science Applications (Q1); Electrical and Electronic Engineering (Q1); Modeling and Simulation (Q1)
275,23987,Neuroinformatics,journal,"15392791, 15590089","0,929",Q1,59,48,112,2329,460,98,4.63,48.52,United States,Northern America,Humana Press,2003-2020,Information Systems (Q1); Software (Q1); Neuroscience (miscellaneous) (Q3)
276,19600156811,International Journal of Artificial Intelligence in Education,journal,"15604292, 15604306","0,926",Q1,49,41,69,2851,295,66,4.33,69.54,United States,Northern America,Springer US,"2000, 2003-2020",Computational Theory and Mathematics (Q1); Education (Q1); E-learning (Q1)
277,23604,Computer Methods and Programs in Biomedicine,journal,"01692607, 18727565","0,924",Q1,102,538,789,23721,4743,753,6.27,44.09,Ireland,Western Europe,Elsevier Ireland Ltd,1985-2020,Computer Science Applications (Q1); Software (Q1); Health Informatics (Q2)
278,145681,Interactive Learning Environments,journal,10494820,"0,919",Q1,44,259,378,12416,1205,351,2.87,47.94,United Kingdom,Western Europe,Taylor and Francis Ltd.,"1990, 1992-1994, 2004-2020",Computer Science Applications (Q1); Education (Q1); E-learning (Q1)
279,19700201037,CoDesign,journal,"15710882, 17453755","0,916",Q1,25,36,79,1499,192,71,1.89,41.64,United Kingdom,Western Europe,Taylor and Francis Ltd.,2010-2020,Architecture (Q1); Computer Graphics and Computer-Aided Design (Q1); Visual Arts and Performing Arts (Q1)
280,21100368801,IEEE/ACM Transactions on Audio Speech and Language Processing,journal,"23299304, 23299290","0,916",Q1,56,245,563,12277,4218,560,7.57,50.11,United States,Northern America,IEEE Advancing Technology for Humanity,2014-2020,Acoustics and Ultrasonics (Q1); Computational Mathematics (Q1); Computer Science (miscellaneous) (Q1); Electrical and Electronic Engineering (Q1); Instrumentation (Q1); Media Technology (Q1); Signal Processing (Q1); Speech and Hearing (Q1)
281,21100397403,EPJ Data Science,journal,21931127,"0,915",Q1,34,35,117,1768,689,114,5.08,50.51,United States,Northern America,Springer Science + Business Media,2012-2020,Computer Science Applications (Q1); Modeling and Simulation (Q1); Computational Mathematics (Q2)
282,19700190323,ACM Transactions on Intelligent Systems and Technology,journal,"21576912, 21576904","0,914",Q1,63,70,199,4144,1489,192,9.8,59.2,United States,Northern America,Association for Computing Machinery (ACM),2010-2020,Artificial Intelligence (Q1); Theoretical Computer Science (Q1)
283,20979,"Journal of Mechanical Design, Transactions Of the ASME",journal,"10500472, 07380666","0,911",Q1,120,95,413,4497,1566,403,3.66,47.34,United States,Northern America,The American Society of Mechanical Engineers(ASME),1978-2020,Computer Graphics and Computer-Aided Design (Q1); Computer Science Applications (Q1); Mechanical Engineering (Q1); Mechanics of Materials (Q1)
284,36450,Design Studies,journal,0142694X,"0,910",Q1,92,33,152,2255,565,142,2.82,68.33,United Kingdom,Western Europe,Elsevier Ltd.,1979-2020,Architecture (Q1); Artificial Intelligence (Q1); Arts and Humanities (miscellaneous) (Q1); Computer Science Applications (Q1); Engineering (miscellaneous) (Q1); Social Sciences (miscellaneous) (Q1)
285,25548,Signal Processing,journal,1651684,"0,907",Q1,136,415,1060,16747,5800,1057,5.3,40.35,Netherlands,Western Europe,Elsevier,1979-2021,Computer Vision and Pattern Recognition (Q1); Control and Systems Engineering (Q1); Electrical and Electronic Engineering (Q1); Signal Processing (Q1); Software (Q1)
286,27856,BIT Numerical Mathematics,journal,"15729125, 00063835","0,904",Q1,59,48,141,1435,301,138,2.1,29.9,Netherlands,Western Europe,Springer Netherlands,"1992, 1995-2020",Applied Mathematics (Q1); Computer Networks and Communications (Q1); Software (Q1); Computational Mathematics (Q2)
287,21100307484,Journal of the Association for Information Science and Technology,journal,"23301643, 23301635","0,903",Q1,145,132,449,7604,1587,431,3.11,57.61,United Kingdom,Western Europe,John Wiley and Sons Ltd,2014-2020,Computer Networks and Communications (Q1); Information Systems (Q1); Information Systems and Management (Q1); Library and Information Sciences (Q1)
288,26529,Fuzzy Sets and Systems,journal,1650114,"0,902",Q1,169,333,570,11642,2262,560,3.72,34.96,Netherlands,Western Europe,Elsevier,1978-2020,Artificial Intelligence (Q1); Logic (Q1)
289,2600147402,Ethics and Information Technology,journal,13881957,"0,901",Q1,52,64,87,3003,364,71,4.58,46.92,Netherlands,Western Europe,Springer Netherlands,1999-2020,Computer Science Applications (Q1); Library and Information Sciences (Q1)
290,26445,European Journal of Combinatorics,journal,"10959971, 01956698","0,899",Q1,53,126,406,2538,648,402,1.58,20.14,United States,Northern America,Academic Press Inc.,1980-2021,Computational Theory and Mathematics (Q1); Discrete Mathematics and Combinatorics (Q1); Theoretical Computer Science (Q1); Geometry and Topology (Q2)
291,25862,"Designs, Codes, and Cryptography",journal,"09251022, 15737586","0,898",Q1,61,137,479,3530,1008,470,2.3,25.77,Netherlands,Western Europe,Springer Netherlands,1991-2020,Computer Science Applications (Q1); Discrete Mathematics and Combinatorics (Q1); Theoretical Computer Science (Q1); Applied Mathematics (Q2)
292,6700153282,International Journal of Web and Grid Services,journal,"17411106, 17411114","0,898",Q1,26,21,62,609,443,59,10.92,29,United Kingdom,Western Europe,Inderscience Enterprises Ltd,"2005-2014, 2020",Computer Networks and Communications (Q1); Software (Q1)
293,29859,Smart Materials and Structures,journal,"09641726, 1361665X","0,898",Q1,154,525,1410,22194,5510,1404,3.74,42.27,United Kingdom,Western Europe,IOP Publishing Ltd.,1992-2020,"Atomic and Molecular Physics, and Optics (Q1); Civil and Structural Engineering (Q1); Condensed Matter Physics (Q1); Electrical and Electronic Engineering (Q1); Materials Science (miscellaneous) (Q1); Mechanics of Materials (Q1); Signal Processing (Q1)"
294,21100220372,International Journal of Mobile Learning and Organisation,journal,"17467268, 1746725X","0,896",Q1,23,30,61,1473,264,54,4.45,49.1,Switzerland,Western Europe,Inderscience Publishers,"2007, 2011-2014, 2018, 2020",Computer Science Applications (Q1); Education (Q1); E-learning (Q1)
295,25397,Dianli Xitong Zidonghua/Automation of Electric Power Systems,journal,10001026,"0,895",Q1,88,561,1813,15672,6432,1813,3.7,27.94,China,Asiatic Region,Automation of Electric Power Systems Press,1996-2020,Computer Science Applications (Q1); Control and Systems Engineering (Q1); Electrical and Electronic Engineering (Q1); Energy Engineering and Power Technology (Q1)
296,144702,Virtual Reality,journal,13594338,"0,894",Q1,45,90,80,4547,524,78,5.33,50.52,United Kingdom,Western Europe,Springer London,"1995, 1998-2000, 2002, 2004-2020",Computer Graphics and Computer-Aided Design (Q1); Human-Computer Interaction (Q1); Software (Q1)
297,17957,Computers in Biology and Medicine,journal,"00104825, 18790534","0,884",Q1,94,383,936,19977,5223,923,5.59,52.16,United Kingdom,Western Europe,Elsevier Ltd.,1970-2020,Computer Science Applications (Q1); Health Informatics (Q2)
298,18198,International Journal of Computer Integrated Manufacturing,journal,"0951192X, 13623052","0,884",Q1,55,95,276,4106,1097,267,3.7,43.22,United Kingdom,Western Europe,Taylor and Francis Ltd.,1988-2020,Aerospace Engineering (Q1); Computer Science Applications (Q1); Electrical and Electronic Engineering (Q1); Industrial and Manufacturing Engineering (Q1); Mechanical Engineering (Q1)
299,19600166036,International Journal of Artificial Intelligence,journal,9740635,"0,883",Q1,26,27,67,830,235,64,3.91,30.74,India,Asiatic Region,Indian Society for Development and Environment Research,2009-2020,Artificial Intelligence (Q1)
300,21100902642,International Journal of Computational Intelligence in Control,journal,9748571,"0,881",Q1,4,6,12,609,106,12,8.83,101.5,India,Asiatic Region,Muk Publications and Distributions,2018-2019,Artificial Intelligence (Q1); Computational Mechanics (Q1); Computer Science Applications (Q1); Information Systems and Management (Q1); Biotechnology (Q2)
301,21100853527,Brain Informatics,journal,"21984018, 21984026","0,877",Q1,19,20,49,1263,306,49,6.38,63.15,Germany,Western Europe,Springer Berlin,2014-2020,Computer Science Applications (Q1); Neurology (Q2); Cognitive Neuroscience (Q3)
302,20541,Computational Materials Science,journal,9270256,"0,877",Q1,119,626,1906,31395,6878,1902,3.54,50.15,Netherlands,Western Europe,Elsevier,"1970, 1992-2021",Chemistry (miscellaneous) (Q1); Computer Science (miscellaneous) (Q1); Materials Science (miscellaneous) (Q1); Mechanics of Materials (Q1); Physics and Astronomy (miscellaneous) (Q1); Computational Mathematics (Q2)
303,21100285028,IEEE Transactions on Human-Machine Systems,journal,21682291,"0,873",Q1,123,60,233,2934,1282,231,4.52,48.9,United States,Northern America,"IEEE Systems, Man, and Cybernetics Society",2013-2020,Artificial Intelligence (Q1); Computer Networks and Communications (Q1); Computer Science Applications (Q1); Control and Systems Engineering (Q1); Human-Computer Interaction (Q1); Human Factors and Ergonomics (Q1); Signal Processing (Q1)
304,19600156814,Cryptography and Communications,journal,"19362447, 19362455","0,871",Q1,19,78,200,1819,355,194,1.73,23.32,United States,Northern America,Springer Publishing Company,2009-2020,Computational Theory and Mathematics (Q1); Computer Networks and Communications (Q1); Applied Mathematics (Q2)
305,28469,Discrete Optimization,journal,15725286,"0,865",Q1,38,32,103,903,193,101,1.72,28.22,Netherlands,Western Europe,Elsevier,2004-2020,Computational Theory and Mathematics (Q1); Applied Mathematics (Q2); Theoretical Computer Science (Q2)
306,11300153734,IEEE Systems Journal,journal,"19379234, 19328184","0,864",Q1,76,624,1025,19183,5190,1001,4.63,30.74,United States,Northern America,Institute of Electrical and Electronics Engineers Inc.,2007-2020,Computer Networks and Communications (Q1); Computer Science Applications (Q1); Control and Systems Engineering (Q1); Electrical and Electronic Engineering (Q1); Information Systems (Q1)
307,21100269620,Semantic Web,journal,"15700844, 22104968","0,862",Q1,45,55,140,3058,911,135,4.35,55.6,Netherlands,Western Europe,IOS Press,2010-2020,Computer Networks and Communications (Q1); Computer Science Applications (Q1); Information Systems (Q1)
308,28898,Computers and Security,journal,1674048,"0,861",Q1,92,321,559,17204,3843,550,6.75,53.6,United Kingdom,Western Europe,Elsevier Ltd.,1982-2020,Computer Science (miscellaneous) (Q1); Law (Q1)
309,88345,Journal of Global Optimization,journal,"09255001, 15732916","0,861",Q1,86,131,372,4936,995,366,2.54,37.68,Netherlands,Western Europe,Springer Netherlands,1991-2020,Computer Science Applications (Q1); Control and Optimization (Q1); Applied Mathematics (Q2); Management Science and Operations Research (Q2)
310,19400158515,Cognitive Computation,journal,"18669964, 18669956","0,860",Q1,52,101,219,5434,1306,214,5.63,53.8,United States,Northern America,Springer New York,2009-2020,Computer Science Applications (Q1); Computer Vision and Pattern Recognition (Q1); Cognitive Neuroscience (Q3)
311,19600161828,Public Transport,journal,"16137159, 1866749X","0,860",Q1,27,31,80,1337,259,78,3.35,43.13,Germany,Western Europe,Springer Verlag,2009-2020,Information Systems (Q1); Mechanical Engineering (Q1); Management Science and Operations Research (Q2); Transportation (Q2)
312,15688,Journal of Information Systems,journal,"08887985, 15587959","0,859",Q1,33,34,69,2411,214,66,1.53,70.91,United States,Northern America,American Accounting Association,"1991, 2009-2020",Human-Computer Interaction (Q1); Information Systems (Q1); Information Systems and Management (Q1); Management Information Systems (Q1); Management of Technology and Innovation (Q1); Software (Q1); Accounting (Q2)
313,5800179604,Algorithms for Molecular Biology,journal,17487188,"0,858",Q1,34,17,68,604,159,68,2.34,35.53,United Kingdom,Western Europe,BioMed Central Ltd.,2006-2020,Computational Theory and Mathematics (Q1); Applied Mathematics (Q2); Molecular Biology (Q3); Structural Biology (Q3)
314,14789,Information Technology for Development,journal,"15540170, 02681102","0,858",Q1,36,65,99,5392,466,88,4.25,82.95,United Kingdom,Western Europe,Taylor and Francis Ltd.,"1986-1990, 1995-1996, 1998-2000, 2003, 2008-2020",Computer Science Applications (Q1); Development (Q1); E-learning (Q1); Public Administration (Q1)
315,18711,IEEE Transactions on Software Engineering,journal,985589,"0,857",Q1,169,111,235,3927,1984,217,7.77,35.38,United States,Northern America,Institute of Electrical and Electronics Engineers Inc.,1975-2020,Software (Q1)
316,13880,Artificial Intelligence and Law,journal,"09248463, 15728382","0,856",Q1,37,28,50,1288,251,46,3.52,46,Netherlands,Western Europe,Springer Netherlands,"1992-1993, 1995-2020",Artificial Intelligence (Q1); Law (Q1)
317,19202,"Mathematics of Control, Signals, and Systems",journal,"09324194, 1435568X","0,856",Q1,39,20,61,752,143,61,2.28,37.6,United Kingdom,Western Europe,Springer London,1988-2020,Control and Optimization (Q1); Control and Systems Engineering (Q1); Signal Processing (Q1); Applied Mathematics (Q2)
318,4400151506,Eurasip Journal on Bioinformatics and Systems Biology,journal,"16874153, 16874145","0,855",Q1,20,0,6,0,20,6,0,0,Germany,Western Europe,Springer Open,2006-2017,"Computer Science Applications (Q1); Computer Science (miscellaneous) (Q1); Multidisciplinary (Q1); Signal Processing (Q1); Biochemistry, Genetics and Molecular Biology (miscellaneous) (Q2); Computational Mathematics (Q2); Medicine (miscellaneous) (Q2); Statistics and Probability (Q2)"
319,24161,Computer Vision and Image Understanding,journal,"10773142, 1090235X","0,854",Q1,138,93,346,5085,2376,338,6.86,54.68,United States,Northern America,Academic Press Inc.,1993-2021,Computer Vision and Pattern Recognition (Q1); Signal Processing (Q1); Software (Q1)
320,14523,Multibody System Dynamics,journal,"13845640, 1573272X","0,852",Q1,63,63,171,2682,505,165,3.21,42.57,Netherlands,Western Europe,Springer Netherlands,1997-2020,Aerospace Engineering (Q1); Computer Science Applications (Q1); Control and Optimization (Q1); Mechanical Engineering (Q1); Modeling and Simulation (Q1)
321,16215,International Journal of Numerical Methods for Heat and Fluid Flow,journal,9615539,"0,850",Q1,52,157,756,6989,2741,745,3.85,44.52,United Kingdom,Western Europe,Emerald Group Publishing Ltd.,1991-2020,Computer Science Applications (Q1); Mechanical Engineering (Q1); Mechanics of Materials (Q1); Applied Mathematics (Q2)
322,19600157911,Electronic Markets,journal,"14228890, 10196781","0,847",Q1,35,89,124,6761,665,98,4.61,75.97,Germany,Western Europe,Springer Verlag,2009-2020,Business and International Management (Q1); Computer Science Applications (Q1); Management of Technology and Innovation (Q1); Economics and Econometrics (Q2); Marketing (Q2)
323,21100258404,Applied Clinical Informatics,journal,18690327,"0,840",Q1,27,98,296,3328,699,284,2.29,33.96,Germany,Western Europe,Georg Thieme Verlag,2009-2020,Computer Science Applications (Q1); Health Informatics (Q2); Health Information Management (Q2)
324,20870,Telecommunications Policy,journal,3085961,"0,840",Q1,69,87,224,5352,831,212,3.51,61.52,United Kingdom,Western Europe,Elsevier Ltd.,1976-2020,Electrical and Electronic Engineering (Q1); Human Factors and Ergonomics (Q1); Information Systems (Q1)
325,19700183047,ACM Transactions on Computing Education,journal,19466226,"0,837",Q1,32,24,88,1708,392,87,3.45,71.17,United States,Northern America,Association for Computing Machinery (ACM),2010-2020,Computer Science (miscellaneous) (Q1); Education (Q1)
326,17900156735,Journal of Optical Communications and Networking,journal,19430620,"0,835",Q1,65,87,427,2890,2414,426,6.15,33.22,United States,Northern America,Institute of Electrical and Electronics Engineers Inc.,2009-2020,Computer Networks and Communications (Q1)
327,18300156720,IEEE Intelligent Transportation Systems Magazine,journal,"19411197, 19391390","0,831",Q1,42,125,204,1584,829,150,2.97,12.67,United States,Northern America,Institute of Electrical and Electronics Engineers Inc.,2009-2020,Automotive Engineering (Q1); Computer Science Applications (Q1); Mechanical Engineering (Q1)
328,19700201422,Computer Science Education,journal,"17445175, 08993408","0,830",Q1,32,31,55,1528,188,47,2.45,49.29,United Kingdom,Western Europe,Taylor and Francis Ltd.,"1988-1995, 1999, 2002, 2004-2020",Computer Science (miscellaneous) (Q1); Education (Q1)
329,21100211117,Communications in Applied Mathematics and Computational Science,journal,"15593940, 21575452","0,827",Q1,24,6,25,214,33,25,1.3,35.67,United States,Northern America,Mathematical Sciences Publishers,2006-2020,Computational Theory and Mathematics (Q1); Computer Science Applications (Q1); Applied Mathematics (Q2)
330,21100228541,International Journal of Child-Computer Interaction,journal,22128689,"0,825",Q1,22,21,96,1003,333,91,3.87,47.76,Netherlands,Western Europe,Elsevier BV,2013-2020,Education (Q1); Human-Computer Interaction (Q1)
331,17400154829,Memetic Computing,journal,"18659284, 18659292","0,825",Q1,31,20,102,699,492,88,5.42,34.95,Germany,Western Europe,Springer Verlag,2009-2020,Computer Science (miscellaneous) (Q1); Control and Optimization (Q1)
332,21101019738,Human Behavior and Emerging Technologies,journal,25781863,"0,823",Q1,8,32,40,1737,178,36,4.45,54.28,United States,Northern America,John Wiley and Sons Inc.,2020,Human-Computer Interaction (Q1); Social Sciences (miscellaneous) (Q1); Social Psychology (Q2)
333,28888,Computer Law and Security Review,journal,2673649,"0,815",Q1,38,66,242,1245,707,223,3.39,18.86,United Kingdom,Western Europe,Elsevier Ltd.,1985-2020,"Business, Management and Accounting (miscellaneous) (Q1); Computer Networks and Communications (Q1); Law (Q1)"
334,17316,IEEE Signal Processing Letters,journal,"10709908, 15582361","0,815",Q1,138,381,1094,10344,5598,1092,4.68,27.15,United States,Northern America,Institute of Electrical and Electronics Engineers Inc.,1994-2020,Electrical and Electronic Engineering (Q1); Signal Processing (Q1); Applied Mathematics (Q2)
335,9000153101,Foundations and Trends in Human-Computer Interaction,journal,"15513963, 15513955","0,813",Q1,25,3,9,524,104,9,9,174.67,United States,Northern America,Now Publishers Inc,2007-2020,Computer Science Applications (Q1); Human-Computer Interaction (Q1)
336,19700187627,International Journal of Digital Earth,journal,"17538955, 17538947","0,813",Q1,46,102,222,5710,811,210,3.31,55.98,United Kingdom,Western Europe,Taylor and Francis Ltd.,2008-2020,Computer Science Applications (Q1); Earth and Planetary Sciences (miscellaneous) (Q1); Software (Q1)
337,18079,Robotics and Autonomous Systems,journal,9218890,"0,808",Q1,118,168,577,7369,2902,570,4.72,43.86,Netherlands,Western Europe,Elsevier,1988-2020,Computer Science Applications (Q1); Mathematics (miscellaneous) (Q1); Software (Q1); Control and Systems Engineering (Q2)
338,110111,IEEE Intelligent Systems,journal,15411672,"0,806",Q1,124,107,155,882,834,145,4.41,8.24,United States,Northern America,Institute of Electrical and Electronics Engineers Inc.,2001-2020,Artificial Intelligence (Q1); Computer Networks and Communications (Q1)
339,24777,Minds and Machines,journal,"09246495, 15728641","0,806",Q1,39,32,102,1917,331,86,3.85,59.91,Netherlands,Western Europe,Springer Netherlands,1991-2020,Artificial Intelligence (Q1); Philosophy (Q1)
340,21100830173,PeerJ Computer Science,journal,23765992,"0,806",Q1,24,66,143,3447,582,143,2.01,52.23,United States,Northern America,PeerJ Inc.,2015-2020,Computer Science (miscellaneous) (Q1)
341,18145,CAD Computer Aided Design,journal,104485,"0,804",Q1,115,73,280,2957,1038,274,3.53,40.51,United Kingdom,Western Europe,Elsevier Ltd.,1968-2021,Computer Graphics and Computer-Aided Design (Q1); Computer Science Applications (Q1); Industrial and Manufacturing Engineering (Q1)
342,21100806003,"Engineering Science and Technology, an International Journal",journal,22150986,"0,803",Q1,50,132,408,5391,2346,407,5.09,40.84,Netherlands,Western Europe,Elsevier BV,2014-2020,"Civil and Structural Engineering (Q1); Computer Networks and Communications (Q1); Electronic, Optical and Magnetic Materials (Q1); Fluid Flow and Transfer Processes (Q1); Hardware and Architecture (Q1); Mechanical Engineering (Q1); Metals and Alloys (Q1); Biomaterials (Q2)"
343,12320,"Journal of the Optical Society of America A: Optics and Image Science, and Vision",journal,"15208532, 10847529","0,803",Q1,158,275,874,9095,1917,857,2.27,33.07,United States,Northern America,The Optical Society,"1979, 1984-2020","Computer Vision and Pattern Recognition (Q1); Electronic, Optical and Magnetic Materials (Q1); Atomic and Molecular Physics, and Optics (Q2); Medicine (miscellaneous) (Q2)"
344,11400153310,International Journal of Logistics Research and Applications,journal,"13675567, 1469848X","0,802",Q1,33,83,102,6291,424,99,4.1,75.8,United Kingdom,Western Europe,Taylor and Francis Ltd.,2008-2020,Business and International Management (Q1); Computer Science Applications (Q1); Information Systems (Q1); Management Information Systems (Q1); Control and Systems Engineering (Q2); Management of Technology and Innovation (Q2); Management Science and Operations Research (Q2); Strategy and Management (Q2)
345,18197,Integrated Computer-Aided Engineering,journal,"10692509, 18758835","0,801",Q1,42,16,86,947,378,83,4.31,59.19,Netherlands,Western Europe,IOS Press,1993-2020,Computational Theory and Mathematics (Q1); Software (Q1); Artificial Intelligence (Q2); Computer Science Applications (Q2); Theoretical Computer Science (Q2)
346,21100898535,Internet Policy Review,journal,21976775,"0,801",Q1,12,52,81,3236,186,80,2.25,62.23,Germany,Western Europe,Alexander von Humboldt Institute for Internet and Society,2012-2020,"Communication (Q1); Computer Networks and Communications (Q1); Management, Monitoring, Policy and Law (Q2)"
347,13560,Ecological Psychology,journal,"15326969, 10407413","0,799",Q1,48,13,55,682,123,49,2.47,52.46,United States,Northern America,Routledge,1989-2020,"Computer Science (miscellaneous) (Q1); Ecology, Evolution, Behavior and Systematics (Q2); Experimental and Cognitive Psychology (Q2); Social Psychology (Q2)"
348,26811,Computer Networks,journal,13891286,"0,798",Q1,135,383,896,19762,4981,877,5.93,51.6,Netherlands,Western Europe,Elsevier,"1977-1984, 1989-1990, 1996-2020",Computer Networks and Communications (Q1)
349,4900152206,Data Base for Advances in Information Systems,journal,"00950033, 15320936","0,797",Q1,57,26,87,1770,193,76,1.7,68.08,United States,Northern America,Association for Computing Machinery (ACM),1969-2020,Computer Networks and Communications (Q1); Management Information Systems (Q1)
350,12342,International Journal of Control,journal,"00207179, 13665820","0,793",Q2,115,488,743,16385,2034,736,2.49,33.58,United Kingdom,Western Europe,Taylor and Francis Ltd.,1965-2020,Computer Science Applications (Q2); Control and Systems Engineering (Q2)
351,6400153135,Source Code for Biology and Medicine,journal,17510473,"0,793",Q1,28,1,15,10,31,15,1.67,10,United Kingdom,Western Europe,BioMed Central Ltd.,2006-2020,Information Systems (Q1); Information Systems and Management (Q1); Computer Science Applications (Q2); Health Informatics (Q2)
352,23674,Applied Intelligence,journal,"0924669X, 15737497","0,791",Q2,66,411,684,19635,3721,682,5.59,47.77,Netherlands,Western Europe,Springer Netherlands,1991-2020,Artificial Intelligence (Q2)
353,24330,Journal of Artificial Intelligence Research,journal,10769757,"0,790",Q2,123,75,199,4723,1285,199,7.15,62.97,United States,Northern America,"Morgan Kaufmann Publishers, Inc.","1993, 1996-2020",Artificial Intelligence (Q2)
354,28538,Optimization Methods and Software,journal,"10294937, 10556788","0,789",Q1,60,115,214,4076,569,206,2.5,35.44,United Kingdom,Western Europe,Taylor and Francis Ltd.,1992-2020,Control and Optimization (Q1); Software (Q1); Applied Mathematics (Q2)
355,24364,"Computers, Materials and Continua",journal,"15462218, 15462226","0,788",Q2,40,553,430,16057,2662,430,6.36,29.04,United States,Northern America,Tech Science Press,2004-2020,Electrical and Electronic Engineering (Q1); Mechanics of Materials (Q1); Modeling and Simulation (Q1); Biomaterials (Q2); Computer Science Applications (Q2)
356,21100364916,IEEE Transactions on Computational Social Systems,journal,2329924X,"0,783",Q1,28,142,246,5745,1290,239,5.36,40.46,United States,Northern America,"IEEE Systems, Man, and Cybernetics Society",2014-2020,Human-Computer Interaction (Q1); Modeling and Simulation (Q1); Social Sciences (miscellaneous) (Q1)
357,26799,Ad Hoc Networks,journal,15708705,"0,781",Q1,94,171,496,7142,2621,481,5.42,41.77,Netherlands,Western Europe,Elsevier,2003-2020,Computer Networks and Communications (Q1); Hardware and Architecture (Q1); Software (Q1)
358,21100338508,IEEE Transactions on Emerging Topics in Computing,journal,21686750,"0,781",Q1,46,160,207,2976,935,178,4,18.6,United States,Northern America,IEEE Computer Society,2013-2020,Computer Science (miscellaneous) (Q1); Human-Computer Interaction (Q1); Information Systems (Q1); Computer Science Applications (Q2)
359,21100358314,Human-centric Computing and Information Sciences,journal,21921962,"0,776",Q1,34,53,122,2933,782,122,7.38,55.34,United States,Northern America,Springer Science + Business Media,2011-2020,Computer Science (miscellaneous) (Q1)
360,21100780696,Big Data,journal,"21676461, 2167647X","0,774",Q1,27,50,86,1346,555,71,2.55,26.92,United States,Northern America,Mary Ann Liebert Inc.,2013-2020,Information Systems (Q1); Computer Science Applications (Q2); Information Systems and Management (Q2)
361,3100147401,Ecological Informatics,journal,15749541,"0,774",Q2,55,109,273,5588,964,271,3.43,51.27,Netherlands,Western Europe,Elsevier,2006-2020,"Modeling and Simulation (Q1); Applied Mathematics (Q2); Computational Theory and Mathematics (Q2); Computer Science Applications (Q2); Ecological Modeling (Q2); Ecology (Q2); Ecology, Evolution, Behavior and Systematics (Q2)"
362,21100356802,Sensing and Bio-Sensing Research,journal,22141804,"0,770",Q2,28,80,140,3196,713,140,4.12,39.95,Netherlands,Western Europe,Elsevier BV,2014-2020,"Electrical and Electronic Engineering (Q1); Electronic, Optical and Magnetic Materials (Q1); Biotechnology (Q2); Signal Processing (Q2)"
363,21100804573,Information Processing in Agriculture,journal,22143173,"0,769",Q2,27,78,127,3615,943,127,6.41,46.35,China,Asiatic Region,Elsevier BV,2014-2020,Agronomy and Crop Science (Q1); Animal Science and Zoology (Q1); Aquatic Science (Q1); Forestry (Q1); Computer Science Applications (Q2)
364,15591,JASSS,journal,14607425,"0,768",Q1,59,49,138,2930,465,138,2.55,59.8,United Kingdom,Western Europe,University of Surrey,2000-2020,Computer Science (miscellaneous) (Q1); Social Sciences (miscellaneous) (Q1)
365,18120,ACM Transactions on Mathematical Software,journal,"15577295, 00983500","0,767",Q1,87,38,106,1442,363,105,3.29,37.95,United States,Northern America,Association for Computing Machinery (ACM),1975-2020,Software (Q1); Applied Mathematics (Q2)
366,4700152237,Biomedical Signal Processing and Control,journal,17468094,"0,767",Q2,72,425,783,18127,3928,780,4.9,42.65,Netherlands,Western Europe,Elsevier BV,2006-2021,Health Informatics (Q2); Signal Processing (Q2)
367,12100154405,IEEE Transactions on Haptics,journal,"23294051, 19391412","0,765",Q1,51,101,175,3226,745,171,3.24,31.94,United States,Northern America,Institute of Electrical and Electronics Engineers Inc.,2008-2020,Human-Computer Interaction (Q1); Computer Science Applications (Q2)
368,21100775590,Games for health journal,journal,"21617856, 2161783X","0,764",Q2,31,51,146,2269,488,144,3.24,44.49,United States,Northern America,Mary Ann Liebert Inc.,2012-2020,"Rehabilitation (Q1); Computer Science Applications (Q2); Health (social science) (Q2); Public Health, Environmental and Occupational Health (Q2)"
369,21100820602,Journal of Computational Design and Engineering,journal,"22885048, 22884300","0,764",Q1,24,57,136,2346,790,135,6.6,41.16,Netherlands,Western Europe,,2014-2020,Computational Mechanics (Q1); Computer Graphics and Computer-Aided Design (Q1); Engineering (miscellaneous) (Q1); Human-Computer Interaction (Q1); Modeling and Simulation (Q1); Computational Mathematics (Q2)
370,26098,IEEE Transactions on Parallel and Distributed Systems,journal,10459219,"0,760",Q1,139,217,663,8912,2915,654,4.19,41.07,United States,Northern America,IEEE Computer Society,1990-2021,Hardware and Architecture (Q1); Computational Theory and Mathematics (Q2); Signal Processing (Q2)
371,24593,Calphad: Computer Coupling of Phase Diagrams and Thermochemistry,journal,3645916,"0,757",Q2,62,120,317,6068,734,316,2.09,50.57,United Kingdom,Western Europe,Elsevier Ltd.,1977-2020,Chemical Engineering (miscellaneous) (Q1); Chemistry (miscellaneous) (Q1); Computer Science Applications (Q2)
372,19900193217,Journal of Emerging Technologies in Accounting,journal,"15541908, 15587940","0,756",Q2,14,33,58,1204,221,50,2.83,36.48,United States,Northern America,American Accounting Association,2009-2020,Accounting (Q2); Computer Science Applications (Q2)
373,21100824046,Computational Toxicology,journal,24681113,"0,754",Q2,12,26,106,1301,300,104,2.48,50.04,Netherlands,Western Europe,Elsevier BV,2017-2020,"Computer Science Applications (Q2); Health, Toxicology and Mutagenesis (Q2); Toxicology (Q2)"
374,24619,Journal of Computer-Aided Molecular Design,journal,"15734951, 0920654X","0,749",Q2,101,103,265,6016,914,254,3.55,58.41,Netherlands,Western Europe,Springer Netherlands,1987-2020,Computer Science Applications (Q2); Drug Discovery (Q2); Physical and Theoretical Chemistry (Q2)
375,24207,Fuzzy Optimization and Decision Making,journal,"15732908, 15684539","0,747",Q1,51,36,71,971,319,71,3.98,26.97,United States,Northern America,Springer New York,2002-2020,Logic (Q1); Software (Q1); Artificial Intelligence (Q2)
376,21100832567,ACM Transactions on Privacy and Security,journal,"24712566, 24712574","0,743",Q1,14,28,59,1607,275,59,4.8,57.39,United States,Northern America,Association for Computing Machinery (ACM),2016-2020,"Computer Science (miscellaneous) (Q1); Safety, Risk, Reliability and Quality (Q1)"
377,19700174683,International Journal for Numerical Methods in Biomedical Engineering,journal,"20407947, 20407939","0,741",Q1,63,107,334,5123,1070,334,2.99,47.88,United States,Northern America,Wiley-Blackwell,2010-2020,Software (Q1); Applied Mathematics (Q2); Biomedical Engineering (Q2); Computational Theory and Mathematics (Q2); Modeling and Simulation (Q2); Molecular Biology (Q3)
378,130065,Journal of Enterprise Information Management,journal,17410398,"0,741",Q1,61,117,165,9530,870,161,5.17,81.45,United Kingdom,Western Europe,Emerald Group Publishing Ltd.,2004-2020,Information Systems (Q1); Library and Information Sciences (Q1); Decision Sciences (miscellaneous) (Q2); Management of Technology and Innovation (Q2)
379,21100301445,Journal of Research on Technology in Education,journal,"19450818, 15391523","0,740",Q2,63,65,65,4190,152,64,2.21,64.46,United Kingdom,Western Europe,Taylor and Francis Ltd.,2001-2020,Computer Science Applications (Q2); Education (Q2)
380,11600153433,Games and Culture,journal,"15554139, 15554120","0,739",Q1,46,69,132,3795,311,130,2.1,55,United States,Northern America,SAGE Publications Inc.,2006-2020,Anthropology (Q1); Arts and Humanities (miscellaneous) (Q1); Communication (Q1); Cultural Studies (Q1); Human-Computer Interaction (Q1); Applied Psychology (Q2)
381,16875,IEEE Internet Computing,journal,10897801,"0,734",Q1,114,53,210,568,865,170,2.89,10.72,United States,Northern America,Institute of Electrical and Electronics Engineers Inc.,1997-2020,Computer Networks and Communications (Q1)
382,21100836194,ICT Express,journal,24059595,"0,733",Q1,22,85,141,1553,813,140,6.3,18.27,South Korea,Asiatic Region,Korean Institute of Communications Information Sciences,2015-2020,Computer Networks and Communications (Q1); Hardware and Architecture (Q1); Information Systems (Q1); Software (Q1); Artificial Intelligence (Q2)
383,12960,International Journal of Human Computer Studies,journal,"10959300, 10715819","0,733",Q1,122,92,308,6974,1599,300,5.17,75.8,United States,Northern America,Academic Press Inc.,1994-2021,Engineering (miscellaneous) (Q1); Hardware and Architecture (Q1); Software (Q1); Education (Q2); Human-Computer Interaction (Q2); Human Factors and Ergonomics (Q2)
384,19700200915,Laboratory Phonology,journal,"18686354, 18686346","0,732",Q2,9,31,36,2340,66,35,1.67,75.48,Germany,Western Europe,Ubiquity Press,2015-2020,Language and Linguistics (Q1); Linguistics and Language (Q1); Podiatry (Q1); Computer Science Applications (Q2)
385,12600154783,Networks and Heterogeneous Media,journal,"1556181X, 15561801","0,732",Q2,34,30,93,972,174,92,1.94,32.4,United States,Northern America,American Institute of Mathematical Sciences,2007-2020,Engineering (miscellaneous) (Q1); Applied Mathematics (Q2); Computer Science Applications (Q2); Statistics and Probability (Q2)
386,5100155071,Foundations and Trends in Information Retrieval,journal,"15540669, 15540677","0,731",Q1,33,4,11,989,218,11,25.29,247.25,United States,Northern America,Now Publishers Inc,"2006, 2008-2020",Computer Science (miscellaneous) (Q1); Information Systems (Q1)
387,5200152822,Advances in Data Analysis and Classification,journal,"18625347, 18625355","0,730",Q2,30,68,125,2728,280,114,2.06,40.12,Germany,Western Europe,Springer Verlag,2007-2020,Applied Mathematics (Q2); Computer Science Applications (Q2); Statistics and Probability (Q2)
388,17960,International Journal of Adaptive Control and Signal Processing,journal,"08906327, 10991115","0,730",Q2,66,111,333,4569,1148,329,3.68,41.16,United Kingdom,Western Europe,John Wiley and Sons Ltd,1987-2020,Electrical and Electronic Engineering (Q1); Control and Systems Engineering (Q2); Signal Processing (Q2)
389,12358,International Journal of Fuzzy Systems,journal,"15622479, 21993211","0,730",Q1,42,219,541,9312,2317,534,4.61,42.52,Switzerland,Western Europe,Springer International Publishing AG,2004-2020,Software (Q1); Artificial Intelligence (Q2); Computational Theory and Mathematics (Q2); Theoretical Computer Science (Q2)
390,5800173377,ACM Transactions on Knowledge Discovery from Data,journal,15564681,"0,728",Q1,59,71,169,3729,816,168,4.54,52.52,United States,Northern America,Association for Computing Machinery (ACM),2007-2020,Computer Science (miscellaneous) (Q1)
391,19700182731,Egyptian Informatics Journal,journal,11108665,"0,728",Q1,34,47,59,1655,415,59,6.94,35.21,Egypt,Africa/Middle East,"Faculty of Computers and Information, Cairo University",2010-2020,Information Systems (Q1); Computer Science Applications (Q2); Management Science and Operations Research (Q2)
392,30286,"Journal of King Saud University, Engineering Sciences",journal,10183639,"0,728",Q1,34,143,157,4673,784,149,4.7,32.68,Saudi Arabia,Middle East,King Saud University,1989-2020,"Computer Networks and Communications (Q1); Fluid Flow and Transfer Processes (Q1); Industrial and Manufacturing Engineering (Q1); Fuel Technology (Q2); Materials Science (miscellaneous) (Q2); Renewable Energy, Sustainability and the Environment (Q2)"
393,21100304858,Information Technology and Tourism,journal,"10983058, 19434294","0,724",Q1,18,33,75,2142,259,68,2.95,64.91,United States,Northern America,Springer Science + Business Media,2014-2020,"Information Systems (Q1); Computer Science Applications (Q2); Tourism, Leisure and Hospitality Management (Q2)"
394,4700152784,Journal of Internet Commerce,journal,"1533287X, 15332861","0,719",Q2,25,20,55,1938,206,55,3.89,96.9,United States,Northern America,Routledge,2002-2020,Human-Computer Interaction (Q2); Management of Technology and Innovation (Q2)
395,130132,Information Technology and People,journal,9593845,"0,717",Q1,60,92,216,8060,772,215,3.53,87.61,United Kingdom,Western Europe,Emerald Group Publishing Ltd.,"1990, 1992, 1994-2020",Information Systems (Q1); Library and Information Sciences (Q1); Computer Science Applications (Q2)
396,21100898676,IACR Transactions on Symmetric Cryptology,journal,2519173X,"0,715",Q1,10,54,85,2062,244,83,2.87,38.19,Germany,Western Europe,Ruhr-Universitat Bochum,2018-2020,Software (Q1); Applied Mathematics (Q2); Computational Mathematics (Q2); Computer Science Applications (Q2)
397,21100784665,IEEE Transactions on Cognitive and Developmental Systems,journal,"23798920, 23798939","0,714",Q1,41,129,183,3440,783,180,4.03,26.67,United States,Northern America,Institute of Electrical and Electronics Engineers Inc.,2016-2020,Software (Q1); Artificial Intelligence (Q2)
398,21100799933,SLAS Technology,journal,"24726311, 24726303","0,714",Q2,16,73,206,2612,518,183,2.4,35.78,United States,Northern America,SAGE Publications Inc.,2017-2020,Medical Laboratory Technology (Q1); Computer Science Applications (Q2)
399,21101017244,Drones,journal,2504446X,"0,713",Q1,18,78,132,4146,721,127,5.45,53.15,Switzerland,Western Europe,MDPI AG,2017-2020,Aerospace Engineering (Q1); Information Systems (Q1); Artificial Intelligence (Q2); Computer Science Applications (Q2); Control and Systems Engineering (Q2)
400,24800,Neural Computing and Applications,journal,"09410643, 14333058","0,713",Q1,80,1458,1696,65605,9186,1678,5.4,45,United Kingdom,Western Europe,Springer London,1993-2020,Software (Q1); Artificial Intelligence (Q2)
401,21100455650,Development Engineering,journal,23527285,"0,712",Q2,10,11,34,449,112,33,2.65,40.82,United Kingdom,Western Europe,Elsevier Ltd.,2015-2020,"Development (Q1); Economics, Econometrics and Finance (miscellaneous) (Q1); Engineering (miscellaneous) (Q1); Computer Science Applications (Q2)"
402,24907,Distributed Computing,journal,"01782770, 14320452","0,707",Q1,48,30,80,1028,248,77,2.72,34.27,Germany,Western Europe,Springer Verlag,1986-2020,Computer Networks and Communications (Q1); Hardware and Architecture (Q1); Computational Theory and Mathematics (Q2); Theoretical Computer Science (Q2)
403,21100853805,Quantitative Biology,journal,"20954697, 20954689","0,707",Q2,15,40,96,1789,150,90,1.8,44.73,China,Asiatic Region,Higher Education Press,2013-2020,"Applied Mathematics (Q2); Biochemistry, Genetics and Molecular Biology (miscellaneous) (Q2); Computer Science Applications (Q2); Modeling and Simulation (Q2)"
404,19700174607,Journal of Computational Science,journal,18777503,"0,704",Q1,46,123,485,5550,2325,465,4.97,45.12,Netherlands,Western Europe,Elsevier,2010-2020,Computer Science (miscellaneous) (Q1); Modeling and Simulation (Q2); Theoretical Computer Science (Q2)
405,26389,Electronic Journal of Combinatorics,journal,"10778926, 10971440","0,703",Q2,52,241,707,5125,913,706,1.28,21.27,United States,Northern America,Electronic Journal of Combinatorics,1996-2020,Applied Mathematics (Q2); Computational Theory and Mathematics (Q2); Discrete Mathematics and Combinatorics (Q2); Geometry and Topology (Q2); Theoretical Computer Science (Q2)
406,4700152490,International journal of computer assisted radiology and surgery,journal,"18616410, 18616429","0,701",Q1,49,205,597,5360,2277,583,3.83,26.15,Germany,Western Europe,Springer Verlag,2006-2020,"Computer Graphics and Computer-Aided Design (Q1); Computer Vision and Pattern Recognition (Q1); Biomedical Engineering (Q2); Computer Science Applications (Q2); Health Informatics (Q2); Medicine (miscellaneous) (Q2); Radiology, Nuclear Medicine and Imaging (Q2); Surgery (Q2)"
407,6200180164,Profesional de la Informacion,journal,"16992407, 13866710","0,698",Q1,28,192,365,10374,832,365,2.15,54.03,Spain,Western Europe,El Profesional de la Informacion,2006-2020,Communication (Q1); Cultural Studies (Q1); Information Systems (Q1); Library and Information Sciences (Q1)
408,21100197952,Journal of Rail Transport Planning and Management,journal,22109706,"0,697",Q2,24,27,68,864,147,61,1.88,32,Netherlands,Western Europe,Elsevier BV,2011-2020,Computer Science Applications (Q2); Modeling and Simulation (Q2)
409,24501,Computational Geosciences,journal,14200597,"0,696",Q2,69,136,249,6036,787,246,3.15,44.38,Netherlands,Western Europe,Springer Netherlands,"1982-1983, 1997-2020",Computational Mathematics (Q2); Computational Theory and Mathematics (Q2); Computer Science Applications (Q2); Computers in Earth Sciences (Q2)
410,26004,IEEE Circuits and Systems Magazine,journal,1531636X,"0,696",Q2,54,17,52,943,186,41,3.13,55.47,United States,Northern America,Institute of Electrical and Electronics Engineers Inc.,"1979-1984, 2001-2020",Electrical and Electronic Engineering (Q1); Computer Science Applications (Q2)
411,13845,Bulletin of Mathematical Biology,journal,"00928240, 15229602","0,693",Q2,89,151,440,7134,1004,430,2.2,47.25,United States,Northern America,Springer New York,1973-2020,"Agricultural and Biological Sciences (miscellaneous) (Q1); Biochemistry, Genetics and Molecular Biology (miscellaneous) (Q2); Computational Theory and Mathematics (Q2); Environmental Science (miscellaneous) (Q2); Mathematics (miscellaneous) (Q2); Pharmacology (Q2); Immunology (Q3); Neuroscience (miscellaneous) (Q3)"
412,21100241218,Astronomy and Computing,journal,22131337,"0,692",Q2,31,46,133,2012,475,132,3.53,43.74,Netherlands,Western Europe,Elsevier BV,2013-2020,Astronomy and Astrophysics (Q2); Computer Science Applications (Q2); Space and Planetary Science (Q2)
413,18709,IEEE Software,journal,7407459,"0,692",Q1,112,136,343,992,1302,310,3.38,7.29,United States,Northern America,IEEE Computer Society,1984-2020,Software (Q1)
414,21100792090,Journal of Artificial Intelligence and Soft Computing Research,journal,"24496499, 20832567","0,691",Q1,16,20,59,828,295,58,4.92,41.4,Poland,Eastern Europe,De Gruyter Open Ltd.,"2013, 2016-2020",Computer Vision and Pattern Recognition (Q1); Hardware and Architecture (Q1); Information Systems (Q1); Artificial Intelligence (Q2); Modeling and Simulation (Q2)
415,21100889855,Advances in Computational Design,journal,"23838477, 24660523","0,687",Q1,10,23,71,948,216,71,3.52,41.22,South Korea,Asiatic Region,Techno-Press,2016-2020,Computational Mechanics (Q1); Computer Graphics and Computer-Aided Design (Q1); Computational Mathematics (Q2)
416,19420,International Journal of Human-Computer Interaction,journal,"15327590, 10447318","0,687",Q2,67,164,325,10244,1282,316,4.32,62.46,United States,Northern America,Taylor and Francis Ltd.,"1989-1996, 1998-2020",Computer Science Applications (Q2); Human-Computer Interaction (Q2); Human Factors and Ergonomics (Q2)
417,28704,Modelling and Simulation in Materials Science and Engineering,journal,"09650393, 1361651X","0,687",Q2,82,90,364,4471,915,361,2.5,49.68,United Kingdom,Western Europe,IOP Publishing Ltd.,1992-2020,Computer Science Applications (Q2); Condensed Matter Physics (Q2); Materials Science (miscellaneous) (Q2); Mechanics of Materials (Q2); Modeling and Simulation (Q2)
418,3200147819,Pervasive and Mobile Computing,journal,15741192,"0,687",Q1,64,68,350,2760,1558,342,4.67,40.59,Netherlands,Western Europe,Elsevier,2005-2020,Computer Networks and Communications (Q1); Computer Science (miscellaneous) (Q1); Hardware and Architecture (Q1); Information Systems (Q1); Software (Q1); Applied Mathematics (Q2); Computer Science Applications (Q2)
419,18027,IEEE Robotics and Automation Magazine,journal,10709932,"0,686",Q2,92,75,221,1176,759,173,3.54,15.68,United States,Northern America,Institute of Electrical and Electronics Engineers Inc.,1994-2020,Electrical and Electronic Engineering (Q1); Computer Science Applications (Q2); Control and Systems Engineering (Q2)
420,21100873335,Journal of Control and Decision,journal,"23307714, 23307706","0,686",Q1,16,42,57,1432,197,57,3.95,34.1,United Kingdom,Western Europe,Taylor and Francis Ltd.,2014-2020,Computer Networks and Communications (Q1); Information Systems (Q1); Artificial Intelligence (Q2); Control and Optimization (Q2); Control and Systems Engineering (Q2); Human-Computer Interaction (Q2); Signal Processing (Q2)
421,21100210920,Journal of Electronic Commerce Research,journal,"19389027, 15266133","0,686",Q2,33,16,56,1216,168,56,3.2,76,United States,Northern America,California State University Press,2011-2020,"Economics, Econometrics and Finance (miscellaneous) (Q1); Computer Science Applications (Q2)"
422,13992,"Library Collections, Acquisition and Technical Services",journal,"14649055, 18731821","0,686",Q1,21,0,6,0,15,6,0,0,United Kingdom,Western Europe,Taylor and Francis Ltd.,"1980-1997, 1999-2015, 2017",Information Systems (Q1); Library and Information Sciences (Q1)
423,19700201402,Annals of GIS,journal,"19475691, 19475683","0,685",Q2,28,36,73,1731,221,73,3.49,48.08,United Kingdom,Western Europe,Taylor and Francis Ltd.,2009-2020,Earth and Planetary Sciences (miscellaneous) (Q1); Computer Science Applications (Q2)
424,15435,Journal of Consciousness Studies,journal,"20512201, 13558250","0,685",Q2,65,73,224,2800,266,212,1.33,38.36,United Kingdom,Western Europe,Imprint Academic,1996-2020,"Philosophy (Q1); Artificial Intelligence (Q2); Ecology, Evolution, Behavior and Systematics (Q2); Psychology (miscellaneous) (Q2)"
425,23710,Journal of Medical Systems,journal,"01485598, 1573689X","0,685",Q1,79,208,790,6472,3810,769,5.23,31.12,United States,Northern America,Springer New York,1977-2020,Information Systems (Q1); Health Informatics (Q2); Health Information Management (Q2); Medicine (miscellaneous) (Q2)
426,28424,Theory and Practice of Logic Programming,journal,"14753081, 14710684","0,685",Q1,47,46,141,1495,343,134,2.45,32.5,United Kingdom,Western Europe,Cambridge University Press,2001-2020,Hardware and Architecture (Q1); Software (Q1); Artificial Intelligence (Q2); Computational Theory and Mathematics (Q2); Theoretical Computer Science (Q2)
427,19713,Journal of High Technology Management Research,journal,10478310,"0,684",Q2,46,18,56,1219,243,56,4.76,67.72,United Kingdom,Western Europe,Elsevier BV,1990-2020,Computer Science Applications (Q2); Information Systems and Management (Q2); Management of Technology and Innovation (Q2); Marketing (Q2); Strategy and Management (Q2)
428,144815,Computational Management Science,journal,"1619697X, 16196988","0,683",Q1,34,28,89,756,136,83,1.42,27,Germany,Western Europe,Springer Verlag,2005-2020,Information Systems (Q1); Management Information Systems (Q1)
429,19700177336,International Journal of Machine Learning and Cybernetics,journal,"1868808X, 18688071","0,681",Q1,44,190,570,9560,2327,563,4.09,50.32,United States,Northern America,Springer Science + Business Media,2010-2020,Computer Vision and Pattern Recognition (Q1); Software (Q1); Artificial Intelligence (Q2)
430,25022,IEEE Pervasive Computing,journal,15361268,"0,679",Q1,101,43,155,503,661,141,3.47,11.7,United States,Northern America,Institute of Electrical and Electronics Engineers Inc.,2002-2020,Software (Q1); Computational Theory and Mathematics (Q2); Computer Science Applications (Q2)
431,25033,IEEE Transactions on Computers,journal,189340,"0,679",Q1,126,195,451,5113,1817,439,3.75,26.22,United States,Northern America,IEEE Computer Society,1968-2020,Hardware and Architecture (Q1); Software (Q1); Computational Theory and Mathematics (Q2); Theoretical Computer Science (Q2)
432,21100464917,Journal of Computational Finance,journal,"14601559, 17552850","0,677",Q2,14,8,59,240,80,59,1.34,30,United States,Northern America,Incisive Media Ltd.,2011-2020,Applied Mathematics (Q2); Computer Science Applications (Q2); Finance (Q2)
433,21100915697,Journal of Special Education Technology,journal,"23813121, 01626434","0,676",Q2,33,46,74,1843,142,73,1.75,40.07,United States,Northern America,SAGE Publications Inc.,1996-2020,Computer Science Applications (Q2); Education (Q2)
434,12794,Journal of Documentation,journal,220418,"0,675",Q1,64,76,252,4687,483,252,1.74,61.67,United Kingdom,Western Europe,Emerald Group Publishing Ltd.,1945-2020,Information Systems (Q1); Library and Information Sciences (Q1)
435,25479,"International Journal of Control, Automation and Systems",journal,"20054092, 15986446","0,674",Q2,55,303,889,10560,3032,886,3.59,34.85,South Korea,Asiatic Region,"Institute of Control, Robotics and Systems",2003-2020,Computer Science Applications (Q2); Control and Systems Engineering (Q2)
436,18997,ACM Transactions on Information Systems,journal,"10468188, 15582868","0,672",Q1,83,44,126,3081,850,126,7.1,70.02,United States,Northern America,Association for Computing Machinery (ACM),1983-2020,"Business, Management and Accounting (miscellaneous) (Q1); Information Systems (Q1); Computer Science Applications (Q2)"
437,24825,Pattern Recognition Letters,journal,1678655,"0,669",Q1,157,512,929,17865,4748,902,4.93,34.89,Netherlands,Western Europe,Elsevier,1982-2020,Computer Vision and Pattern Recognition (Q1); Software (Q1); Artificial Intelligence (Q2); Signal Processing (Q2)
438,21100199837,Frontiers in Neurorobotics,journal,16625218,"0,668",Q2,34,115,253,6137,1092,246,3.71,53.37,Switzerland,Western Europe,Frontiers Media S.A.,2007-2020,Artificial Intelligence (Q2); Biomedical Engineering (Q2)
439,15773,ACM Transactions on Internet Technology,journal,"15576051, 15335399","0,667",Q1,56,45,149,2270,612,140,4.14,50.44,United States,Northern America,Association for Computing Machinery (ACM),2001-2020,Computer Networks and Communications (Q1)
440,24775,Machine Learning,journal,"15730565, 08856125","0,667",Q1,152,87,233,4124,1104,218,4.59,47.4,Netherlands,Western Europe,Springer Netherlands,1986-2020,Software (Q1); Artificial Intelligence (Q2)
441,21100316001,Journal of Biomedical Semantics,journal,20411480,"0,666",Q1,36,15,109,744,349,109,3.24,49.6,United Kingdom,Western Europe,BioMed Central Ltd.,2010-2020,Computer Networks and Communications (Q1); Information Systems (Q1); Computer Science Applications (Q2); Health Informatics (Q2)
442,21100862637,Applied Computing and Informatics,journal,22108327,"0,665",Q1,22,27,117,1047,770,93,6.82,38.78,Netherlands,Western Europe,Elsevier BV,"2011, 2014-2020",Information Systems (Q1); Computer Science Applications (Q2); Software (Q2)
443,57810,Journal of Cultural Heritage,journal,12962074,"0,663",Q2,64,203,517,9158,1619,508,3.07,45.11,France,Western Europe,Elsevier Masson,2000-2020,"Anthropology (Q1); Archeology (arts and humanities) (Q1); Conservation (Q1); Economics, Econometrics and Finance (miscellaneous) (Q1); History (Q1); Chemistry (miscellaneous) (Q2); Computer Science Applications (Q2); Materials Science (miscellaneous) (Q2); Spectroscopy (Q2)"
444,145544,Journal of Semantics,journal,"01675133, 14774593","0,661",Q2,39,11,55,751,68,55,1.18,68.27,United Kingdom,Western Europe,Oxford University Press,"1982-1986, 1990-2019",Arts and Humanities (miscellaneous) (Q1); Linguistics and Language (Q1); Artificial Intelligence (Q2)
445,22202,Operations Research Letters,journal,1676377,"0,661",Q2,77,140,352,2686,586,352,1.68,19.19,Netherlands,Western Europe,Elsevier,1981-2020,Industrial and Manufacturing Engineering (Q1); Applied Mathematics (Q2); Management Science and Operations Research (Q2); Software (Q2)
446,18186,Engineering with Computers,journal,"14355663, 01770667","0,659",Q2,52,419,232,24576,1588,232,7.01,58.65,United Kingdom,Western Europe,Springer London,1985-2020,Engineering (miscellaneous) (Q1); Computer Science Applications (Q2); Modeling and Simulation (Q2); Software (Q2)
447,5200152703,International Journal of Automation and Computing,journal,14768186,"0,655",Q2,36,63,191,3092,665,188,3.17,49.08,China,Asiatic Region,Chinese Academy of Sciences,"2005, 2007-2020",Applied Mathematics (Q2); Computer Science Applications (Q2); Control and Systems Engineering (Q2); Modeling and Simulation (Q2)
448,19500157063,International Journal of Social Robotics,journal,"18754805, 18754791","0,655",Q1,53,167,170,9975,801,155,4.72,59.73,Germany,Western Europe,Springer Verlag,2009-2020,Computer Science (miscellaneous) (Q1)
449,13646,VLDB Journal,journal,"10668888, 0949877X","0,653",Q1,90,64,117,4824,544,113,4.46,75.38,United States,Northern America,Springer New York,1992-2020,Hardware and Architecture (Q1); Information Systems (Q1)
450,17300154971,International Journal of Critical Infrastructure Protection,journal,18745482,"0,650",Q2,37,25,110,1097,392,94,3.62,43.88,Netherlands,Western Europe,Elsevier,2008-2020,"Computer Science Applications (Q2); Information Systems and Management (Q2); Modeling and Simulation (Q2); Safety, Risk, Reliability and Quality (Q2)"
451,15463,IEEE Micro,journal,2721732,"0,649",Q1,94,77,220,729,1105,185,5.66,9.47,United States,Northern America,IEEE Computer Society,1981-2020,Electrical and Electronic Engineering (Q1); Hardware and Architecture (Q1); Software (Q2)
452,21100901582,Online Social Networks and Media,journal,24686964,"0,648",Q1,13,16,51,887,229,47,3.79,55.44,Netherlands,Western Europe,Elsevier BV,2017-2020,Communication (Q1); Computer Networks and Communications (Q1); Information Systems (Q2)
453,23087,Algorithmica,journal,"14320541, 01784617","0,647",Q1,78,133,486,3945,1032,470,2.08,29.66,United States,Northern America,Springer New York,1986-2020,Computer Science (miscellaneous) (Q1); Applied Mathematics (Q2); Computer Science Applications (Q2)
454,25887,Discrete and Computational Geometry,journal,"14320444, 01795376","0,645",Q2,69,135,256,3383,442,253,1.7,25.06,United States,Northern America,Springer New York,1986-2020,Computational Theory and Mathematics (Q2); Discrete Mathematics and Combinatorics (Q2); Geometry and Topology (Q2); Theoretical Computer Science (Q2)
455,25612,International Journal of Computerized Dentistry,journal,14634201,"0,645",Q2,30,40,101,445,168,89,1.74,11.13,Germany,Western Europe,Quintessenz Verlags GmbH,1998-2020,Computer Science Applications (Q2); Dentistry (miscellaneous) (Q2); Medicine (miscellaneous) (Q2)
456,19714,Journal of Organizational Computing and Electronic Commerce,journal,"15327744, 10919392","0,643",Q2,41,22,56,1580,176,54,3.58,71.82,United States,Northern America,Taylor and Francis Ltd.,1996-2020,Computational Theory and Mathematics (Q2); Computer Science Applications (Q2); Information Systems (Q2)
457,19309,Journal of Systems and Software,journal,1641212,"0,642",Q1,109,183,619,11845,3058,590,4.94,64.73,United States,Northern America,Elsevier Inc.,"1979, 1981-2021",Hardware and Architecture (Q1); Information Systems (Q2); Software (Q2)
458,12125,Behaviour and Information Technology,journal,"13623001, 0144929X","0,641",Q2,78,216,282,16895,957,277,3.29,78.22,United Kingdom,Western Europe,Taylor and Francis Ltd.,1982-2020,Arts and Humanities (miscellaneous) (Q1); Social Sciences (miscellaneous) (Q1); Developmental and Educational Psychology (Q2); Human-Computer Interaction (Q2)
459,21100886426,Brain-Computer Interfaces,journal,"23262621, 2326263X","0,640",Q2,16,10,47,407,161,45,2.11,40.7,United Kingdom,Western Europe,Taylor and Francis Ltd.,2014-2020,Biomedical Engineering (Q2); Electrical and Electronic Engineering (Q2); Human-Computer Interaction (Q2); Behavioral Neuroscience (Q3)
460,21100210905,i-Perception,journal,20416695,"0,640",Q2,26,75,248,3378,385,246,1.19,45.04,United Kingdom,Western Europe,SAGE Publications Ltd,2010-2020,Artificial Intelligence (Q2); Ophthalmology (Q2); Experimental and Cognitive Psychology (Q3); Sensory Systems (Q3)
461,25621,Journal of Parallel and Distributed Computing,journal,"07437315, 10960848","0,638",Q1,87,169,592,7166,2473,568,4.72,42.4,United States,Northern America,Academic Press Inc.,1984-2021,Computer Networks and Communications (Q1); Hardware and Architecture (Q1); Artificial Intelligence (Q2); Software (Q2); Theoretical Computer Science (Q2)
462,12367,Photogrammetric Record,journal,"14779730, 0031868X","0,638",Q2,51,42,155,552,211,81,1.56,13.14,United Kingdom,Western Europe,Wiley-Blackwell Publishing Ltd,1953-2020,Engineering (miscellaneous) (Q1); Computer Science Applications (Q2); Computers in Earth Sciences (Q2); Earth and Planetary Sciences (miscellaneous) (Q2)
463,144936,Information Systems and e-Business Management,journal,16179846,"0,636",Q2,38,56,82,2280,332,78,4.27,40.71,Germany,Western Europe,Springer Verlag,2005-2020,Information Systems (Q2)
464,130124,Sensors,journal,"14243210, 14248220","0,636",Q2,172,7430,13140,343397,59728,13080,4.35,46.22,Switzerland,Western Europe,MDPI Multidisciplinary Digital Publishing Institute,2001-2020,"Analytical Chemistry (Q2); Atomic and Molecular Physics, and Optics (Q2); Electrical and Electronic Engineering (Q2); Information Systems (Q2); Instrumentation (Q2); Medicine (miscellaneous) (Q2); Biochemistry (Q3)"
465,15703,Knowledge and Information Systems,journal,"02191377, 02193116","0,634",Q1,76,162,407,8042,1752,404,3.75,49.64,United Kingdom,Western Europe,Springer London,2005-2020,Hardware and Architecture (Q1); Artificial Intelligence (Q2); Human-Computer Interaction (Q2); Information Systems (Q2); Software (Q2)
466,21100899438,Communication Research and Practice,journal,22063374,"0,633",Q1,5,25,58,1084,88,48,1.52,43.36,United Kingdom,Western Europe,Taylor and Francis Ltd.,2018-2020,Communication (Q1); Computer Networks and Communications (Q1); Political Science and International Relations (Q1); Human-Computer Interaction (Q2); Marketing (Q2)
467,12373,Journal of Computer Information Systems,journal,8874417,"0,632",Q1,63,103,145,5879,492,144,3.41,57.08,United Kingdom,Western Europe,Taylor and Francis Ltd.,1995-2020,Computer Networks and Communications (Q1); Education (Q2); Information Systems (Q2)
468,24306,Digital Signal Processing: A Review Journal,journal,"10954333, 10512004","0,631",Q1,76,194,593,8386,2366,587,4.24,43.23,United States,Northern America,Elsevier Inc.,1991-2020,"Computer Vision and Pattern Recognition (Q1); Applied Mathematics (Q2); Artificial Intelligence (Q2); Computational Theory and Mathematics (Q2); Electrical and Electronic Engineering (Q2); Signal Processing (Q2); Statistics, Probability and Uncertainty (Q2)"
469,24360,Journal of Intelligent and Robotic Systems: Theory and Applications,journal,"15730409, 09210296","0,631",Q2,77,253,547,9478,1990,507,3.28,37.46,Netherlands,Western Europe,Springer Netherlands,1988-2020,Industrial and Manufacturing Engineering (Q1); Artificial Intelligence (Q2); Control and Systems Engineering (Q2); Electrical and Electronic Engineering (Q2); Mechanical Engineering (Q2); Software (Q2)
470,18159,Computers and Electrical Engineering,journal,457906,"0,630",Q1,64,298,1040,7464,4626,979,4.79,25.05,United Kingdom,Western Europe,Elsevier Ltd.,"1973-1984, 1986-2020",Computer Science (miscellaneous) (Q1); Control and Systems Engineering (Q2); Electrical and Electronic Engineering (Q2)
471,15026,Flow Measurement and Instrumentation,journal,9555986,"0,630",Q2,57,126,384,3571,947,380,2.43,28.34,United Kingdom,Western Europe,Elsevier BV,1989-2020,Computer Science Applications (Q2); Electrical and Electronic Engineering (Q2); Instrumentation (Q2); Modeling and Simulation (Q2)
472,19294,Journal of Scheduling,journal,10946136,"0,630",Q2,61,54,136,1762,313,130,2.35,32.63,United States,Northern America,Springer New York,1998-2020,Engineering (miscellaneous) (Q1); Artificial Intelligence (Q2); Management Science and Operations Research (Q2); Software (Q2)
473,21100936125,International Journal of Applied Engineering Research (Netherlands),journal,26662795,"0,628",Q1,5,10,10,621,81,10,8.1,62.1,Netherlands,Western Europe,,2019,Computer Science (miscellaneous) (Q1); Engineering (miscellaneous) (Q1)
474,21100205111,Computational Methods and Function Theory,journal,16179447,"0,627",Q2,16,58,123,1180,177,121,1.18,20.34,Germany,Western Europe,Springer Verlag,2011-2020,Analysis (Q2); Applied Mathematics (Q2); Computational Theory and Mathematics (Q2)
475,13681,Computer Communications,journal,1403664,"0,627",Q1,105,616,599,24961,2424,591,4.08,40.52,Netherlands,Western Europe,Elsevier,1978-2020,Computer Networks and Communications (Q1)
476,28554,Soft Computing,journal,"14327643, 14337479","0,626",Q2,81,1243,2036,52629,7893,2002,3.86,42.34,Germany,Western Europe,Springer Verlag,"2000, 2003-2020",Geometry and Topology (Q2); Software (Q2); Theoretical Computer Science (Q2)
477,21100917113,Internet Histories,journal,"24701483, 24701475","0,625",Q1,7,33,64,1751,86,57,1.33,53.06,United Kingdom,Western Europe,Taylor and Francis Ltd.,2017-2020,Computer Science (miscellaneous) (Q1); History (Q1)
478,24175,Constraints,journal,"15729354, 13837133","0,624",Q2,46,14,53,479,158,47,3.87,34.21,Netherlands,Western Europe,Springer Netherlands,1996-2020,Artificial Intelligence (Q2); Computational Theory and Mathematics (Q2); Discrete Mathematics and Combinatorics (Q2); Software (Q2)
479,15386,Online Information Review,journal,"14684527, 14684535","0,624",Q2,58,81,234,4944,693,231,2.56,61.04,United Kingdom,Western Europe,Emerald Group Publishing Ltd.,1980-2020,Library and Information Sciences (Q1); Computer Science Applications (Q2); Information Systems (Q2)
480,5000154609,Foundations and Trends in Web Science,journal,"15550788, 1555077X","0,622",Q1,8,1,1,193,2,1,0,193,United States,Northern America,Now Publishers Inc,"2006, 2010-2012, 2014, 2016-2017",Computer Networks and Communications (Q1)
481,16319,IEEE Transactions on Nanobioscience,journal,"15361241, 15582639","0,620",Q2,63,75,242,2866,949,230,3.69,38.21,United States,Northern America,Institute of Electrical and Electronics Engineers Inc.,2002-2020,Bioengineering (Q2); Biomedical Engineering (Q2); Biotechnology (Q2); Computer Science Applications (Q2); Electrical and Electronic Engineering (Q2); Medicine (miscellaneous) (Q2); Nanoscience and Nanotechnology (Q2); Pharmaceutical Science (Q2)
482,12795,Perception,journal,"14684233, 03010066","0,619",Q2,91,87,260,3773,370,242,1.19,43.37,United States,Northern America,SAGE Publications Inc.,1972-2020,Artificial Intelligence (Q2); Ophthalmology (Q2); Experimental and Cognitive Psychology (Q3); Sensory Systems (Q3)
483,19700200806,American Journal of Distance Education,journal,"08923647, 15389286","0,618",Q2,17,31,75,1159,122,60,1.29,37.39,United States,Northern America,Taylor and Francis Ltd.,"1987-1996, 1998-1999, 2001, 2008-2020",Computer Science Applications (Q2); Education (Q2)
484,5100155078,Foundations and Trends in Computer Graphics and Vision,journal,15722740,"0,618",Q1,25,1,3,811,16,3,5.33,811,United States,Northern America,Now Publishers Inc,"2005-2007, 2009-2016, 2018-2019",Computer Vision and Pattern Recognition (Q1)
485,15442,Information Systems Management,journal,10580530,"0,617",Q2,58,50,82,2089,216,67,1.96,41.78,United Kingdom,Western Europe,Taylor and Francis Ltd.,1992-2020,Library and Information Sciences (Q1); Computer Science Applications (Q2); Information Systems (Q2)
486,21100389724,Journal of King Saud University - Computer and Information Sciences,journal,"22131248, 13191578","0,617",Q1,33,314,341,12519,1739,267,4.89,39.87,Saudi Arabia,Middle East,King Saud University,2014-2020,Computer Science (miscellaneous) (Q1)
487,21100970248,CAAI Transactions on Intelligence Technology,journal,"24686557, 24682322","0,613",Q1,15,40,79,1545,396,74,6.05,38.63,United Kingdom,Western Europe,Institution of Engineering and Technology,2017-2020,Computer Networks and Communications (Q1); Artificial Intelligence (Q2); Computer Vision and Pattern Recognition (Q2); Human-Computer Interaction (Q2); Information Systems (Q2)
488,21100869486,Computational Visual Media,journal,"20960662, 20960433","0,612",Q1,15,36,94,1773,323,91,3.85,49.25,China,Asiatic Region,Tsinghua University Press,2015-2020,Computer Graphics and Computer-Aided Design (Q1); Artificial Intelligence (Q2); Computer Vision and Pattern Recognition (Q2)
489,21100984159,IET Smart Grid,journal,25152947,"0,612",Q2,11,96,89,3800,340,87,3.82,39.58,United Kingdom,Western Europe,Institution of Engineering and Technology,2018-2020,Computer Networks and Communications (Q2); Electrical and Electronic Engineering (Q2); Information Systems (Q2)
490,19700201529,IPSJ Transactions on Computer Vision and Applications,journal,18826695,"0,612",Q2,17,4,41,231,245,41,4.35,57.75,Japan,Asiatic Region,Information Processing Society of Japan,2009-2020,Computer Vision and Pattern Recognition (Q2)
491,800147111,Journal of Grid Computing,journal,15707873,"0,611",Q1,53,47,109,2496,438,103,3.91,53.11,Netherlands,Western Europe,Springer Netherlands,2003-2020,Hardware and Architecture (Q1); Computer Networks and Communications (Q2); Information Systems (Q2); Software (Q2)
492,21100332403,Journal of Information Security and Applications,journal,"22142126, 22142134","0,610",Q2,40,183,297,8559,1526,292,5.43,46.77,United Kingdom,Western Europe,Elsevier Ltd.,2013-2020,"Computer Networks and Communications (Q2); Safety, Risk, Reliability and Quality (Q2); Software (Q2)"
493,18650,Empirical Software Engineering,journal,"13823256, 15737616","0,609",Q2,75,138,303,9068,1778,281,5.42,65.71,Netherlands,Western Europe,Springer Netherlands,1996-2020,Software (Q2)
494,4800154012,Journal of Communications and Networks,journal,12292370,"0,609",Q2,46,35,166,1160,689,160,5.14,33.14,South Korea,Asiatic Region,Korean Institute of Communication Sciences,1999-2020,Computer Networks and Communications (Q2); Information Systems (Q2)
495,17953,Biological Cybernetics,journal,"14320770, 03401200","0,608",Q1,95,39,102,2219,248,97,2.88,56.9,Germany,Western Europe,Springer Verlag,1961-2020,Computer Science (miscellaneous) (Q1); Biotechnology (Q2)
496,18732,Information and Software Technology,journal,9505849,"0,606",Q2,103,121,420,6853,2316,403,5.12,56.64,Netherlands,Western Europe,Elsevier,"1970, 1987-2020",Computer Science Applications (Q2); Information Systems (Q2); Software (Q2)
497,12441,Open Systems and Information Dynamics,journal,"15731324, 12301612","0,606",Q2,35,16,77,446,186,73,1.09,27.88,Singapore,Asiatic Region,World Scientific Publishing Co. Pte Ltd,"1992-1995, 1997-2020",Computational Mechanics (Q1); Fluid Flow and Transfer Processes (Q2); Information Systems (Q2); Mathematical Physics (Q2); Mechanics of Materials (Q2); Physical and Theoretical Chemistry (Q2); Statistical and Nonlinear Physics (Q2); Statistics and Probability (Q2)
498,7000153240,Computational Intelligence and Neuroscience,journal,"16875273, 16875265","0,605",Q1,52,163,411,6846,1843,398,4.4,42,United States,Northern America,Hindawi Publishing Corporation,2007-2020,Computer Science (miscellaneous) (Q1); Mathematics (miscellaneous) (Q2); Medicine (miscellaneous) (Q2); Neuroscience (miscellaneous) (Q3)
499,21100200804,ACM Transactions on Management Information Systems,journal,"21586578, 2158656X","0,603",Q1,29,26,50,1495,243,48,6.03,57.5,United States,Northern America,Association for Computing Machinery (ACM),2010-2020,Computer Science (miscellaneous) (Q1); Management Information Systems (Q2)
500,144698,International Journal of Simulation Modelling,journal,17264529,"0,603",Q2,24,56,181,1503,539,180,3.39,26.84,Austria,Western Europe,Vienna University of Technology,2005-2020,Computer Science Applications (Q2); Modeling and Simulation (Q2)
501,21100979314,ACM Transactions on Human-Robot Interaction,journal,25739522,"0,602",Q2,8,23,29,1723,105,25,3.62,74.91,United States,Northern America,Association for Computing Machinery (ACM),2018-2020,Artificial Intelligence (Q2); Human-Computer Interaction (Q2)
502,21100996100,International Journal of Population Data Science,journal,23994908,"0,602",Q2,7,48,83,1810,132,81,1.68,37.71,United Kingdom,Western Europe,Swansea University,2017-2020,Demography (Q1); Health Informatics (Q2); Information Systems (Q2); Information Systems and Management (Q2)
503,26941,Theory and Decision,journal,"15737187, 00405833","0,602",Q2,37,62,162,2059,203,159,1.21,33.21,Netherlands,Western Europe,Springer Netherlands,1970-2020,"Economics, Econometrics and Finance (miscellaneous) (Q1); Social Sciences (miscellaneous) (Q1); Applied Psychology (Q2); Arts and Humanities (miscellaneous) (Q2); Computer Science Applications (Q2); Decision Sciences (miscellaneous) (Q2); Developmental and Educational Psychology (Q2)"
504,18800156711,Advances in Mathematics of Communications,journal,"19305346, 19305338","0,601",Q2,26,48,155,1110,166,153,1.04,23.13,United States,Northern America,American Institute of Mathematical Sciences,2008-2020,Algebra and Number Theory (Q2); Applied Mathematics (Q2); Computer Networks and Communications (Q2); Discrete Mathematics and Combinatorics (Q2)
505,29114,Engineering Optimization,journal,"0305215X, 10290273","0,601",Q2,64,209,371,7702,1148,370,3.2,36.85,United Kingdom,Western Europe,Taylor and Francis Ltd.,1974-2020,Applied Mathematics (Q2); Computer Science Applications (Q2); Control and Optimization (Q2); Industrial and Manufacturing Engineering (Q2); Management Science and Operations Research (Q2)
506,24595,Chemometrics and Intelligent Laboratory Systems,journal,1697439,"0,600",Q2,126,209,522,9022,1977,517,3.59,43.17,Netherlands,Western Europe,Elsevier,1986-2020,Analytical Chemistry (Q2); Computer Science Applications (Q2); Process Chemistry and Technology (Q2); Software (Q2); Spectroscopy (Q2)
507,4700152843,ACM Transactions on Sensor Networks,journal,15504859,"0,598",Q2,67,44,118,2352,447,117,3.52,53.45,United States,Northern America,Association for Computing Machinery (ACM),2005-2020,Computer Networks and Communications (Q2)
508,12398,Journal of Systems Architecture,journal,13837621,"0,598",Q1,51,111,272,4816,1137,262,4.97,43.39,Netherlands,Western Europe,Elsevier,1996-2020,Hardware and Architecture (Q1); Software (Q2)
509,12318,Optical Materials,journal,9253467,"0,598",Q1,103,910,2215,37215,6608,2212,3.06,40.9,Netherlands,Western Europe,Elsevier,1992-2020,"Computer Science (miscellaneous) (Q1); Atomic and Molecular Physics, and Optics (Q2); Electrical and Electronic Engineering (Q2); Electronic, Optical and Magnetic Materials (Q2); Inorganic Chemistry (Q2); Organic Chemistry (Q2); Physical and Theoretical Chemistry (Q2); Spectroscopy (Q2)"
510,18121,ACM Transactions on Software Engineering and Methodology,journal,"15577392, 1049331X","0,597",Q2,78,32,66,2257,297,58,4.94,70.53,United States,Northern America,Association for Computing Machinery (ACM),1992-2020,Software (Q2)
511,23629,AI Magazine,journal,7384602,"0,597",Q2,79,38,138,970,584,129,2.18,25.53,United States,Northern America,AI Access Foundation,"1984-1986, 1989-2020",Artificial Intelligence (Q2)
512,10900153330,Enterprise Information Systems,journal,"17517583, 17517575","0,596",Q2,47,136,218,6471,863,207,4.6,47.58,United Kingdom,Western Europe,Taylor and Francis Ltd.,2007-2020,Computer Science Applications (Q2); Information Systems and Management (Q2)
513,21100924250,Digital Health,journal,20552076,"0,595",Q2,8,74,66,3138,199,66,3.02,42.41,United States,Northern America,SAGE Publications Inc.,"2015, 2018-2020",Computer Science Applications (Q2); Health Informatics (Q2); Health Policy (Q2); Health Information Management (Q3)
514,23051,ACM Transactions on Computational Logic,journal,"15293785, 1557945X","0,593",Q1,52,22,101,876,180,101,1.69,39.82,United States,Northern America,Association for Computing Machinery (ACM),2000-2020,Computer Science (miscellaneous) (Q1); Computational Mathematics (Q2); Logic (Q2); Theoretical Computer Science (Q2)
515,25061,Displays,journal,1419382,"0,593",Q1,57,19,121,674,331,118,2.34,35.47,Netherlands,Western Europe,Elsevier,1979-2020,Hardware and Architecture (Q1); Electrical and Electronic Engineering (Q2); Human-Computer Interaction (Q2)
516,21100383744,Journal of Cloud Computing,journal,2192113X,"0,593",Q2,29,67,76,3039,441,75,5.71,45.36,United States,Northern America,Springer Science + Business Media,2012-2020,Computer Networks and Communications (Q2); Software (Q2)
517,17979,Medical and Biological Engineering and Computing,journal,"17410444, 01400118","0,593",Q2,98,217,560,9580,1761,558,3.05,44.15,Germany,Western Europe,Springer Verlag,1977-2020,Biomedical Engineering (Q2); Computer Science Applications (Q2)
518,21100469450,"Communication, Culture and Critique",journal,"17539129, 17539137","0,592",Q2,10,31,73,1184,104,72,1,38.19,United States,Northern America,John Wiley and Sons Inc.,2015-2019,Communication (Q1); Cultural Studies (Q1); Computer Science Applications (Q2)
519,12419,International Journal of Systems Science,journal,"00207721, 14645319","0,591",Q2,69,245,783,9753,2065,783,2.31,39.81,United Kingdom,Western Europe,Taylor and Francis Ltd.,1970-2020,Computer Science Applications (Q2); Control and Systems Engineering (Q2); Theoretical Computer Science (Q2)
520,19700201455,Sustainable Computing: Informatics and Systems,journal,22105379,"0,591",Q1,27,78,178,3347,766,169,4.5,42.91,United States,Northern America,Elsevier USA,2011-2020,Computer Science (miscellaneous) (Q1); Electrical and Electronic Engineering (Q2)
521,25019,Human-Computer Interaction,journal,"15327051, 07370024","0,590",Q2,69,28,54,2209,225,42,3.54,78.89,United States,Northern America,Taylor and Francis Ltd.,"1985-1987, 1989-2020",Applied Psychology (Q2); Human-Computer Interaction (Q2)
522,19400158593,Journal of Ambient Intelligence and Humanized Computing,journal,"18685145, 18685137","0,589",Q1,41,1121,938,41371,4441,720,4.81,36.91,Germany,Western Europe,Springer Verlag,2010-2020,Computer Science (miscellaneous) (Q1)
523,21100781705,Journal of Machine Engineering,journal,"18957595, 23918071","0,588",Q2,7,42,110,944,127,110,1.31,22.48,Poland,Eastern Europe,Editorial Institution of Wroclaw Board of Scientific,2016-2020,Computer Science Applications (Q2); Industrial and Manufacturing Engineering (Q2)
524,21100374601,IEEE Access,journal,21693536,"0,587",Q1,127,18036,24267,771081,116691,24200,4.48,42.75,United States,Northern America,Institute of Electrical and Electronics Engineers Inc.,2013-2020,Computer Science (miscellaneous) (Q1); Engineering (miscellaneous) (Q1); Materials Science (miscellaneous) (Q2)
525,29581,Journal of Computational Biology,journal,"15578666, 10665277","0,585",Q2,95,147,352,4868,503,340,1.52,33.12,United States,Northern America,Mary Ann Liebert Inc.,1994-2020,Computational Mathematics (Q2); Computational Theory and Mathematics (Q2); Modeling and Simulation (Q2); Genetics (Q3); Molecular Biology (Q3)
526,24831,Quantum Information Processing,journal,15700755,"0,583",Q2,61,429,1032,17711,3250,1030,3.02,41.28,United States,Northern America,Springer New York,2004-2020,"Electrical and Electronic Engineering (Q2); Electronic, Optical and Magnetic Materials (Q2); Modeling and Simulation (Q2); Signal Processing (Q2); Theoretical Computer Science (Q2); Statistical and Nonlinear Physics (Q3)"
527,21100200653,Information Polity,journal,"18758754, 15701255","0,582",Q2,35,30,68,1547,199,61,2.78,51.57,Netherlands,Western Europe,IOS Press,2002-2020,"Sociology and Political Science (Q1); Communication (Q2); Geography, Planning and Development (Q2); Information Systems (Q2); Public Administration (Q2)"
528,24304,Computer Supported Cooperative Work,journal,"09259724, 15737551","0,581",Q1,64,28,97,2072,304,90,2.9,74,Netherlands,Western Europe,Springer Netherlands,1992-2020,Computer Science (miscellaneous) (Q1)
529,19700201403,Global Journal of Engineering Education,journal,13283154,"0,580",Q1,12,31,118,542,160,111,1.56,17.48,Australia,Pacific Region,World Institute for Engineering and Technology Education (WIETE),2010-2020,Computer Science (miscellaneous) (Q1); Education (Q2)
530,21100448516,Journal of Information Technology Education: Innovations in Practice,journal,"2165316X, 21653151","0,579",Q1,9,7,33,329,73,33,1.95,47,United States,Northern America,Informing Science Institute,2015-2020,Computer Science (miscellaneous) (Q1); Education (Q2)
531,25023,Computer Graphics Forum,journal,"01677055, 14678659","0,578",Q2,120,261,813,14134,3301,808,3.71,54.15,United Kingdom,Western Europe,Wiley-Blackwell Publishing Ltd,1982-2020,Computer Graphics and Computer-Aided Design (Q2); Computer Networks and Communications (Q2)
532,18895,Journal of Advanced Transportation,journal,"01976729, 20423195","0,577",Q2,46,438,667,17331,2071,648,2.93,39.57,Egypt,Africa/Middle East,Hindawi Limited,1979-2020,Automotive Engineering (Q1); Computer Science Applications (Q2); Economics and Econometrics (Q2); Mechanical Engineering (Q2); Strategy and Management (Q2)
533,19300156904,Communications of the Association for Information Systems,journal,15293181,"0,576",Q2,48,68,197,5369,457,189,1.79,78.96,United States,Northern America,Association for Information Systems,"2006, 2009-2020",Information Systems (Q2)
534,21100894112,Journal of Digital Learning in Teacher Education,journal,"21532974, 23327383","0,576",Q2,20,31,69,1032,127,45,1.66,33.29,United Kingdom,Western Europe,Taylor and Francis Ltd.,2010-2020,Computer Science Applications (Q2); Education (Q2)
535,24756,Match,journal,3406253,"0,576",Q2,62,57,234,1534,560,234,2.41,26.91,Serbia,Eastern Europe,"University of Kragujevac, Faculty of Science",1996-2020,Applied Mathematics (Q2); Chemistry (miscellaneous) (Q2); Computational Theory and Mathematics (Q2); Computer Science Applications (Q2)
536,21100201056,Electronic Journal of e-Learning,journal,14794403,"0,574",Q2,24,42,68,1928,205,63,3.36,45.9,United Kingdom,Western Europe,Academic Publishing Limited,2011-2020,Computer Science Applications (Q2); Education (Q2); E-learning (Q2)
537,15464,IEEE Transactions on Nanotechnology,journal,1536125X,"0,574",Q2,82,122,489,3933,1342,481,2.8,32.24,United States,Northern America,Institute of Electrical and Electronics Engineers Inc.,2002-2020,Computer Science Applications (Q2); Electrical and Electronic Engineering (Q2); Nanoscience and Nanotechnology (Q2)
538,145295,4OR,journal,"16142411, 16194500","0,573",Q2,41,41,62,1524,110,53,1.4,37.17,Germany,Western Europe,Springer Verlag,2003-2020,Computational Theory and Mathematics (Q2); Management Information Systems (Q2); Management Science and Operations Research (Q2); Theoretical Computer Science (Q2)
539,12370,Journal of Computer and System Sciences,journal,"10902724, 00220000","0,573",Q2,99,46,252,1626,568,245,1.87,35.35,United States,Northern America,Academic Press Inc.,1967-2021,Applied Mathematics (Q2); Computational Theory and Mathematics (Q2); Computer Networks and Communications (Q2); Theoretical Computer Science (Q2)
540,25549,Image and Vision Computing,journal,2628856,"0,570",Q2,132,123,282,5745,1464,276,4.48,46.71,United Kingdom,Western Europe,Elsevier Ltd.,1983-2020,Computer Vision and Pattern Recognition (Q2); Electrical and Electronic Engineering (Q2); Signal Processing (Q2)
541,19600166316,Journal of Internet Services and Applications,journal,"18674828, 18690238","0,570",Q2,24,10,66,500,339,63,5.96,50,United Kingdom,Western Europe,Springer London,2010-2020,Computer Networks and Communications (Q2); Computer Science Applications (Q2)
542,21100889858,Indonesian Journal of Science and Technology,journal,"25278045, 25281410","0,567",Q1,11,38,62,961,150,62,2.61,25.29,Indonesia,Asiatic Region,Universitas Pendidikan Indonesia,2016-2020,Computer Science (miscellaneous) (Q1); Engineering (miscellaneous) (Q1); Chemical Engineering (miscellaneous) (Q2); Geotechnical Engineering and Engineering Geology (Q2); Space and Planetary Science (Q3)
543,21100897951,Journal of Interactive Media in Education,journal,1365893X,"0,567",Q2,6,20,33,694,67,28,2.03,34.7,United Kingdom,Western Europe,Ubiquity Press,2018-2020,Communication (Q2); Computer Networks and Communications (Q2); Education (Q2)
544,21100356018,Big Data Research,journal,22145796,"0,565",Q2,25,11,76,547,324,69,4.06,49.73,United States,Northern America,Elsevier Inc.,2014-2020,Computer Science Applications (Q2); Information Systems (Q2); Information Systems and Management (Q2); Management Information Systems (Q2)
545,19700183008,TripleC,journal,1726670X,"0,564",Q2,21,49,129,2387,177,126,1.31,48.71,Austria,Western Europe,Unified Theory of Information Research Group,2010-2020,Communication (Q2); Computer Science Applications (Q2)
546,145669,Electronic Commerce Research,journal,13895753,"0,563",Q2,39,88,133,4924,502,127,3.44,55.95,Netherlands,Western Europe,Kluwer Academic Publishers,2005-2020,"Economics, Econometrics and Finance (miscellaneous) (Q1); Human-Computer Interaction (Q2)"
547,5300152722,Smart Structures and Systems,journal,"17381584, 17381991","0,563",Q2,47,120,366,6134,1105,360,3.18,51.12,South Korea,Asiatic Region,Techno Press,2006-2020,Computer Science Applications (Q2); Control and Systems Engineering (Q2); Electrical and Electronic Engineering (Q2)
548,21100266502,Journal of Cryptographic Engineering,journal,"21908516, 21908508","0,561",Q2,26,38,78,1504,270,73,3.53,39.58,United States,Northern America,Springer Science + Business Media,2011-2020,Computer Networks and Communications (Q2); Software (Q2)
549,21100332424,Journal of Spatial Information Science,journal,1948660X,"0,560",Q2,19,29,31,1068,63,27,2.41,36.83,United States,Northern America,The National Center for Geographic Information and Analysis (NCGIA),2010-2020,"Computers in Earth Sciences (Q2); Geography, Planning and Development (Q2); Information Systems (Q2)"
550,4700151918,"ACM Transactions on Multimedia Computing, Communications and Applications",journal,"15516865, 15516857","0,558",Q1,49,91,252,4847,1130,240,3.98,53.26,United States,Northern America,Association for Computing Machinery (ACM),2005-2020,Hardware and Architecture (Q1); Computer Networks and Communications (Q2)
551,21100374356,Aslib Journal of Information Management,journal,"20503806, 20503814","0,558",Q2,42,57,141,3278,329,137,2.03,57.51,United Kingdom,Western Europe,Emerald Group Publishing Ltd.,2014-2020,Library and Information Sciences (Q1); Information Systems (Q2)
552,4900152403,International Journal of Computational Methods,journal,2198762,"0,558",Q1,37,159,306,5618,609,301,2.04,35.33,Singapore,Asiatic Region,World Scientific Publishing Co. Pte Ltd,2006-2020,Computer Science (miscellaneous) (Q1); Computational Mathematics (Q2)
553,19600161832,Science China Information Sciences,journal,"1674733X, 18691919","0,557",Q1,56,342,910,9822,2625,656,3.02,28.72,China,Asiatic Region,Science in China Press,2010-2021,Computer Science (miscellaneous) (Q1)
554,17300154968,Bioinformatics and Biology Insights,journal,11779322,"0,556",Q2,23,19,49,1306,101,44,2.06,68.74,New Zealand,Pacific Region,Libertas Academica Ltd.,2009-2020,Applied Mathematics (Q2); Computational Mathematics (Q2); Computer Science Applications (Q2); Biochemistry (Q3); Molecular Biology (Q4)
555,24303,Computer Standards and Interfaces,journal,9205489,"0,556",Q2,63,36,246,2302,1013,243,3.71,63.94,Netherlands,Western Europe,Elsevier,1985-2020,Law (Q1); Hardware and Architecture (Q2); Software (Q2)
556,22545,Diqiu Kexue - Zhongguo Dizhi Daxue Xuebao/Earth Science - Journal of China University of Geosciences,journal,10002383,"0,556",Q2,38,325,883,15238,1451,883,1.62,46.89,China,Asiatic Region,China University of Geosciences,"1981, 2001-2020",Building and Construction (Q2); Computer Science Applications (Q2); Earth and Planetary Sciences (miscellaneous) (Q2)
557,27724,IEEE Transactions on Computer-Aided Design of Integrated Circuits and Systems,journal,2780070,"0,556",Q2,119,536,633,15952,2324,622,3.87,29.76,United States,Northern America,Institute of Electrical and Electronics Engineers Inc.,1982-2020,Computer Graphics and Computer-Aided Design (Q2); Electrical and Electronic Engineering (Q2); Software (Q2)
558,5000154502,International Journal of Medical Robotics and Computer Assisted Surgery,journal,"1478596X, 14785951","0,556",Q2,53,122,279,3912,817,279,2.8,32.07,United Kingdom,Western Europe,John Wiley and Sons Ltd,2004-2020,Computer Science Applications (Q2); Surgery (Q2); Biophysics (Q3)
559,6300153121,Journal of Theoretical and Applied Electronic Commerce Research,journal,7181876,"0,556",Q2,30,35,50,2474,191,42,4.25,70.69,Switzerland,Western Europe,Multidisciplinary Digital Publishing Institute (MDPI),2007-2020,"Business, Management and Accounting (miscellaneous) (Q2); Computer Science Applications (Q2)"
560,21100395701,Journal of Complex Networks,journal,"20511310, 20511329","0,555",Q2,23,63,134,3287,446,133,3.32,52.17,United States,Northern America,Oxford University Press,2013-2020,Applied Mathematics (Q2); Computational Mathematics (Q2); Computer Networks and Communications (Q2); Control and Optimization (Q2); Management Science and Operations Research (Q2)
561,15420,Electronic Library,journal,2640473,"0,554",Q2,39,62,213,2988,409,211,1.74,48.19,United Kingdom,Western Europe,Emerald Group Publishing Ltd.,1983-2020,Library and Information Sciences (Q1); Computer Science Applications (Q2)
562,5000157801,Mathematical Structures in Computer Science,journal,"09601295, 14698072","0,554",Q2,45,37,176,1166,278,167,1.67,31.51,United Kingdom,Western Europe,Cambridge University Press,1991-2020,Computer Science Applications (Q2); Mathematics (miscellaneous) (Q2)
563,12189,Simulation Modelling Practice and Theory,journal,1569190X,"0,554",Q2,69,132,316,5805,1227,312,4.02,43.98,Netherlands,Western Europe,Elsevier,2002-2021,Hardware and Architecture (Q2); Modeling and Simulation (Q2); Software (Q2)
564,21100265609,Digital Applications in Archaeology and Cultural Heritage,journal,22120548,"0,553",Q2,14,29,74,1155,197,74,2.74,39.83,United Kingdom,Western Europe,Elsevier BV,2014-2020,Anthropology (Q1); Archeology (Q1); Archeology (arts and humanities) (Q1); Computer Science Applications (Q2)
565,29112,Photonics and Nanostructures - Fundamentals and Applications,journal,"15694429, 15694410","0,553",Q2,40,64,174,2400,475,174,2.99,37.5,Netherlands,Western Europe,Elsevier,2003-2020,"Atomic and Molecular Physics, and Optics (Q2); Condensed Matter Physics (Q2); Electrical and Electronic Engineering (Q2); Electronic, Optical and Magnetic Materials (Q2); Hardware and Architecture (Q2); Nanoscience and Nanotechnology (Q2)"
566,130117,Optimization and Engineering,journal,13894420,"0,552",Q2,41,109,117,4624,335,112,2.7,42.42,Netherlands,Western Europe,Springer Netherlands,2005-2020,Aerospace Engineering (Q2); Civil and Structural Engineering (Q2); Control and Optimization (Q2); Electrical and Electronic Engineering (Q2); Mechanical Engineering (Q2); Software (Q2)
567,25878,Differential Geometry and its Applications,journal,"18726984, 09262245","0,551",Q2,38,73,258,1455,259,258,0.96,19.93,Netherlands,Western Europe,Elsevier,1991-2020,Analysis (Q2); Computational Theory and Mathematics (Q2); Geometry and Topology (Q3)
568,21100812851,Eurasip Journal on Information Security,journal,"2510523X, 16874161","0,548",Q2,25,15,47,576,188,46,3.17,38.4,United Kingdom,Western Europe,Springer Open,2007-2020,Computer Science Applications (Q2); Signal Processing (Q2)
569,21100372437,IEEE Transactions on Network Science and Engineering,journal,23274697,"0,548",Q2,24,301,131,10613,408,100,3.06,35.26,United States,Northern America,IEEE Computer Society,2014-2020,Computer Networks and Communications (Q2); Computer Science Applications (Q2); Control and Systems Engineering (Q2)
570,13185,Computing in Science and Engineering,journal,15219615,"0,547",Q1,67,70,222,966,494,196,1.71,13.8,United States,Northern America,IEEE Computer Society,1999-2020,Computer Science (miscellaneous) (Q1); Engineering (miscellaneous) (Q1)
571,21100868821,Frontiers in Robotics and AI,journal,22969144,"0,547",Q2,32,196,298,10240,1289,290,4.33,52.24,Switzerland,Western Europe,Frontiers Media S.A.,2015-2020,Artificial Intelligence (Q2); Computer Science Applications (Q2)
572,12305,Information Systems,journal,3064379,"0,547",Q2,85,100,271,4739,1027,255,3.39,47.39,United Kingdom,Western Europe,Elsevier Ltd.,1975-2021,Hardware and Architecture (Q2); Information Systems (Q2); Software (Q2)
573,28494,International Journal of Computer Mathematics,journal,"00207160, 10290265","0,547",Q2,48,213,439,7100,843,433,1.91,33.33,United Kingdom,Western Europe,Taylor and Francis Ltd.,"1964, 1968, 1971-1972, 1974-2020",Applied Mathematics (Q2); Computational Theory and Mathematics (Q2); Computer Science Applications (Q2)
574,21579,"Numerical Heat Transfer, Part B: Fundamentals",journal,"15210626, 10407790","0,547",Q2,57,57,147,1956,226,147,1.61,34.32,United Kingdom,Western Europe,Taylor and Francis Ltd.,1989-2020,Computer Science Applications (Q2); Condensed Matter Physics (Q2); Mechanics of Materials (Q2); Modeling and Simulation (Q2); Numerical Analysis (Q2)
575,21100905985,IEEE Journal on Exploratory Solid-State Computational Devices and Circuits,journal,23299231,"0,545",Q2,16,26,54,634,143,46,2.35,24.38,United States,Northern America,Institute of Electrical and Electronics Engineers Inc.,2015-2020,"Electrical and Electronic Engineering (Q2); Electronic, Optical and Magnetic Materials (Q2); Hardware and Architecture (Q2)"
576,13803,Signal Processing: Image Communication,journal,9235965,"0,544",Q2,83,166,487,7262,2102,483,4.17,43.75,Netherlands,Western Europe,Elsevier,1989-2020,Computer Vision and Pattern Recognition (Q2); Electrical and Electronic Engineering (Q2); Signal Processing (Q2); Software (Q2)
577,20606,Journal of Forecasting,journal,"02776693, 1099131X","0,543",Q2,59,127,177,5564,416,176,2.39,43.81,United Kingdom,Western Europe,John Wiley and Sons Ltd,1982-2020,"Computer Science Applications (Q2); Management Science and Operations Research (Q2); Modeling and Simulation (Q2); Statistics, Probability and Uncertainty (Q2); Strategy and Management (Q2)"
578,21100935201,ACM Transactions on Cyber-Physical Systems,journal,"23789638, 2378962X","0,542",Q2,14,27,122,1314,429,115,3.2,48.67,United States,Northern America,Association for Computing Machinery (ACM),2017-2020,Artificial Intelligence (Q2); Computer Networks and Communications (Q2); Control and Optimization (Q2); Hardware and Architecture (Q2); Human-Computer Interaction (Q2)
579,13683,Computer Communication Review,journal,"19435819, 01464833","0,542",Q2,170,36,128,1135,362,121,2.13,31.53,United States,Northern America,Association for Computing Machinery (ACM),1995-2020,Computer Networks and Communications (Q2); Software (Q2)
580,144908,Library Hi Tech,journal,7378831,"0,541",Q2,38,71,200,3744,444,191,2.19,52.73,United Kingdom,Western Europe,Emerald Group Publishing Ltd.,1983-2020,Library and Information Sciences (Q1); Information Systems (Q2)
581,12166,Mathematics and Computers in Simulation,journal,3784754,"0,541",Q1,77,260,504,9685,1372,493,2.63,37.25,Netherlands,Western Europe,Elsevier,1958-2021,Computer Science (miscellaneous) (Q1); Applied Mathematics (Q2); Modeling and Simulation (Q2); Numerical Analysis (Q2); Theoretical Computer Science (Q2)
582,28499,Journal of Combinatorial Optimization,journal,"13826905, 15732886","0,538",Q2,48,185,510,4610,769,502,1.45,24.92,Netherlands,Western Europe,Springer Netherlands,1997-2020,Applied Mathematics (Q2); Computational Theory and Mathematics (Q2); Computer Science Applications (Q2); Control and Optimization (Q2); Discrete Mathematics and Combinatorics (Q2)
583,20952,Journal of Computing and Information Science in Engineering,journal,15309827,"0,538",Q2,50,68,171,2853,391,170,2.16,41.96,United States,Northern America,The American Society of Mechanical Engineers(ASME),2001-2021,Computer Graphics and Computer-Aided Design (Q2); Computer Science Applications (Q2); Industrial and Manufacturing Engineering (Q2); Software (Q2)
584,21100900151,Journal of Imaging,journal,2313433X,"0,538",Q2,21,103,302,4861,1099,299,3.81,47.19,Switzerland,Western Europe,MDPI Multidisciplinary Digital Publishing Institute,2015-2020,"Computer Graphics and Computer-Aided Design (Q2); Computer Vision and Pattern Recognition (Q2); Electrical and Electronic Engineering (Q2); Radiology, Nuclear Medicine and Imaging (Q3)"
585,26199,ACM Transactions on Computer-Human Interaction,journal,"10730516, 15577325","0,536",Q2,90,43,121,4111,752,113,5.82,95.6,United States,Northern America,Association for Computing Machinery (ACM),"1994-1995, 1997-2020",Human-Computer Interaction (Q2)
586,21100818505,Theory of Computing,journal,15572862,"0,535",Q2,21,3,64,88,123,60,1.77,29.33,United States,Northern America,"University of Chicago, Department of Computer Science","2005, 2014-2020",Computational Theory and Mathematics (Q2); Theoretical Computer Science (Q2)
587,19700174894,Gene Regulation and Systems Biology,journal,11776250,"0,534",Q2,18,0,12,0,27,12,5,0,New Zealand,Pacific Region,Libertas Academica Ltd.,2008-2018,"Computer Science Applications (Q2); Ecology, Evolution, Behavior and Systematics (Q2); Genetics (Q3); Molecular Biology (Q4)"
588,25531,IEEE Multimedia,journal,1070986X,"0,534",Q2,68,48,138,612,500,125,4.35,12.75,United States,Northern America,IEEE Computer Society,1994-2020,Media Technology (Q1); Computer Science Applications (Q2); Hardware and Architecture (Q2); Signal Processing (Q2); Software (Q2)
589,21101017225,International Journal of Data Science and Analytics,journal,"2364415X, 23644168","0,534",Q2,17,58,134,2992,434,126,3.11,51.59,Switzerland,Western Europe,Springer Nature Switzerland AG,2016-2020,Applied Mathematics (Q2); Computational Theory and Mathematics (Q2); Computer Science Applications (Q2); Information Systems (Q2); Modeling and Simulation (Q2)
590,21100405702,Journal of Computer Virology and Hacking Techniques,journal,"22638733, 22742042","0,534",Q1,37,28,67,851,290,63,4.21,30.39,United States,Northern America,Springer Science + Business Media,2014-2020,Computer Science (miscellaneous) (Q1); Computational Theory and Mathematics (Q2); Hardware and Architecture (Q2); Software (Q2)
591,200147134,First Monday,journal,13960466,"0,533",Q2,70,1,215,0,343,215,1.13,0,United States,Northern America,First Monday,1996-2019,Law (Q1); Computer Networks and Communications (Q2); Human-Computer Interaction (Q2)
592,28916,IEEE Security and Privacy,journal,"15584046, 15407993","0,530",Q2,76,62,253,718,678,212,3.12,11.58,United States,Northern America,Institute of Electrical and Electronics Engineers Inc.,2003-2020,Law (Q1); Computer Networks and Communications (Q2); Electrical and Electronic Engineering (Q2)
593,4100151705,Informatics in Education,journal,16485831,"0,530",Q2,19,31,55,1388,162,55,2.9,44.77,Lithuania,Eastern Europe,Institute of Mathematics and Informatics,2006-2020,Communication (Q2); Computer Science Applications (Q2); Education (Q2)
594,21100398003,International Journal of Information and Learning Technology,journal,"20564899, 20564880","0,530",Q2,29,33,94,1600,238,90,2.7,48.48,United Kingdom,Western Europe,Emerald Group Publishing Ltd.,2015-2020,Computer Networks and Communications (Q2); Computer Science Applications (Q2); Education (Q2)
595,21100856541,Visualization in Engineering,journal,22137459,"0,530",Q2,19,0,30,0,134,30,9,0,Germany,Western Europe,Springer Open,2013-2019,Computer Graphics and Computer-Aided Design (Q2); Computer Science Applications (Q2); Computer Vision and Pattern Recognition (Q2); Engineering (miscellaneous) (Q2); Modeling and Simulation (Q2)
596,21141,"Journal of Dynamic Systems, Measurement and Control, Transactions of the ASME",journal,220434,"0,528",Q2,89,56,590,2019,1032,588,1.83,36.05,United States,Northern America,The American Society of Mechanical Engineers(ASME),1971-2020,Computer Science Applications (Q2); Control and Systems Engineering (Q2); Information Systems (Q2); Instrumentation (Q2); Mechanical Engineering (Q2)
597,21100774788,Journal of Electromagnetic Engineering and Science,journal,"26717255, 26717263","0,528",Q2,12,41,113,739,256,113,2.67,18.02,South Korea,Asiatic Region,The Korean Institute of Electromagnetic Engineering and Science,"2014, 2016-2020",Computer Networks and Communications (Q2); Electrical and Electronic Engineering (Q2); Instrumentation (Q2); Radiation (Q2)
598,21100422153,SoftwareX,journal,23527110,"0,528",Q2,21,162,235,4501,654,235,2.57,27.78,Netherlands,Western Europe,Elsevier BV,2015-2020,Computer Science Applications (Q2); Software (Q2)
599,19900192440,LMS Journal of Computation and Mathematics,journal,14611570,"0,526",Q2,18,0,4,0,8,3,0,0,United Kingdom,Western Europe,Cambridge University Press,"2008, 2010-2018",Computational Theory and Mathematics (Q2); Mathematics (miscellaneous) (Q2)
600,13799,Problems of Information Transmission,journal,"00329460, 16083253","0,525",Q2,19,25,80,602,79,80,1.31,24.08,United States,Northern America,Pleiades Publishing,"1972-1991, 2005-2020",Computer Networks and Communications (Q2); Computer Science Applications (Q2); Information Systems (Q2)
601,147225,Computers in the Schools,journal,"07380569, 15287033","0,524",Q1,26,15,58,668,98,54,1.61,44.53,United States,Northern America,Routledge,"1984-1997, 1999, 2001-2020",Computer Science (miscellaneous) (Q1); Library and Information Sciences (Q1); Education (Q2)
602,21805,Mathematical Methods of Operations Research,journal,"14325217, 14322994","0,524",Q2,48,45,120,1419,186,118,1.46,31.53,Germany,Western Europe,Physica-Verlag,1996-2020,Management Science and Operations Research (Q2); Mathematics (miscellaneous) (Q2); Software (Q2)
603,4700152622,TechTrends,journal,87563894,"0,524",Q2,38,111,290,3873,454,258,1.58,34.89,United States,Northern America,Springer New York,"1982, 1985-1996, 2000, 2004, 2006-2020",Computer Science Applications (Q2); Education (Q2)
604,26621,"Journal of Electronic Packaging, Transactions of the ASME",journal,"15289044, 10437398","0,523",Q2,52,36,134,1078,217,129,1.84,29.94,United States,Northern America,The American Society of Mechanical Engineers(ASME),1989-2021,"Computer Science Applications (Q2); Electrical and Electronic Engineering (Q2); Electronic, Optical and Magnetic Materials (Q2); Mechanics of Materials (Q2)"
605,21100830709,Journal of Sensor and Actuator Networks,journal,22242708,"0,522",Q2,25,45,137,2148,550,134,3.71,47.73,Switzerland,Western Europe,MDPI AG,2012-2020,Computer Networks and Communications (Q2); Control and Optimization (Q2); Instrumentation (Q2)
606,26168,Computers and Composition,journal,87554615,"0,521",Q2,35,43,112,2255,159,102,1.5,52.44,United Kingdom,Western Europe,Elsevier Ltd.,1983-2020,Language and Linguistics (Q1); Linguistics and Language (Q1); Computer Science (miscellaneous) (Q2); Education (Q2)
607,21100243801,Multisensory research,journal,"22134808, 22134794","0,521",Q2,50,56,114,3772,227,113,1.99,67.36,Netherlands,Western Europe,Brill Academic Publishers,2013-2020,Computer Vision and Pattern Recognition (Q2); Cognitive Neuroscience (Q3); Experimental and Cognitive Psychology (Q3); Ophthalmology (Q3); Sensory Systems (Q4)
608,12886,Cognitive Systems Research,journal,13890417,"0,520",Q2,49,64,348,2906,1380,339,4.2,45.41,Netherlands,Western Europe,Elsevier,1999-2020,Artificial Intelligence (Q2); Cognitive Neuroscience (Q3); Experimental and Cognitive Psychology (Q3)
609,21100229165,Research in Learning Technology,journal,"21567077, 21567069","0,520",Q2,26,44,89,1882,194,87,2.11,42.77,United Kingdom,Western Europe,Association for Learning Technology,2012-2020,Computer Science Applications (Q2); Education (Q2)
610,21100853526,ACM Transactions on Economics and Computation,journal,"21678375, 21678383","0,519",Q2,18,24,55,902,196,51,4.33,37.58,United States,Northern America,Association for Computing Machinery (ACM),2013-2020,Computational Mathematics (Q2); Computer Science (miscellaneous) (Q2); Economics and Econometrics (Q2); Marketing (Q2); Statistics and Probability (Q3)
611,21100906916,Software-Intensive Cyber-Physical Systems,journal,"25248510, 25248529","0,519",Q2,29,14,105,396,356,101,3.61,28.29,Germany,Western Europe,Springer Berlin,2019-2020,Computational Theory and Mathematics (Q2); Computer Networks and Communications (Q2); Computer Science (miscellaneous) (Q2); Hardware and Architecture (Q2); Information Systems (Q2); Software (Q2)
612,5800208235,Spatial Cognition and Computation,journal,13875868,"0,519",Q2,33,15,42,993,138,41,1.07,66.2,United States,Northern America,Taylor and Francis Ltd.,"2000, 2003-2020",Computer Graphics and Computer-Aided Design (Q2); Computer Vision and Pattern Recognition (Q2); Earth-Surface Processes (Q2); Modeling and Simulation (Q2); Experimental and Cognitive Psychology (Q3)
613,145523,"Cognition, Technology and Work",journal,"14355558, 14355566","0,518",Q2,36,90,155,4996,449,150,2.92,55.51,United Kingdom,Western Europe,Springer London,2002-2020,Philosophy (Q1); Computer Science Applications (Q2); Human-Computer Interaction (Q2)
614,5700165206,Complex Analysis and Operator Theory,journal,"16618262, 16618254","0,518",Q2,23,86,416,2010,440,413,1.09,23.37,Switzerland,Western Europe,Birkhauser Verlag Basel,2007-2020,Applied Mathematics (Q2); Computational Mathematics (Q2); Computational Theory and Mathematics (Q2)
615,14300154706,Peer-to-Peer Networking and Applications,journal,"19366450, 19366442","0,518",Q2,32,215,333,7199,1089,321,3.06,33.48,United States,Northern America,Springer New York,2009-2020,Computer Networks and Communications (Q2); Software (Q2)
616,21100922617,Expert Systems with Applications: X,journal,25901885,"0,517",Q2,4,8,9,487,51,9,5.67,60.88,United Kingdom,Western Europe,Elsevier Ltd.,2019-2020,Artificial Intelligence (Q2); Computer Science Applications (Q2); Engineering (miscellaneous) (Q2)
617,28049,Applied Categorical Structures,journal,"09272852, 15729095","0,515",Q2,31,36,139,865,157,137,1.11,24.03,Netherlands,Western Europe,Springer Netherlands,1993-2020,Computer Science (miscellaneous) (Q2); Theoretical Computer Science (Q2); Algebra and Number Theory (Q3)
618,5800213394,Information and Communications Technology Law,journal,13600834,"0,514",Q2,17,20,50,0,121,46,2.18,0,United Kingdom,Western Europe,Routledge,"1992-2001, 2003-2020",Law (Q1); Communication (Q2); Computer Science Applications (Q2)
619,25509,Information and Computation,journal,"10902651, 08905401","0,514",Q2,77,127,262,4126,414,252,1.21,32.49,United States,Northern America,Elsevier Inc.,1987-2020,Computational Theory and Mathematics (Q2); Computer Science Applications (Q2); Information Systems (Q2); Theoretical Computer Science (Q2)
620,21101020112,Big Data and Cognitive Computing,journal,25042289,"0,511",Q2,12,39,97,2547,406,95,4.2,65.31,Switzerland,Western Europe,MDPI AG,2017-2020,Artificial Intelligence (Q2); Computer Science Applications (Q2); Information Systems (Q2); Management Information Systems (Q2)
621,21100211334,Journal of Cognitive Engineering and Decision Making,journal,"21695032, 15553434","0,511",Q2,31,14,74,665,198,72,2.41,47.5,United States,Northern America,SAGE Publications Inc.,2007-2020,Computer Science Applications (Q2); Engineering (miscellaneous) (Q2); Applied Psychology (Q3); Human Factors and Ergonomics (Q3)
622,130113,Cognitive Processing,journal,"16124782, 16124790","0,510",Q2,44,57,154,3473,263,151,1.65,60.93,Germany,Western Europe,Springer Verlag,2005-2020,Artificial Intelligence (Q2); Cognitive Neuroscience (Q3); Experimental and Cognitive Psychology (Q3); Medicine (miscellaneous) (Q3)
623,17600155397,International Journal of Design,journal,"1994036X, 19913761","0,510",Q2,40,23,55,1473,147,52,2.26,64.04,Taiwan,Asiatic Region,National Taiwan University of Science and Technology,2007-2020,Computer Graphics and Computer-Aided Design (Q2); Industrial and Manufacturing Engineering (Q2); Marketing (Q2); Strategy and Management (Q2)
624,21100199856,Journal of Information Technology Education:Research,journal,"15393585, 15479714","0,510",Q2,19,31,73,1864,178,73,2.57,60.13,United States,Northern America,Informing Science Institute,2011-2020,Computer Science (miscellaneous) (Q2); Education (Q2); E-learning (Q2)
625,12188,Simulation and Gaming,journal,"1552826X, 10468781","0,510",Q2,60,54,134,2478,263,115,1.78,45.89,United States,Northern America,SAGE Publications Inc.,"1970-1976, 1978-1983, 1985, 1987-2020","Business, Management and Accounting (miscellaneous) (Q2); Computer Science Applications (Q2)"
626,19700177325,China Communications,journal,16735447,"0,508",Q2,42,227,629,6632,2012,607,3.53,29.22,China,Asiatic Region,China Institute of Communication,2008-2020,Computer Networks and Communications (Q2); Electrical and Electronic Engineering (Q2)
627,21100824892,"Law, Innovation and Technology",journal,"1757997X, 17579961","0,508",Q2,15,12,36,0,98,35,1.78,0,United Kingdom,Western Europe,Taylor and Francis Ltd.,2009-2020,Law (Q1); Artificial Intelligence (Q2); Computer Science Applications (Q2); Computer Science (miscellaneous) (Q2); Biotechnology (Q3)
628,21100385802,Interactive Technology and Smart Education,journal,"17415659, 17588510","0,507",Q2,19,33,77,1991,171,74,1.98,60.33,United Kingdom,Western Europe,Emerald Group Publishing Ltd.,2004-2020,Computer Science (miscellaneous) (Q2); Education (Q2); E-learning (Q2)
629,12300,IEEE Transactions on Very Large Scale Integration (VLSI) Systems,journal,"15579999, 10638210","0,506",Q2,105,257,887,8001,2867,878,3.15,31.13,United States,Northern America,Institute of Electrical and Electronics Engineers Inc.,1993-2020,Electrical and Electronic Engineering (Q2); Hardware and Architecture (Q2); Software (Q2)
630,28501,Journal of Mathematical Imaging and Vision,journal,"09249907, 15737683","0,504",Q2,74,76,234,3165,546,225,2.23,41.64,Netherlands,Western Europe,Springer Netherlands,1992-2020,Applied Mathematics (Q2); Computer Vision and Pattern Recognition (Q2); Condensed Matter Physics (Q2); Modeling and Simulation (Q2); Geometry and Topology (Q3); Statistics and Probability (Q3)
631,21100900141,"Pixel-Bit, Revista de Medios y Educacion",journal,"11338482, 21717966","0,504",Q2,6,32,64,1297,138,63,2.16,40.53,Spain,Western Europe,Universidad de Sevilla,2018-2020,Computer Networks and Communications (Q2); Computer Science Applications (Q2); Education (Q2); Information Systems (Q2)
632,21100792109,Procedia Manufacturing,journal,23519789,"0,504",Q2,43,1390,3628,27760,8346,3572,1.79,19.97,Netherlands,Western Europe,Elsevier BV,2015-2020,Artificial Intelligence (Q2); Industrial and Manufacturing Engineering (Q2)
633,29676,Quantum Information and Computation,journal,15337146,"0,504",Q2,73,34,132,1312,287,132,1.74,38.59,United States,Northern America,Rinton Press Inc.,2001-2020,Computational Theory and Mathematics (Q2); Physics and Astronomy (miscellaneous) (Q2); Theoretical Computer Science (Q2); Mathematical Physics (Q3); Nuclear and High Energy Physics (Q3); Statistical and Nonlinear Physics (Q3)
634,11200153571,Evolutionary Bioinformatics,journal,11769343,"0,502",Q2,32,49,116,2364,184,105,1.52,48.24,New Zealand,Pacific Region,Libertas Academica Ltd.,2007-2020,"Computer Science Applications (Q2); Ecology, Evolution, Behavior and Systematics (Q2); Genetics (Q3)"
635,12709,Information Technology and Libraries,journal,"07309295, 21635226","0,502",Q2,34,45,101,700,82,72,0.8,15.56,United States,Northern America,American Library Association,"1971-1974, 1988-2020",Library and Information Sciences (Q1); Information Systems (Q2)
636,25592,Journal of Visual Communication and Image Representation,journal,10473203,"0,502",Q2,81,169,769,7411,2863,764,3.55,43.85,United States,Northern America,Academic Press Inc.,1990-2020,Media Technology (Q1); Computer Vision and Pattern Recognition (Q2); Electrical and Electronic Engineering (Q2); Signal Processing (Q2)
637,14879,Web Semantics,journal,15708268,"0,502",Q2,83,26,83,1080,341,79,3.87,41.54,Netherlands,Western Europe,Elsevier,2003-2020,Computer Networks and Communications (Q2); Human-Computer Interaction (Q2); Software (Q2)
638,12813,Journal of Information Science,journal,"01655515, 17416485","0,499",Q2,64,124,166,6005,608,165,3.84,48.43,United Kingdom,Western Europe,SAGE Publications Ltd,1979-2020,Library and Information Sciences (Q1); Information Systems (Q2)
639,78470,Discrete Mathematics and Theoretical Computer Science,journal,13658050,"0,498",Q2,25,0,116,0,156,116,1.26,0,France,Western Europe,Maison de l'informatique et des mathematiques discretes,"1998-2000, 2004-2019",Computer Science (miscellaneous) (Q2); Discrete Mathematics and Combinatorics (Q2); Theoretical Computer Science (Q2)
640,14363,INFOR,journal,"03155986, 19160615","0,498",Q2,33,25,65,878,107,62,1.77,35.12,Canada,Northern America,Taylor and Francis Ltd.,"1971-1989, 1996-2019",Computer Science Applications (Q2); Information Systems (Q2); Signal Processing (Q2)
641,21100901150,Data Science and Engineering,journal,"23641541, 23641185","0,497",Q2,14,34,88,1274,306,78,3.62,37.47,Germany,Western Europe,Springer Berlin,2016-2020,Computational Mechanics (Q2); Computer Science Applications (Q2)
642,24354,Journal of Automated Reasoning,journal,"15730670, 01687433","0,497",Q2,56,57,138,2122,382,127,2.3,37.23,Netherlands,Western Europe,Springer Netherlands,1985-2020,Artificial Intelligence (Q2); Computational Theory and Mathematics (Q2); Software (Q2)
643,21100907392,Visual Informatics,journal,"25432656, 2468502X","0,495",Q2,11,28,53,1299,241,51,3.64,46.39,Netherlands,Western Europe,Elsevier BV,2017-2020,Computer Graphics and Computer-Aided Design (Q2); Human-Computer Interaction (Q2); Software (Q2)
644,14500154733,Operational Research,journal,"11092858, 18661505","0,494",Q3,22,170,198,7966,458,195,2.14,46.86,Germany,Western Europe,Springer Verlag,2009-2020,"Management of Technology and Innovation (Q2); Management Science and Operations Research (Q2); Modeling and Simulation (Q2); Strategy and Management (Q2); Computational Theory and Mathematics (Q3); Numerical Analysis (Q3); Statistics, Probability and Uncertainty (Q3)"
645,19200156938,"Transforming Government: People, Process and Policy",journal,17506166,"0,494",Q2,37,56,55,3600,195,55,3.33,64.29,United Kingdom,Western Europe,Emerald Group Publishing Ltd.,2007-2020,Computer Science Applications (Q2); E-learning (Q2); Information Systems and Management (Q2); Public Administration (Q2)
646,2600147401,Universal Access in the Information Society,journal,"16155289, 16155297","0,492",Q2,42,121,202,7261,628,191,3.67,60.01,Germany,Western Europe,Springer Verlag,2003-2020,Computer Networks and Communications (Q2); Human-Computer Interaction (Q2); Information Systems (Q2); Software (Q2)
647,21100203110,Computer Optics,journal,1342452,"0,491",Q2,29,121,369,3152,976,367,2.97,26.05,Russian Federation,Eastern Europe,"Institution of Russian Academy of Sciences, Image Processing Systems Institute of RAS",2008-2020,"Atomic and Molecular Physics, and Optics (Q2); Computer Science Applications (Q2); Computer Vision and Pattern Recognition (Q2); Electrical and Electronic Engineering (Q2); Engineering (miscellaneous) (Q2)"
648,21100976153,"IEEE Transactions on Molecular, Biological, and Multi-Scale Communications",journal,23327804,"0,491",Q2,21,23,62,1020,176,60,2.27,44.35,United States,Northern America,Institute of Electrical and Electronics Engineers Inc.,2015-2020,Computer Networks and Communications (Q2); Electrical and Electronic Engineering (Q2); Modeling and Simulation (Q2); Bioengineering (Q3); Biotechnology (Q3)
649,25053,IT Professional,journal,15209202,"0,490",Q2,50,79,229,914,687,210,2.58,11.57,United States,Northern America,IEEE Computer Society,1999-2020,Computer Science Applications (Q2); Hardware and Architecture (Q2); Software (Q2)
650,4700152506,NETNOMICS: Economic Research and Electronic Networking,journal,13859587,"0,490",Q2,16,7,27,311,62,26,1.81,44.43,Netherlands,Western Europe,Kluwer Academic Publishers,"2005, 2007-2019",Computer Networks and Communications (Q2); Economics and Econometrics (Q2); Information Systems (Q2)
651,27287,Journal of Network and Systems Management,journal,"15737705, 10647570","0,485",Q2,35,66,113,3087,373,111,2.59,46.77,United States,Northern America,Springer New York,1993-2020,Computer Networks and Communications (Q2); Hardware and Architecture (Q2); Information Systems (Q2); Strategy and Management (Q2)
652,19700175752,Logical Methods in Computer Science,journal,18605974,"0,484",Q2,39,81,300,2920,473,300,1.6,36.05,Germany,Western Europe,Technischen Universitat Braunschweig,2005-2020,Computer Science (miscellaneous) (Q2); Theoretical Computer Science (Q2)
653,13196,Progress in Computational Fluid Dynamics,journal,"14684349, 17415233","0,483",Q2,29,30,103,1018,132,102,0.94,33.93,United Kingdom,Western Europe,Inderscience Enterprises Ltd.,"2001-2014, 2020",Computer Science Applications (Q2); Condensed Matter Physics (Q2)
654,12360,International Journal of General Systems,journal,"03081079, 15635104","0,482",Q2,47,42,129,1184,261,124,2.22,28.19,United Kingdom,Western Europe,Taylor and Francis Ltd.,1974-2020,Computer Science Applications (Q2); Control and Systems Engineering (Q2); Information Systems (Q2); Modeling and Simulation (Q2); Theoretical Computer Science (Q3)
655,15012,Acta Informatica,journal,"14320525, 00015903","0,481",Q2,40,42,78,1279,163,72,1.22,30.45,Germany,Western Europe,Springer New York,1971-2020,Computer Networks and Communications (Q2); Information Systems (Q2); Software (Q2)
656,19900192900,Molecular Informatics,journal,"18681751, 18681743","0,481",Q2,68,77,196,3339,536,185,3.02,43.36,Germany,Western Europe,Wiley - VCH Verlag GmbH &amp; CO. KGaA,2010-2020,Computer Science Applications (Q2); Drug Discovery (Q3); Molecular Medicine (Q3); Organic Chemistry (Q3); Structural Biology (Q3)
657,21100901140,Journal of Innovation and Entrepreneurship,journal,21925372,"0,480",Q2,14,27,50,1866,132,48,2.83,69.11,Germany,Western Europe,Springer Open,"2014-2015, 2017-2020",Economics and Econometrics (Q2); Information Systems (Q2); Management Information Systems (Q2); Management of Technology and Innovation (Q2); Sociology and Political Science (Q2)
658,21100871297,Journal of Theoretical and Computational Acoustics,journal,"25917811, 25917285","0,479",Q2,38,48,134,1727,142,110,1.06,35.98,Singapore,Asiatic Region,World Scientific Publishing Co. Pte Ltd,2018-2020,Acoustics and Ultrasonics (Q2); Applied Mathematics (Q2); Computer Science Applications (Q2)
659,25710,Numerical Functional Analysis and Optimization,journal,"15322467, 01630563","0,479",Q2,47,99,278,2727,326,277,1.21,27.55,United States,Northern America,Taylor and Francis Ltd.,1979-2020,Computer Science Applications (Q2); Control and Optimization (Q2); Signal Processing (Q2); Analysis (Q3)
660,20573,Theory of Computing Systems,journal,"14330490, 14324350","0,479",Q3,44,76,242,1874,391,223,1.56,24.66,United States,Northern America,Springer New York,1996-2020,Computational Theory and Mathematics (Q3); Theoretical Computer Science (Q3)
661,18156,Computer Applications in Engineering Education,journal,"10990542, 10613773","0,478",Q2,29,158,377,6285,814,371,2.06,39.78,United States,Northern America,John Wiley and Sons Inc.,1992-2020,Computer Science (miscellaneous) (Q2); Education (Q2); Engineering (miscellaneous) (Q2)
662,24774,Knowledge Engineering Review,journal,"14698005, 02698889","0,477",Q2,62,35,36,1399,132,33,3.83,39.97,United Kingdom,Western Europe,Cambridge University Press,"1984, 1987-2020",Artificial Intelligence (Q2); Software (Q2)
663,18078,Robotica,journal,"02635747, 14698668","0,476",Q2,64,147,349,5752,793,347,2.51,39.13,United Kingdom,Western Europe,Cambridge University Press,1983-2020,Computer Science Applications (Q2); Control and Systems Engineering (Q2); Mathematics (miscellaneous) (Q2); Software (Q2)
664,25620,Journal of Logic and Computation,journal,"0955792X, 1465363X","0,475",Q2,54,62,207,1830,224,197,0.98,29.52,United Kingdom,Western Europe,Oxford University Press,1990-2020,Arts and Humanities (miscellaneous) (Q2); Hardware and Architecture (Q2); Logic (Q2); Software (Q2); Theoretical Computer Science (Q3)
665,22078,Systems Engineering,journal,"15206858, 10981241","0,474",Q2,50,47,114,2800,234,109,1.98,59.57,United States,Northern America,John Wiley and Sons Inc.,1998-2020,Computer Networks and Communications (Q2); Hardware and Architecture (Q2)
666,19400158708,Entertainment Computing,journal,18759521,"0,473",Q2,29,32,125,1430,318,120,2.22,44.69,Netherlands,Western Europe,Elsevier,2009-2021,Computer Science Applications (Q2); Human-Computer Interaction (Q2); Software (Q2)
667,21112,International Journal of Modelling and Simulation,journal,2286203,"0,473",Q2,18,56,74,1946,137,74,1.94,34.75,United Kingdom,Western Europe,Taylor and Francis Ltd.,1996-2020,Electrical and Electronic Engineering (Q2); Hardware and Architecture (Q2); Industrial and Manufacturing Engineering (Q2); Mechanics of Materials (Q2); Modeling and Simulation (Q2); Software (Q2)
668,144639,Information Technology and Management,journal,"1385951X, 15737667","0,471",Q2,38,17,51,750,147,49,2.03,44.12,Netherlands,Western Europe,Kluwer Academic Publishers,2005-2020,"Business, Management and Accounting (miscellaneous) (Q2); Communication (Q2); Information Systems (Q2)"
669,15099,IBM Journal of Research and Development,journal,"21518556, 00188646","0,470",Q2,95,55,145,1371,464,130,2.99,24.93,United States,Northern America,IBM Corporation,1969-2020,Computer Science (miscellaneous) (Q2)
670,13715,Entropy,journal,10994300,"0,468",Q2,74,1424,2798,66967,8621,2737,3.01,47.03,Switzerland,Western Europe,MDPI Multidisciplinary Digital Publishing Institute,1999-2020,Electrical and Electronic Engineering (Q2); Information Systems (Q2); Physics and Astronomy (miscellaneous) (Q2); Mathematical Physics (Q3)
671,18003,Advanced Robotics,journal,"01691864, 15685535","0,466",Q2,64,127,300,3995,694,280,2.04,31.46,United Kingdom,Western Europe,Taylor and Francis Ltd.,1986-2020,Computer Science Applications (Q2); Control and Systems Engineering (Q2); Hardware and Architecture (Q2); Human-Computer Interaction (Q2); Software (Q2)
672,21100394100,IET Networks,journal,"20474962, 20474954","0,466",Q2,21,48,138,1478,433,132,3.41,30.79,United Kingdom,Western Europe,Institution of Engineering and Technology,2014-2020,Computer Networks and Communications (Q2); Control and Optimization (Q2); Management Science and Operations Research (Q2)
673,19900194826,Journal of Global Information Technology Management,journal,"1097198X, 23336846","0,466",Q2,31,20,61,1088,142,40,2.88,54.4,United Kingdom,Western Europe,Taylor and Francis Ltd.,1998-2020,E-learning (Q2); Information Systems (Q2); Information Systems and Management (Q2)
674,21100210909,Nordic Journal of Digital Literacy,journal,"1891943X, 08096724","0,465",Q2,14,21,40,956,60,33,1.39,45.52,Norway,Western Europe,Universitetsforlaget AS,2012-2020,Computer Science Applications (Q2); Education (Q2); E-learning (Q2)
675,25744,Order,journal,"15729273, 01678094","0,465",Q3,27,57,103,1123,113,103,1.25,19.7,Netherlands,Western Europe,Springer Netherlands,1984-2020,Algebra and Number Theory (Q3); Computational Theory and Mathematics (Q3); Geometry and Topology (Q3)
676,26200,Canadian Journal of Electrical and Computer Engineering,journal,8408688,"0,464",Q2,26,38,77,935,181,74,1.92,24.61,Canada,Northern America,IEEE Canada,"1988-2010, 2013-2020",Electrical and Electronic Engineering (Q2); Hardware and Architecture (Q2)
677,15492,Journal of Organizational and End User Computing,journal,"15465012, 15462234","0,464",Q2,32,13,60,670,237,60,4.77,51.54,United States,Northern America,IGI Publishing,2004-2020,Computer Science Applications (Q2); Human-Computer Interaction (Q2); Strategy and Management (Q2)
678,20571,Theoretical Computer Science,journal,3043975,"0,464",Q2,122,587,1196,16251,1839,1144,1.5,27.68,Netherlands,Western Europe,Elsevier,1975-2020,Computer Science (miscellaneous) (Q2); Theoretical Computer Science (Q3)
679,14965,World Wide Web,journal,"15731413, 1386145X","0,464",Q2,42,151,279,6144,918,268,3.2,40.69,United States,Northern America,Springer New York,"2001, 2003-2020",Computer Networks and Communications (Q2); Hardware and Architecture (Q2); Software (Q2)
680,19700174753,Nano Communication Networks,journal,18787789,"0,463",Q2,36,17,91,718,299,87,3.27,42.24,Netherlands,Western Europe,Elsevier,2010-2020,Computer Networks and Communications (Q2); Electrical and Electronic Engineering (Q2); Applied Mathematics (Q3)
681,24806,Neural Processing Letters,journal,"13704621, 1573773X","0,463",Q2,54,311,545,13357,1783,540,3,42.95,Netherlands,Western Europe,Springer Netherlands,1994-2020,Artificial Intelligence (Q2); Computer Networks and Communications (Q2); Software (Q2); Neuroscience (miscellaneous) (Q3)
682,21100810658,Paladyn,journal,20814836,"0,463",Q2,8,32,66,1491,180,65,2.57,46.59,Poland,Eastern Europe,De Gruyter Open Ltd.,2016-2020,Artificial Intelligence (Q2); Human-Computer Interaction (Q2); Behavioral Neuroscience (Q3); Cognitive Neuroscience (Q3); Developmental Neuroscience (Q4)
683,18660,Requirements Engineering,journal,"09473602, 1432010X","0,462",Q2,56,26,72,1511,258,69,3.5,58.12,United Kingdom,Western Europe,Springer London,"1996, 1998-2002, 2005-2020",Information Systems (Q2); Software (Q2)
684,18202,Eurasip Journal on Wireless Communications and Networking,journal,"16871499, 16871472","0,461",Q2,64,254,803,8975,2506,801,3.52,35.33,United Kingdom,Western Europe,Springer Open,2004-2020,Computer Networks and Communications (Q2); Computer Science Applications (Q2); Signal Processing (Q2)
685,23671,Speech Communication,journal,1676393,"0,459",Q2,106,68,263,3826,818,259,2.96,56.26,Netherlands,Western Europe,Elsevier,1982-2020,Language and Linguistics (Q1); Linguistics and Language (Q1); Communication (Q2); Computer Science Applications (Q2); Computer Vision and Pattern Recognition (Q2); Modeling and Simulation (Q2); Software (Q2)
686,25529,Optimal Control Applications and Methods,journal,"10991514, 01432087","0,458",Q2,44,134,264,4903,694,263,2.85,36.59,United Kingdom,Western Europe,John Wiley and Sons Ltd,1980-2020,Control and Optimization (Q2); Control and Systems Engineering (Q2); Software (Q2); Applied Mathematics (Q3)
687,19700186817,Queue,journal,"15427730, 15427749","0,457",Q2,44,39,131,267,265,117,2.89,6.85,United States,Northern America,Association for Computing Machinery (ACM),2003-2020,Computer Science (miscellaneous) (Q2)
688,19700177337,Social Network Analysis and Mining,journal,"18695450, 18695469","0,457",Q2,36,92,187,4472,650,186,3.87,48.61,Austria,Western Europe,Springer-Verlag Wien,2011-2020,Media Technology (Q1); Communication (Q2); Computer Science Applications (Q2); Human-Computer Interaction (Q2); Information Systems (Q2)
689,19900191719,Construction Innovation,journal,"14770857, 14714175","0,455",Q2,39,47,88,2737,253,86,2.67,58.23,United Kingdom,Western Europe,Emerald Group Publishing Ltd.,2001-2020,Architecture (Q1); Building and Construction (Q2); Civil and Structural Engineering (Q2); Computer Science (miscellaneous) (Q2); Control and Systems Engineering (Q2)
690,21100420109,IEEE Transactions on Multi-Scale Computing Systems,journal,23327766,"0,455",Q2,19,0,100,0,281,96,2.06,0,United States,Northern America,Institute of Electrical and Electronics Engineers Inc.,2015-2018,Control and Systems Engineering (Q2); Hardware and Architecture (Q2); Information Systems (Q2)
691,11700154734,Swarm Intelligence,journal,"19353820, 19353812","0,455",Q2,39,12,43,773,140,40,3.53,64.42,United States,Northern America,Springer New York,2008-2020,Artificial Intelligence (Q2)
692,21100897500,Education Sciences,journal,22277102,"0,453",Q2,19,389,607,20377,1298,584,2.15,52.38,Switzerland,Western Europe,MDPI AG,2011-2020,"Computer Science Applications (Q2); Computer Science (miscellaneous) (Q2); Education (Q2); Physical Therapy, Sports Therapy and Rehabilitation (Q2); Public Administration (Q2); Developmental and Educational Psychology (Q3)"
693,24801,Molecular Simulation,journal,"08927022, 10290435","0,453",Q2,57,188,498,9774,976,483,2.08,51.99,United Kingdom,Western Europe,Taylor and Francis Ltd.,1987-2020,Chemical Engineering (miscellaneous) (Q2); Chemistry (miscellaneous) (Q2); Information Systems (Q2); Materials Science (miscellaneous) (Q2); Modeling and Simulation (Q2); Condensed Matter Physics (Q3)
694,21100283377,Australasian Journal of Engineering Education,journal,"13245821, 13254340","0,452",Q2,7,20,34,842,40,28,1.3,42.1,United Kingdom,Western Europe,Taylor and Francis Ltd.,"2013, 2015-2020",Education (Q2); Engineering (miscellaneous) (Q2); Human-Computer Interaction (Q2)
695,27869,Computer Speech and Language,journal,"08852308, 10958363","0,452",Q2,71,61,233,3112,898,228,3.07,51.02,United States,Northern America,Academic Press Inc.,"1986-1987, 1989-2021",Human-Computer Interaction (Q2); Software (Q2); Theoretical Computer Science (Q3)
696,4700152807,Foundations and Trends in Electronic Design Automation,journal,"15513947, 15513939","0,452",Q2,16,1,7,312,36,7,7.5,312,United States,Northern America,Now Publishers Inc,2006-2019,Computer Graphics and Computer-Aided Design (Q2); Hardware and Architecture (Q2)
697,21100897717,Informatics,journal,22279709,"0,451",Q2,12,41,97,2126,316,95,3.26,51.85,Switzerland,Western Europe,MDPI Multidisciplinary Digital Publishing Institute,2018-2020,Communication (Q2); Computer Networks and Communications (Q2); Human-Computer Interaction (Q2)
698,21100824034,Virtual Archaeology Review,journal,19899947,"0,450",Q2,10,20,57,879,118,57,2.4,43.95,Spain,Western Europe,Universitat Politecnica de Valencia,2017-2020,Archeology (Q1); Archeology (arts and humanities) (Q1); Conservation (Q1); Computer Science Applications (Q2)
699,25823,Complexity,journal,"10762787, 10990526","0,447",Q2,61,1426,1720,55931,5002,1669,2.87,39.22,Egypt,Africa/Middle East,Hindawi Limited,1995-2020,Multidisciplinary (Q1); Computer Science (miscellaneous) (Q2)
700,20000195008,"International Journal of Technological Learning, Innovation and Development",journal,"17531942, 17531950","0,447",Q2,21,16,49,1200,58,49,1.23,75,United Kingdom,Western Europe,Inderscience Enterprises Ltd.,"2007-2008, 2011-2013",Computer Science Applications (Q2); Education (Q2); Management of Technology and Innovation (Q2)
701,21100922758,Journal of Computers in Education,journal,"21979995, 21979987","0,447",Q2,7,26,24,1640,74,23,3.08,63.08,Germany,Western Europe,Springer Berlin,2019-2020,Computer Science Applications (Q2); Education (Q2)
702,21100857424,SCIRES-IT,journal,22394303,"0,447",Q2,5,37,62,1036,70,57,1.34,28,Italy,Western Europe,Caspur-Ciber Publishing,2016-2019,Conservation (Q1); Computer Networks and Communications (Q2); Computer Science Applications (Q2); Information Systems (Q2); Library and Information Sciences (Q2)
703,21100788884,International Journal of Multimedia Information Retrieval,journal,"21926611, 2192662X","0,446",Q2,21,21,65,1546,295,59,5.38,73.62,United Kingdom,Western Europe,Springer London,2012-2020,Media Technology (Q1); Information Systems (Q2); Library and Information Sciences (Q2)
704,18000156707,Security and Communication Networks,journal,"19390122, 19390114","0,446",Q2,43,239,616,8772,1915,596,3.07,36.7,Egypt,Africa/Middle East,Hindawi Limited,2009-2020,Computer Networks and Communications (Q2); Information Systems (Q2)
705,25623,Journal of Supercomputing,journal,"15730484, 09208542","0,445",Q2,61,536,985,18904,2893,964,2.71,35.27,Netherlands,Western Europe,Springer Netherlands,1987-2020,Hardware and Architecture (Q2); Information Systems (Q2); Software (Q2); Theoretical Computer Science (Q3)
706,27306,Mobile Networks and Applications,journal,"1383469X, 15728153","0,445",Q2,85,321,562,9266,1673,482,3.25,28.87,Netherlands,Western Europe,Springer Netherlands,1996-2020,Computer Networks and Communications (Q2); Hardware and Architecture (Q2); Information Systems (Q2); Software (Q2)
707,23871,Journal of Cryptology,journal,"14321378, 09332790","0,444",Q2,77,46,101,2195,268,101,2.37,47.72,United States,Northern America,Springer New York,1988-2020,Computer Science Applications (Q2); Software (Q2); Applied Mathematics (Q3)
708,21100465416,Nonlinear Engineering,journal,"21928029, 21928010","0,444",Q2,15,34,134,1343,376,134,3.03,39.5,Germany,Western Europe,de Gruyter,2013-2020,Chemical Engineering (miscellaneous) (Q2); Computer Networks and Communications (Q2); Engineering (miscellaneous) (Q2); Modeling and Simulation (Q2)
709,21100222913,Journal of Modern Transportation,journal,"2095087X, 21960577","0,443",Q2,22,0,79,0,202,77,2.74,0,China,Asiatic Region,Springer International Publishing AG,2011-2019,Computer Science Applications (Q2); Electrical and Electronic Engineering (Q2); Mechanical Engineering (Q2); Transportation (Q3)
710,25627,Multimedia Tools and Applications,journal,"13807501, 15737721","0,443",Q2,70,1906,4373,80147,13292,4277,2.97,42.05,Netherlands,Western Europe,Springer Netherlands,1995-2020,Media Technology (Q1); Computer Networks and Communications (Q2); Hardware and Architecture (Q2); Software (Q2)
711,16004,Reference and User Services Quarterly,journal,10949054,"0,443",Q2,34,0,109,0,67,94,0.63,0,United States,Northern America,American Library Association,1997-2019,Information Systems (Q2); Library and Information Sciences (Q2)
712,12443,Real-Time Systems,journal,"09226443, 15731383","0,442",Q2,56,16,78,473,188,70,2.04,29.56,Netherlands,Western Europe,Springer Netherlands,1989-2020,Computer Networks and Communications (Q2); Computer Science Applications (Q2); Control and Systems Engineering (Q2); Electrical and Electronic Engineering (Q2); Control and Optimization (Q3); Modeling and Simulation (Q3)
713,21100394266,International Journal of Agile Systems and Management,journal,"17419174, 17419182","0,440",Q2,21,20,52,1247,133,51,2.5,62.35,Switzerland,Western Europe,Inderscience Publishers,2020,Multidisciplinary (Q1); Computer Science (miscellaneous) (Q2); Decision Sciences (miscellaneous) (Q2); Engineering (miscellaneous) (Q2); Industrial and Manufacturing Engineering (Q2); Management Information Systems (Q2); Strategy and Management (Q2)
714,5800207369,ACM Transactions on the Web,journal,15591131,"0,438",Q2,44,18,72,1309,250,71,4.46,72.72,United States,Northern America,Association for Computing Machinery (ACM),2007-2020,Computer Networks and Communications (Q2)
715,19700200870,Intelligent Buildings International,journal,"17566932, 17508975","0,438",Q2,20,42,63,1819,122,48,1.93,43.31,United Kingdom,Western Europe,Taylor and Francis Ltd.,2009-2020,Building and Construction (Q2); Computer Science Applications (Q2)
716,21100855505,Journal of Cybersecurity,journal,20572093,"0,438",Q2,16,69,39,3654,176,39,5.41,52.96,United Kingdom,Western Europe,Oxford University Press,2015-2020,"Law (Q1); Computer Networks and Communications (Q2); Computer Science Applications (Q2); Computer Science (miscellaneous) (Q2); Hardware and Architecture (Q2); Information Systems (Q2); Political Science and International Relations (Q2); Safety Research (Q2); Safety, Risk, Reliability and Quality (Q2); Software (Q2); Social Psychology (Q3)"
717,21100239834,Journal of Aerospace Information Systems,journal,23273097,"0,437",Q2,33,63,134,2260,271,130,2.02,35.87,United States,Northern America,American Institute of Aeronautics and Astronautics Inc. (AIAA),2013-2020,Aerospace Engineering (Q2); Computer Science Applications (Q2); Electrical and Electronic Engineering (Q2)
718,24358,Journal of Heuristics,journal,"13811231, 15729397","0,437",Q2,67,44,96,1470,222,93,2.21,33.41,Netherlands,Western Europe,Springer Netherlands,1995-2020,Artificial Intelligence (Q2); Computer Networks and Communications (Q2); Information Systems (Q2); Management Science and Operations Research (Q2); Software (Q2); Control and Optimization (Q3)
719,19400158481,Journal of Web Librarianship,journal,"19322909, 19322917","0,437",Q2,17,7,45,179,37,44,0.83,25.57,United States,Northern America,Routledge,2007-2020,Computer Science Applications (Q2); Library and Information Sciences (Q2)
720,20007,Software - Practice and Experience,journal,"1097024X, 00380644","0,437",Q2,70,143,285,6896,907,277,2.68,48.22,United Kingdom,Western Europe,John Wiley and Sons Ltd,1971-2020,Software (Q2)
721,4800153205,ACM Transactions on Autonomous and Adaptive Systems,journal,"15564665, 15564703","0,436",Q2,41,7,59,394,179,56,2.47,56.29,United States,Northern America,Association for Computing Machinery (ACM),2006-2020,Computer Science (miscellaneous) (Q2); Control and Systems Engineering (Q2); Software (Q2)
722,25461,Informatica,journal,8684952,"0,436",Q2,39,39,106,1738,299,106,3.18,44.56,Netherlands,Western Europe,IOS Press,1990-2020,Information Systems (Q2); Applied Mathematics (Q3)
723,21100829268,Applied Sciences (Switzerland),journal,20763417,"0,435",Q2,52,9082,9432,406459,29319,9308,3.02,44.75,Switzerland,Western Europe,MDPI Multidisciplinary Digital Publishing Institute,"2011, 2015-2020",Computer Science Applications (Q2); Engineering (miscellaneous) (Q2); Fluid Flow and Transfer Processes (Q2); Instrumentation (Q2); Materials Science (miscellaneous) (Q2); Process Chemistry and Technology (Q2)
724,10300153313,Transactions on Embedded Computing Systems,journal,"15583465, 15399087","0,435",Q2,56,53,362,2561,947,342,2.58,48.32,United States,Northern America,Association for Computing Machinery (ACM),2002-2020,Hardware and Architecture (Q2); Software (Q2)
725,17600155133,E-Learning,journal,"20427530, 17418887","0,434",Q2,17,39,67,2052,124,65,1.89,52.62,United Kingdom,Western Europe,SAGE Publications Inc.,2009-2020,Computer Science Applications (Q2); Education (Q2)
726,21100409311,Future Internet,journal,19995903,"0,434",Q2,28,231,476,11092,1694,467,3.64,48.02,Switzerland,Western Europe,MDPI Multidisciplinary Digital Publishing Institute,2012-2020,Computer Networks and Communications (Q2)
727,21100216567,IET Biometrics,journal,"20474938, 20474946","0,434",Q2,28,32,163,1665,579,158,3.81,52.03,United Kingdom,Western Europe,The Institution of Engineering and Technology,2012-2020,Computer Vision and Pattern Recognition (Q2); Signal Processing (Q2); Software (Q2)
728,29335,Education for Information,journal,"18758649, 01678329","0,433",Q2,19,38,76,1011,101,69,1.47,26.61,Netherlands,Western Europe,IOS Press,1983-2020,Education (Q2); Information Systems (Q2); Library and Information Sciences (Q2)
729,21100945706,Multimodal Technologies and Interaction,journal,24144088,"0,433",Q2,14,92,181,4873,612,176,3.08,52.97,Switzerland,Western Europe,MDPI AG,2017-2020,Computer Networks and Communications (Q2); Computer Science Applications (Q2); Human-Computer Interaction (Q2); Neuroscience (miscellaneous) (Q3)
730,24157,Autonomous Agents and Multi-Agent Systems,journal,"15737454, 13872532","0,432",Q2,72,55,101,2891,339,100,3.77,52.56,Netherlands,Western Europe,Springer Netherlands,1998-2020,Artificial Intelligence (Q2)
731,21100935977,International Journal of Intelligent Robotics and Applications,journal,"23665971, 2366598X","0,432",Q2,13,40,111,1279,241,101,1.92,31.98,Singapore,Asiatic Region,Springer Singapore,2017-2020,Artificial Intelligence (Q2); Computer Science Applications (Q2)
732,21100826286,Fuzzy Information and Engineering,journal,"16168658, 16168666","0,431",Q2,14,21,62,796,108,62,1,37.9,United Kingdom,Western Europe,,"2014-2018, 2020",Artificial Intelligence (Q2); Control and Systems Engineering (Q2); Industrial and Manufacturing Engineering (Q2); Information Systems (Q2); Management Science and Operations Research (Q2); Applied Mathematics (Q3); Logic (Q3); Theoretical Computer Science (Q3)
733,4700151736,International Journal for Multiscale Computational Engineering,journal,15431649,"0,430",Q2,28,32,91,1323,139,87,1.82,41.34,United States,Northern America,Begell House Inc.,2006-2020,Computational Mechanics (Q2); Computer Networks and Communications (Q2); Control and Systems Engineering (Q2)
734,15072,Journal of Information Technology in Construction,journal,18744753,"0,430",Q2,45,31,68,1662,168,67,1.94,53.61,Sweden,Western Europe,"International Council for Research and Innovation in Building and Construction	",1995-2020,Building and Construction (Q2); Civil and Structural Engineering (Q2); Computer Science Applications (Q2)
735,19700182320,Advances in Human-Computer Interaction,journal,"16875893, 16875907","0,429",Q3,21,11,48,540,138,46,2.86,49.09,Egypt,Africa/Middle East,Hindawi Limited,2010-2020,Human-Computer Interaction (Q3)
736,24621,Journal of Molecular Graphics and Modelling,journal,"10933263, 18734243","0,429",Q2,73,244,682,12884,1617,682,2.45,52.8,United States,Northern America,Elsevier Inc.,1997-2020,Computer Graphics and Computer-Aided Design (Q2); Materials Chemistry (Q2); Physical and Theoretical Chemistry (Q3); Spectroscopy (Q3)
737,21100909462,BMJ Health and Care Informatics,journal,26321009,"0,427",Q2,37,53,114,1248,170,106,1.4,23.55,United Kingdom,Western Europe,BMJ Publishing Group,2019-2020,Computer Science Applications (Q2); Health Informatics (Q3); Health Information Management (Q3)
738,21100893766,Frontiers in ICT,journal,2297198X,"0,427",Q2,17,1,81,32,303,77,2.56,32,Switzerland,Western Europe,Frontiers Media S.A.,2014-2020,Artificial Intelligence (Q2); Computer Networks and Communications (Q2); Hardware and Architecture (Q2); Information Systems (Q2); Software (Q2)
739,145592,Computational and Mathematical Organization Theory,journal,1381298X,"0,426",Q2,27,28,68,1343,184,67,2.7,47.96,Netherlands,Western Europe,Kluwer Academic Publishers,"1995, 2005-2020",Computer Science (miscellaneous) (Q2); Applied Mathematics (Q3); Computational Mathematics (Q3); Decision Sciences (miscellaneous) (Q3); Modeling and Simulation (Q3)
740,12424,Inverse Problems in Science and Engineering,journal,"17415985, 17415977","0,426",Q2,33,130,249,4431,462,246,1.92,34.08,United Kingdom,Western Europe,Taylor and Francis Ltd.,2004-2020,Computer Science Applications (Q2); Engineering (miscellaneous) (Q2); Applied Mathematics (Q3)
741,19124,Queueing Systems,journal,"15729443, 02570130","0,426",Q2,54,47,125,1228,185,118,1.54,26.13,Netherlands,Western Europe,Springer Netherlands,1986-2020,Computer Science Applications (Q2); Management Science and Operations Research (Q2); Computational Theory and Mathematics (Q3); Statistics and Probability (Q3)
742,24145,Automated Software Engineering,journal,"09288910, 15737535","0,424",Q2,45,11,76,703,221,68,2.88,63.91,Netherlands,Western Europe,Springer Netherlands,1994-2020,Software (Q2)
743,24361,Journal of Intelligent Information Systems,journal,"15737675, 09259902","0,424",Q2,55,61,148,3105,396,146,2.56,50.9,Netherlands,Western Europe,Springer Netherlands,1992-2020,Artificial Intelligence (Q2); Computer Networks and Communications (Q2); Hardware and Architecture (Q2); Information Systems (Q2); Software (Q2)
744,22313,Performance Evaluation,journal,1665316,"0,424",Q2,65,35,137,1168,274,131,2.08,33.37,Netherlands,Western Europe,Elsevier,1981-2020,Computer Networks and Communications (Q2); Hardware and Architecture (Q2); Software (Q2); Modeling and Simulation (Q3)
745,19700177026,IEEE Embedded Systems Letters,journal,19430663,"0,423",Q2,27,61,93,451,224,85,2.3,7.39,United States,Northern America,Institute of Electrical and Electronics Engineers Inc.,2009-2020,Computer Science (miscellaneous) (Q2); Control and Systems Engineering (Q2)
746,21100836334,Publications,journal,23046775,"0,423",Q2,10,52,138,2378,225,124,1.68,45.73,Switzerland,Western Europe,MDPI AG,2017-2020,Media Technology (Q1); Business and International Management (Q2); Communication (Q2); Computer Science Applications (Q2); Library and Information Sciences (Q2)
747,11800154542,"International Journal of Computers, Communications and Control",journal,"18419836, 18419844","0,422",Q2,33,59,175,1918,454,175,2.79,32.51,Romania,Eastern Europe,"CCC Publications, R &amp; D Agora",2007-2020,Computer Networks and Communications (Q2); Computer Science Applications (Q2); Computational Theory and Mathematics (Q3)
748,144641,Software and Systems Modeling,journal,"16191374, 16191366","0,421",Q2,49,92,253,4640,716,225,2.91,50.43,Germany,Western Europe,Springer Verlag,2005-2020,Software (Q2); Modeling and Simulation (Q3)
749,21100942171,Infrastructures,journal,24123811,"0,420",Q2,10,114,154,4748,374,151,2.45,41.65,Switzerland,Western Europe,MDPI Multidisciplinary Digital Publishing Institute,2016-2020,Building and Construction (Q2); Civil and Structural Engineering (Q2); Computer Science Applications (Q2); Geotechnical Engineering and Engineering Geology (Q2); Materials Science (miscellaneous) (Q2)
750,17543,Wireless Communications and Mobile Computing,journal,"15308677, 15308669","0,420",Q2,64,367,1045,12703,3055,989,2.96,34.61,Egypt,Africa/Middle East,Hindawi Limited,2001-2020,Computer Networks and Communications (Q2); Electrical and Electronic Engineering (Q2); Information Systems (Q2)
751,25396,Design Automation for Embedded Systems,journal,"15728080, 09295585","0,418",Q2,31,17,43,481,151,39,4.79,28.29,Netherlands,Western Europe,Springer Netherlands,"1996-2003, 2005, 2007-2020",Hardware and Architecture (Q2); Software (Q2)
752,17569,Wireless Networks,journal,"10220038, 15728196","0,417",Q2,89,451,830,17091,2307,803,2.48,37.9,Netherlands,Western Europe,Springer Netherlands,1995-2020,Computer Networks and Communications (Q2); Electrical and Electronic Engineering (Q2); Information Systems (Q2)
753,24998,Computer Aided Geometric Design,journal,1678396,"0,416",Q2,69,92,191,2975,378,187,1.86,32.34,Netherlands,Western Europe,Elsevier,1984-2020,Aerospace Engineering (Q2); Automotive Engineering (Q2); Computer Graphics and Computer-Aided Design (Q2); Modeling and Simulation (Q3)
754,4500151509,International Journal of Applied Mathematics and Computer Science,journal,1641876X,"0,416",Q2,47,64,173,2349,388,173,2.22,36.7,Germany,Western Europe,Walter de Gruyter GmbH,"2001-2002, 2006-2020",Computer Science (miscellaneous) (Q2); Engineering (miscellaneous) (Q2); Applied Mathematics (Q3)
755,21100782433,Materials Discovery,journal,23529245,"0,416",Q2,12,0,31,0,126,31,3.91,0,United Kingdom,Western Europe,Elsevier Ltd.,2015-2018,Information Systems (Q2); Materials Science (miscellaneous) (Q2)
756,2900147403,Optical Switching and Networking,journal,15734277,"0,416",Q2,29,33,136,1277,382,131,3.38,38.7,Netherlands,Western Europe,Elsevier,"1970, 2005-2020",Computer Networks and Communications (Q2); Electrical and Electronic Engineering (Q2)
757,22315,Personal and Ubiquitous Computing,journal,"16174909, 16174917","0,416",Q2,88,160,297,6581,891,276,2.87,41.13,United Kingdom,Western Europe,Springer London,1997-2020,Computer Science Applications (Q2); Hardware and Architecture (Q2); Management Science and Operations Research (Q3)
758,14388,Information Processing Letters,journal,200190,"0,415",Q2,80,85,391,1190,611,390,1.53,14,Netherlands,Western Europe,Elsevier,1971-2020,Computer Science Applications (Q2); Information Systems (Q2); Signal Processing (Q2); Theoretical Computer Science (Q3)
759,23678,"Artificial Intelligence for Engineering Design, Analysis and Manufacturing: AIEDAM",journal,"08900604, 14691760","0,413",Q3,53,42,111,1944,232,106,2.2,46.29,United Kingdom,Western Europe,Cambridge University Press,1987-2020,Industrial and Manufacturing Engineering (Q2); Artificial Intelligence (Q3)
760,22206,Natural Computing,journal,"15677818, 15729796","0,413",Q2,40,81,179,3104,392,161,2.22,38.32,Netherlands,Western Europe,Springer Netherlands,2003-2020,Computer Science Applications (Q2)
761,21100203119,International Journal of Bio-Inspired Computation,journal,"17580374, 17580366","0,411",Q2,38,47,135,1716,406,134,3.93,36.51,Switzerland,Western Europe,Inderscience Publishers,"2009-2014, 2017, 2020",Computer Science (miscellaneous) (Q2); Theoretical Computer Science (Q3)
762,21100901156,Journal of Reliable Intelligent Environments,journal,"21994668, 21994676","0,411",Q2,11,24,59,1076,126,47,2.49,44.83,Switzerland,Western Europe,Springer International Publishing AG,2015-2020,"Computer Science (miscellaneous) (Q2); Renewable Energy, Sustainability and the Environment (Q3)"
763,21100201977,Electronic Journal of Information Systems in Developing Countries,journal,16814835,"0,410",Q2,18,39,140,2365,279,136,2.02,60.64,China,Asiatic Region,John Wiley &amp; Sons Inc.,2012-2020,Information Systems (Q2); E-learning (Q3)
764,4700152646,International Journal of Information Technology and Decision Making,journal,2196220,"0,410",Q2,42,61,208,4664,486,190,2.29,76.46,Singapore,Asiatic Region,World Scientific Publishing Co. Pte Ltd,"2002, 2005-2020",Computer Science (miscellaneous) (Q2)
765,21100894507,Smart Health,journal,23526483,"0,410",Q2,9,28,74,1456,210,69,2.71,52,Netherlands,Western Europe,Elsevier BV,2018-2020,Information Systems (Q2); Computer Science Applications (Q3); Health Informatics (Q3); Health Information Management (Q3); Medicine (miscellaneous) (Q3)
766,24407,Computing (Vienna/New York),journal,"14365057, 0010485X","0,409",Q2,60,125,218,4787,593,198,2.69,38.3,Austria,Western Europe,Springer-Verlag Wien,1966-2020,Software (Q2); Computational Mathematics (Q3); Computational Theory and Mathematics (Q3); Computer Science Applications (Q3); Numerical Analysis (Q3); Theoretical Computer Science (Q3)
767,6200180165,"Signal, Image and Video Processing",journal,"18631711, 18631703","0,409",Q2,42,216,584,6474,1303,569,2.38,29.97,United Kingdom,Western Europe,Springer London,2007-2020,Electrical and Electronic Engineering (Q2); Signal Processing (Q2)
768,21100901173,Applied Network Science,journal,23648228,"0,407",Q2,13,96,213,4689,513,213,2.33,48.84,United Kingdom,Western Europe,Springer Open,2016-2020,Multidisciplinary (Q1); Computer Networks and Communications (Q2); Computational Mathematics (Q3)
769,21100204120,Journal of Analytical Methods in Chemistry,journal,"20908873, 20908865","0,407",Q3,25,105,334,3791,698,332,1.96,36.1,United States,Northern America,Hindawi Publishing Corporation,2012-2020,Chemical Engineering (miscellaneous) (Q2); Instrumentation (Q2); Analytical Chemistry (Q3); Computer Science Applications (Q3)
770,21100200426,Frontiers of Computer Science,journal,"20952228, 20952236","0,406",Q2,35,96,275,3587,618,250,2.32,37.36,United States,Northern America,Springer Science + Business Media,2013-2021,Computer Science (miscellaneous) (Q2); Theoretical Computer Science (Q3)
771,21100409130,Frontiers of Information Technology and Electronic Engineering,journal,"20959230, 20959184","0,406",Q2,32,133,422,5866,1277,411,3.12,44.11,United States,Northern America,Springer Science + Business Media,2015-2020,Computer Networks and Communications (Q2); Electrical and Electronic Engineering (Q2); Hardware and Architecture (Q2); Signal Processing (Q2)
772,21100805777,Information and Learning Science,journal,23985348,"0,406",Q3,29,64,162,2346,204,150,1.5,36.66,United Kingdom,Western Europe,Emerald Group Publishing Ltd.,2017-2020,Education (Q2); Library and Information Sciences (Q2); Computer Science Applications (Q3)
773,21100886391,Computers,journal,2073431X,"0,404",Q2,19,102,188,4811,510,184,2.6,47.17,Switzerland,Western Europe,MDPI AG,2012-2020,Computer Networks and Communications (Q2); Human-Computer Interaction (Q3)
774,21100814051,Information Discovery and Delivery,journal,23986247,"0,404",Q2,16,32,78,1595,135,75,1.94,49.84,United Kingdom,Western Europe,Emerald Group Publishing Ltd.,2017-2020,Computer Science (miscellaneous) (Q2); Library and Information Sciences (Q2)
775,19400158510,Logistics Research,journal,"18650368, 1865035X","0,403",Q2,21,10,32,552,40,32,1.25,55.2,Germany,Western Europe,Bundesvereinigung Logistik (BVL),"2009-2010, 2012-2020",Control and Systems Engineering (Q2); Information Systems (Q2); Management Information Systems (Q2); Computer Science Applications (Q3); Management Science and Operations Research (Q3)
776,4700152798,ACM Journal on Emerging Technologies in Computing Systems,journal,"15504832, 15504840","0,401",Q2,38,42,134,2036,407,125,2.1,48.48,United States,Northern America,Association for Computing Machinery (ACM),2005-2020,Electrical and Electronic Engineering (Q2); Hardware and Architecture (Q2); Software (Q2); Nanoscience and Nanotechnology (Q3)
777,5400152646,IET Image Processing,journal,17519659,"0,401",Q2,45,503,725,20391,2127,722,2.77,40.54,United Kingdom,Western Europe,Institution of Engineering and Technology,2007-2020,Computer Vision and Pattern Recognition (Q2); Electrical and Electronic Engineering (Q2); Signal Processing (Q2); Software (Q2)
778,19700180534,"Interdisciplinary sciences, computational life sciences",journal,"19132751, 18671462","0,401",Q3,19,54,196,2302,400,196,2.21,42.63,Germany,Western Europe,Springer Verlag,2009-2020,"Biochemistry, Genetics and Molecular Biology (miscellaneous) (Q3); Computer Science Applications (Q3); Health Informatics (Q3)"
779,21100465194,Digital Scholarship in the Humanities,journal,"20557671, 2055768X","0,400",Q2,15,33,223,1389,256,219,1.15,42.09,United States,Northern America,Oxford University Press,2015-2019,Language and Linguistics (Q1); Linguistics and Language (Q1); Information Systems (Q2); Computer Science Applications (Q3)
780,9500154152,Intelligent Service Robotics,journal,"18612784, 18612776","0,398",Q3,30,43,85,1689,256,84,3.4,39.28,Germany,Western Europe,Springer Verlag,2008-2020,Computational Mechanics (Q2); Engineering (miscellaneous) (Q2); Mechanical Engineering (Q2); Artificial Intelligence (Q3)
781,19271,International Journal on Software Tools for Technology Transfer,journal,"14332779, 14332787","0,397",Q2,55,59,117,2141,314,110,2.41,36.29,Germany,Western Europe,Springer Verlag,1997-2020,Information Systems (Q2); Software (Q2)
782,21100801725,VINE Journal of Information and Knowledge Management Systems,journal,20595891,"0,397",Q2,30,67,116,5272,336,115,2.93,78.69,United Kingdom,Western Europe,Emerald Group Publishing Ltd.,2016-2020,Computer Networks and Communications (Q2); Information Systems (Q2); Library and Information Sciences (Q2); Management of Technology and Innovation (Q2); Computer Science Applications (Q3)
783,24506,GeoInformatica,journal,"15737624, 13846175","0,396",Q2,55,46,105,1882,273,94,2.6,40.91,Netherlands,Western Europe,Kluwer Academic Publishers,1997-2020,"Geography, Planning and Development (Q2); Information Systems (Q2)"
784,29089,Photonic Network Communications,journal,"1387974X, 15728188","0,396",Q2,37,48,228,1339,518,225,2.44,27.9,Netherlands,Western Europe,Springer Netherlands,1999-2020,"Computer Networks and Communications (Q2); Electrical and Electronic Engineering (Q2); Hardware and Architecture (Q2); Software (Q2); Atomic and Molecular Physics, and Optics (Q3)"
785,5700153460,Publishing Research Quarterly,journal,"19364792, 10538801","0,396",Q3,16,48,131,956,98,131,0.68,19.92,United States,Northern America,Springer US,1991-2020,Media Technology (Q1); Business and International Management (Q2); Communication (Q2); Computer Science Applications (Q3); Management of Technology and Innovation (Q3); Marketing (Q3)
786,144749,International Journal of Advanced Robotic Systems,journal,17298806,"0,394",Q2,46,281,726,9648,1625,723,2.04,34.33,United States,Northern America,SAGE Publications Inc.,2004-2020,Software (Q2); Artificial Intelligence (Q3); Computer Science Applications (Q3)
787,21100928823,Journal of Unmanned Vehicle Systems,journal,22913467,"0,394",Q3,20,22,52,1019,139,44,2.71,46.32,Canada,Northern America,"Canadian Science Publishing (Ottawa, Canada)",2019-2020,Aerospace Engineering (Q2); Automotive Engineering (Q2); Control and Systems Engineering (Q2); Electrical and Electronic Engineering (Q2); Computer Science Applications (Q3); Control and Optimization (Q3)
788,21100924372,Data,journal,23065729,"0,393",Q2,18,117,255,4583,763,251,3.05,39.17,Switzerland,Western Europe,MDPI AG,2016-2020,Information Systems (Q2); Information Systems and Management (Q2); Computer Science Applications (Q3)
789,21100933833,International Journal on Magnetic Particle Imaging,journal,23659033,"0,393",Q2,2,81,5,686,14,4,2.8,8.47,Germany,Western Europe,Infinite Science Publishing,2019-2020,"Electrical and Electronic Engineering (Q2); Signal Processing (Q2); Computer Science Applications (Q3); Electronic, Optical and Magnetic Materials (Q3); Radiology, Nuclear Medicine and Imaging (Q3)"
790,21100838145,Machines,journal,20751702,"0,393",Q2,18,84,169,3383,591,165,3.1,40.27,Switzerland,Western Europe,MDPI AG,2013-2020,Computer Science (miscellaneous) (Q2); Control and Systems Engineering (Q2); Electrical and Electronic Engineering (Q2); Industrial and Manufacturing Engineering (Q2); Mechanical Engineering (Q2); Control and Optimization (Q3)
791,21100241779,Proceedings of the Romanian Academy Series A - Mathematics Physics Technical Sciences Information Science,journal,14549069,"0,392",Q2,28,46,192,965,280,191,1.63,20.98,Romania,Eastern Europe,Publishing House of the Romanian Academy,2008-2019,Computer Science (miscellaneous) (Q2); Engineering (miscellaneous) (Q2); Mathematics (miscellaneous) (Q3); Physics and Astronomy (miscellaneous) (Q3)
792,18780,"Circuits, Systems, and Signal Processing",journal,"0278081X, 15315878","0,390",Q2,53,340,841,11963,1970,838,2.41,35.19,United States,Northern America,Birkhauser Boston,1982-2020,Signal Processing (Q2); Applied Mathematics (Q3)
793,21100833833,Robotics,journal,22186581,"0,390",Q3,22,105,217,4773,625,210,2.94,45.46,Switzerland,Western Europe,MDPI AG,2012-2020,Mechanical Engineering (Q2); Artificial Intelligence (Q3); Control and Optimization (Q3)
794,24357,Journal of Experimental and Theoretical Artificial Intelligence,journal,"13623079, 0952813X","0,389",Q2,42,81,182,4217,518,174,2.85,52.06,United Kingdom,Western Europe,Taylor and Francis Ltd.,1989-2020,Software (Q2); Artificial Intelligence (Q3); Theoretical Computer Science (Q3)
795,25607,Journal of Discrete Algorithms,journal,15708667,"0,387",Q3,38,0,59,0,80,55,1,0,Netherlands,Western Europe,Elsevier,2003-2018,Computational Theory and Mathematics (Q3); Discrete Mathematics and Combinatorics (Q3); Theoretical Computer Science (Q3)
796,28347,Journal of Graph Algorithms and Applications,journal,15261719,"0,387",Q2,38,31,106,708,143,101,1.45,22.84,United States,Northern America,Brown University,"1997, 2000-2020",Computer Science (miscellaneous) (Q2); Computational Theory and Mathematics (Q3); Computer Science Applications (Q3); Geometry and Topology (Q3); Theoretical Computer Science (Q3)
797,26738,Microsystem Technologies,journal,9467076,"0,386",Q2,63,515,1671,14419,3195,1602,1.95,28,Germany,Western Europe,Springer Verlag,1994-2020,"Electrical and Electronic Engineering (Q2); Hardware and Architecture (Q2); Condensed Matter Physics (Q3); Electronic, Optical and Magnetic Materials (Q3); Nanoscience and Nanotechnology (Q3)"
798,17800156712,International Journal of Computational Intelligence Systems,journal,"18756891, 18756883","0,385",Q2,41,137,297,5227,700,294,2.18,38.15,United Kingdom,Western Europe,Atlantis Press International,2008-2020,Computer Science (miscellaneous) (Q2); Computational Mathematics (Q3)
799,21100867250,Journal of Open Research Software,journal,20499647,"0,385",Q2,6,29,60,498,137,60,2.28,17.17,United Kingdom,Western Europe,Ubiquity Press,2018-2020,Information Systems (Q2); Library and Information Sciences (Q2); Software (Q2)
800,29053,Molecular Diversity,journal,"1573501X, 13811991","0,385",Q2,57,186,228,9704,522,227,2.51,52.17,Netherlands,Western Europe,Springer Netherlands,"1995-1998, 2000, 2003-2020",Information Systems (Q2); Catalysis (Q3); Drug Discovery (Q3); Inorganic Chemistry (Q3); Medicine (miscellaneous) (Q3); Organic Chemistry (Q3); Physical and Theoretical Chemistry (Q3); Molecular Biology (Q4)
801,21100201542,Symmetry,journal,20738994,"0,385",Q2,50,2048,2576,87815,7970,2558,3.11,42.88,Switzerland,Western Europe,MDPI Multidisciplinary Digital Publishing Institute,2009-2020,Chemistry (miscellaneous) (Q2); Computer Science (miscellaneous) (Q2); Mathematics (miscellaneous) (Q3); Physics and Astronomy (miscellaneous) (Q3)
802,6100153106,IET Signal Processing,journal,"17519675, 17519683","0,384",Q3,42,78,365,3401,776,364,2.02,43.6,United Kingdom,Western Europe,Institution of Engineering and Technology,2007-2020,Electrical and Electronic Engineering (Q2); Signal Processing (Q3)
803,21100218522,Biologically Inspired Cognitive Architectures,journal,2212683X,"0,383",Q3,20,0,80,0,167,79,2.21,0,Netherlands,Western Europe,Elsevier BV,2012-2018,Artificial Intelligence (Q3); Experimental and Cognitive Psychology (Q3); Cognitive Neuroscience (Q4)
804,12991,RAIRO - Operations Research,journal,"12903868, 03990559","0,383",Q3,24,84,250,3136,375,250,1.58,37.33,France,Western Europe,EDP Sciences,"1977-1978, 1995-2020",Computer Science Applications (Q3); Management Science and Operations Research (Q3); Theoretical Computer Science (Q3)
805,24173,Connection Science,journal,"13600494, 09540091","0,382",Q2,43,49,72,2099,168,64,2.32,42.84,United Kingdom,Western Europe,Taylor and Francis AS,1989-2020,Software (Q2); Artificial Intelligence (Q3); Human-Computer Interaction (Q3)
806,21100301601,ACM Transactions on Interactive Intelligent Systems,journal,"21606463, 21606455","0,381",Q3,34,23,81,1590,304,78,3.37,69.13,United States,Northern America,Association for Computing Machinery (ACM),2011-2020,Artificial Intelligence (Q3); Human-Computer Interaction (Q3)
807,21101017705,Frontiers in Mechanical Engineering,journal,22973079,"0,381",Q3,7,14,15,633,50,15,2.25,45.21,Switzerland,Western Europe,Frontiers Media S.A.,2020,Industrial and Manufacturing Engineering (Q2); Mechanical Engineering (Q2); Computer Science Applications (Q3); Materials Science (miscellaneous) (Q3)
808,19700186867,Journal of Ambient Intelligence and Smart Environments,journal,18761364,"0,381",Q2,29,38,128,1724,308,107,2.07,45.37,Netherlands,Western Europe,IOS Press,2009-2020,Software (Q2)
809,6100153019,Service Oriented Computing and Applications,journal,"18632386, 18632394","0,381",Q2,26,28,81,993,233,77,1.85,35.46,United Kingdom,Western Europe,Springer London,2007-2020,Hardware and Architecture (Q2); Information Systems (Q2); Management Information Systems (Q2); Software (Q2)
810,16900154710,Statistical Analysis and Data Mining,journal,"19321864, 19321872","0,381",Q2,33,41,90,1359,191,88,1.47,33.15,United States,Northern America,John Wiley and Sons Inc.,2008-2020,Information Systems (Q2); Analysis (Q3); Computer Science Applications (Q3)
811,23054,ACM Transactions on Modeling and Computer Simulation,journal,"15581195, 10493301","0,380",Q3,51,25,81,898,171,77,2.33,35.92,United States,Northern America,Association for Computing Machinery (ACM),1991-2020,Computer Science Applications (Q3); Modeling and Simulation (Q3)
812,19900191732,Argument and Computation,journal,"19462166, 19462174","0,380",Q3,20,11,42,741,82,38,2.15,67.36,United Kingdom,Western Europe,IOS Press,2010-2020,Linguistics and Language (Q1); Artificial Intelligence (Q3); Computational Mathematics (Q3); Computer Science Applications (Q3)
813,7000153231,IET Computer Vision,journal,"17519640, 17519632","0,380",Q2,37,73,305,2987,796,301,2.59,40.92,United Kingdom,Western Europe,Institution of Engineering and Technology,2007-2020,Computer Vision and Pattern Recognition (Q2); Software (Q2)
814,15133,Information Retrieval,journal,"13864564, 15737659","0,379",Q2,58,23,70,1043,240,65,3.61,45.35,Netherlands,Western Europe,Springer Netherlands,1999-2020,Information Systems (Q2); Library and Information Sciences (Q2)
815,21100908414,Proceedings of the ACM on Human-Computer Interaction,journal,25730142,"0,379",Q2,27,206,570,15028,2565,504,4.42,72.95,United States,Northern America,Association for Computing Machinery (ACM),2017-2020,Computer Networks and Communications (Q2); Social Sciences (miscellaneous) (Q2); Human-Computer Interaction (Q3)
816,21100901061,Sao Paulo Journal of Mathematical Sciences,journal,"19826907, 23169028","0,379",Q3,7,53,100,1281,76,99,0.82,24.17,Switzerland,Western Europe,Springer International Publishing AG,2015-2020,"Computational Theory and Mathematics (Q3); Mathematics (miscellaneous) (Q3); Statistics, Probability and Uncertainty (Q3)"
817,6200180184,Dianji yu Kongzhi Xuebao/Electric Machines and Control,journal,1007449X,"0,378",Q3,21,220,549,4293,592,549,1.15,19.51,China,Asiatic Region,"Harbin University of Science and Technology, Editorial department of Electric Machines and Control",2007-2020,Control and Systems Engineering (Q2); Electrical and Electronic Engineering (Q2); Computer Science Applications (Q3); Energy Engineering and Power Technology (Q3)
818,19700188257,International Journal of Image and Data Fusion,journal,"19479832, 19479824","0,378",Q3,27,27,54,1136,122,48,1.92,42.07,United Kingdom,Western Europe,Taylor and Francis Ltd.,2010-2020,Earth and Planetary Sciences (miscellaneous) (Q2); Computer Science Applications (Q3)
819,24822,Pattern Analysis and Applications,journal,"1433755X, 14337541","0,378",Q2,55,138,274,6090,711,274,2.81,44.13,United Kingdom,Western Europe,Springer London,1998-2020,Computer Vision and Pattern Recognition (Q2); Artificial Intelligence (Q3)
820,24927,Dynamical Systems,journal,14689367,"0,377",Q3,34,48,103,963,69,102,0.59,20.06,United Kingdom,Western Europe,Taylor and Francis Ltd.,1996-2020,Computer Science Applications (Q3); Mathematics (miscellaneous) (Q3)
821,145056,International Journal of Distance Education Technologies,journal,15393100,"0,377",Q2,18,21,65,859,84,65,1.48,40.9,United States,Northern America,IGI Publishing,2003-2020,Computer Networks and Communications (Q2); Computer Science Applications (Q3); Education (Q3); E-learning (Q3)
822,19700187808,Journal of Medical Ethics and History of Medicine,journal,20080387,"0,376",Q2,14,33,44,810,55,42,1.04,24.55,Iran,Middle East,Teheran University of Medical Sciences,2008-2020,History (Q1); Computer Science (miscellaneous) (Q2); Law (Q2)
823,21100809811,Eurasian Journal of Mathematical and Computer Applications,journal,"23066172, 23089822","0,375",Q2,9,25,60,614,68,60,1.15,24.56,Kazakhstan,Asiatic Region,,2013-2020,Information Systems (Q2); Applied Mathematics (Q3); Computational Mathematics (Q3); Computer Science Applications (Q3); Mathematical Physics (Q3); Modeling and Simulation (Q3)
824,21100843325,Supercomputing Frontiers and Innovations,journal,"23138734, 24096008","0,375",Q2,16,23,107,879,245,107,2.07,38.22,Russian Federation,Eastern Europe,South Ural State University,2014-2020,Computer Networks and Communications (Q2); Hardware and Architecture (Q2); Information Systems (Q2); Software (Q2); Computational Theory and Mathematics (Q3); Computer Science Applications (Q3)
825,21101019779,Cybersecurity,journal,"20964862, 25233246","0,374",Q2,8,20,39,1220,167,39,4.28,61,United Kingdom,Western Europe,Springer Open,2018-2020,Computer Networks and Communications (Q2); Information Systems (Q2); Software (Q2); Artificial Intelligence (Q3)
826,19513,International Journal of Network Management,journal,"10557148, 10991190","0,373",Q2,28,54,107,2448,247,99,1.82,45.33,United Kingdom,Western Europe,John Wiley and Sons Ltd,1991-2020,Computer Networks and Communications (Q2); Computer Science Applications (Q3)
827,26132,Journal of Computer Science and Technology,journal,"18604749, 10009000","0,373",Q2,48,92,277,3717,716,269,2.58,40.4,United States,Northern America,Springer New York,1986-2020,Hardware and Architecture (Q2); Software (Q2); Computational Theory and Mathematics (Q3); Computer Science Applications (Q3); Theoretical Computer Science (Q3)
828,21100201313,Mathematical and Computational Forestry and Natural-Resource Sciences,journal,19467664,"0,373",Q3,12,8,28,319,24,28,1.09,39.88,United States,Northern America,,2009-2019,Forestry (Q2); Applied Mathematics (Q3); Computer Science Applications (Q3); Environmental Engineering (Q3)
829,19700186849,International Journal of Ambient Computing and Intelligence,journal,"19416245, 19416237","0,372",Q2,18,11,68,441,203,68,2.33,40.09,United States,Northern America,IGI Global Publishing,"2009-2014, 2016-2020",Software (Q2)
830,13622,SIGMOD Record,journal,1635808,"0,372",Q2,142,39,81,808,127,57,1.67,20.72,United States,Northern America,Association for Computing Machinery (ACM),"1969, 1973-1978, 1981-2020",Information Systems (Q2); Software (Q2)
831,21100821307,Applied Computational Intelligence and Soft Computing,journal,"16879724, 16879732","0,371",Q2,10,11,44,570,122,42,2.84,51.82,Egypt,Africa/Middle East,Hindawi Limited,2016-2020,Computational Mechanics (Q2); Computer Networks and Communications (Q2); Artificial Intelligence (Q3); Civil and Structural Engineering (Q3); Computer Science Applications (Q3)
832,24208,Genetic Programming and Evolvable Machines,journal,"13892576, 15737632","0,371",Q2,41,31,69,1537,143,58,2.44,49.58,United States,Northern America,Springer New York,2003-2020,Software (Q2); Computer Science Applications (Q3); Hardware and Architecture (Q3); Theoretical Computer Science (Q3)
833,21100403130,Journal of Logical and Algebraic Methods in Programming,journal,"23522208, 23522216","0,371",Q2,18,36,190,1583,306,174,1.69,43.97,Netherlands,Western Europe,Elsevier BV,2014-2020,Cultural Studies (Q1); Political Science and International Relations (Q2); Sociology and Political Science (Q2); Software (Q2); Computational Theory and Mathematics (Q3); Logic (Q3); Theoretical Computer Science (Q3)
834,21100205112,Journal of software: Evolution and Process,journal,20477481,"0,371",Q3,29,76,212,4314,621,198,2.76,56.76,United Kingdom,Western Europe,John Wiley and Sons Ltd,2012-2020,Software (Q3)
835,19400157014,Journal on Computing and Cultural Heritage,journal,"15564711, 15564673","0,371",Q2,25,36,79,1734,224,74,2.79,48.17,United States,Northern America,Association for Computing Machinery (ACM),2008-2020,Conservation (Q1); Computer Graphics and Computer-Aided Design (Q2); Computer Science Applications (Q3); Information Systems (Q3)
836,12984,Machine Vision and Applications,journal,"14321769, 09328092","0,370",Q2,68,72,240,3225,633,236,2.59,44.79,Germany,Western Europe,Springer Verlag,1988-2020,Computer Vision and Pattern Recognition (Q2); Computer Science Applications (Q3); Hardware and Architecture (Q3); Software (Q3)
837,23670,Annals of Mathematics and Artificial Intelligence,journal,"15737470, 10122443","0,369",Q3,55,60,129,2272,213,118,1.55,37.87,Netherlands,Western Europe,Springer Netherlands,1990-2020,Applied Mathematics (Q3); Artificial Intelligence (Q3)
838,5800207702,Interaction Studies,journal,"15720381, 15720373","0,368",Q3,37,19,77,1119,88,75,1.02,58.89,Netherlands,Western Europe,John Benjamins Publishing Company,2004-2020,Language and Linguistics (Q1); Linguistics and Language (Q1); Communication (Q2); Animal Science and Zoology (Q3); Human-Computer Interaction (Q3)
839,12763,International Journal of Technology Management,journal,"17415276, 02675730","0,368",Q3,57,41,112,2162,195,111,1.44,52.73,United Kingdom,Western Europe,Inderscience Enterprises Ltd.,"1986-1989, 1996-2014, 2020",Engineering (miscellaneous) (Q2); Industrial Relations (Q2); Law (Q2); Computer Science Applications (Q3); Strategy and Management (Q3)
840,18100156704,"International Review of Law, Computers and Technology",journal,"13600869, 13646885","0,367",Q3,12,25,56,1623,66,50,0.94,64.92,United Kingdom,Western Europe,Routledge,"1984, 1986-1987, 1989, 1991-1995, 2009-2020",Law (Q2); Computer Science Applications (Q3)
841,4700152484,Journal of Systems Science and Systems Engineering,journal,10043756,"0,367",Q3,27,39,124,1469,202,118,1.46,37.67,Germany,Western Europe,Springer Verlag,2005-2020,Control and Systems Engineering (Q2); Information Systems (Q3)
842,24980,Formal Aspects of Computing,journal,"09345043, 1433299X","0,366",Q3,42,16,100,658,139,89,1.66,41.13,United Kingdom,Western Europe,Springer London,1989-2020,Software (Q3); Theoretical Computer Science (Q3)
843,17974,In Silico Biology,journal,"13866338, 14343207","0,366",Q3,47,3,7,120,16,7,3,40,Netherlands,Western Europe,IOS Press,"1998-1999, 2002-2012, 2015, 2017, 2019-2020",Computational Mathematics (Q3); Computational Theory and Mathematics (Q3); Medicine (miscellaneous) (Q3); Genetics (Q4); Molecular Biology (Q4)
844,19900193674,Applied Ontology,journal,"18758533, 15705838","0,365",Q2,29,19,46,1002,89,44,2.31,52.74,Netherlands,Western Europe,IOS Press,2005-2020,Language and Linguistics (Q1); Linguistics and Language (Q1); Computer Science (miscellaneous) (Q2)
845,24185,Expert Systems,journal,"14680394, 02664720","0,365",Q3,38,151,248,6761,636,232,2.64,44.77,United Kingdom,Western Europe,Wiley-Blackwell Publishing Ltd,1984-2020,Control and Systems Engineering (Q2); Artificial Intelligence (Q3); Computational Theory and Mathematics (Q3); Theoretical Computer Science (Q3)
846,12100155655,Journal of Location Based Services,journal,"17489725, 17489733","0,365",Q2,24,9,34,575,108,33,3.87,63.89,United Kingdom,Western Europe,Taylor and Francis Ltd.,2007-2020,Computer Networks and Communications (Q2); Electrical and Electronic Engineering (Q2); Signal Processing (Q3)
847,17963,International Journal of Circuit Theory and Applications,journal,"1097007X, 00989886","0,364",Q3,52,166,432,4797,907,401,2.09,28.9,United Kingdom,Western Europe,John Wiley and Sons Ltd,1973-2020,"Electrical and Electronic Engineering (Q2); Applied Mathematics (Q3); Computer Science Applications (Q3); Electronic, Optical and Magnetic Materials (Q3)"
848,19700174917,International Journal of Telemedicine and Applications,journal,"16876415, 16876423","0,363",Q2,27,6,28,278,62,28,2.11,46.33,Egypt,Africa/Middle East,Hindawi Limited,2008-2020,Computer Networks and Communications (Q2); Health Informatics (Q3); Health Information Management (Q3); Medicine (miscellaneous) (Q3)
849,57844,Journal of Molecular Modeling,journal,"16102940, 09485023","0,363",Q3,69,354,1067,16985,1774,1066,1.73,47.98,Germany,Western Europe,Springer Verlag,1996-2020,Catalysis (Q3); Computational Theory and Mathematics (Q3); Computer Science Applications (Q3); Inorganic Chemistry (Q3); Organic Chemistry (Q3); Physical and Theoretical Chemistry (Q3)
850,21101020042,Proceedings of the ACM on Programming Languages,journal,24751421,"0,362",Q3,7,234,1,13811,3,1,3,59.02,United States,Northern America,Association for Computing Machinery (ACM),2020,"Safety, Risk, Reliability and Quality (Q2); Software (Q3)"
851,21100829272,Electronics (Switzerland),journal,20799292,"0,360",Q2,36,2170,2097,84416,6323,2071,3.02,38.9,Switzerland,Western Europe,MDPI Multidisciplinary Digital Publishing Institute,2012-2020,Computer Networks and Communications (Q2); Control and Systems Engineering (Q2); Electrical and Electronic Engineering (Q2); Hardware and Architecture (Q3); Signal Processing (Q3)
852,21100824667,Image Processing On Line,journal,21051232,"0,359",Q3,9,9,66,207,124,66,1.59,23,France,Western Europe,IPOL - Image Processing on Line,2017-2020,Signal Processing (Q3); Software (Q3)
853,35932,International Journal of Imaging Systems and Technology,journal,"10981098, 08999457","0,359",Q2,47,143,127,5556,322,126,2.12,38.85,United States,Northern America,John Wiley and Sons Inc.,"1989-1992, 1994-2020","Computer Vision and Pattern Recognition (Q2); Electrical and Electronic Engineering (Q2); Electronic, Optical and Magnetic Materials (Q3); Software (Q3)"
854,4700152809,Data Science Journal,journal,16831470,"0,358",Q2,21,44,143,1288,189,140,1.18,29.27,France,Western Europe,Ubiquity Press,"2003, 2006-2020",Computer Science (miscellaneous) (Q2); Computer Science Applications (Q3)
855,21100198470,International Journal of Information Systems and Supply Chain Management,journal,"19355726, 19355734","0,357",Q3,14,21,60,907,93,60,1.39,43.19,United States,Northern America,The Information Resources Management Association (IRMA),2008-2020,Management Information Systems (Q2); Information Systems (Q3)
856,20013,Software Quality Journal,journal,"09639314, 15731367","0,356",Q3,43,71,152,3142,396,134,2.44,44.25,United States,Northern America,Springer New York,"1992-1999, 2001-2020","Media Technology (Q1); Safety, Risk, Reliability and Quality (Q2); Software (Q3)"
857,21100217640,ACM Transactions on Reconfigurable Technology and Systems,journal,"19367406, 19367414","0,355",Q2,28,24,73,1249,237,68,3.37,52.04,United States,Northern America,Association for Computing Machinery (ACM),2008-2020,Computer Science (miscellaneous) (Q2)
858,28456,Computational Geometry: Theory and Applications,journal,9257721,"0,355",Q3,58,50,131,1094,140,125,1.06,21.88,Netherlands,Western Europe,Elsevier,1991-2021,Computational Mathematics (Q3); Computational Theory and Mathematics (Q3); Computer Science Applications (Q3); Control and Optimization (Q3); Geometry and Topology (Q3)
859,5300152202,IET Communications,journal,17518628,"0,355",Q3,62,464,1093,15113,2255,1088,2,32.57,United Kingdom,Western Europe,Institution of Engineering and Technology,2007-2020,Electrical and Electronic Engineering (Q2); Computer Science Applications (Q3)
860,21100442189,JALT CALL Journal,journal,18324215,"0,355",Q3,7,10,32,438,39,31,1,43.8,Japan,Asiatic Region,,2015-2020,Language and Linguistics (Q1); Linguistics and Language (Q1); Computer Science Applications (Q3); Education (Q3)
861,21100203114,Journal of Computer Networks and Communications,journal,"20907141, 2090715X","0,355",Q2,23,15,93,444,270,93,2.74,29.6,Egypt,Africa/Middle East,Hindawi Limited,2011-2020,Computer Networks and Communications (Q2); Information Systems (Q3)
862,17954,Computer Methods in Biomechanics and Biomedical Engineering,journal,"14768259, 10255842","0,354",Q3,58,221,487,8676,753,486,1.64,39.26,United Kingdom,Western Europe,Informa Healthcare,1997-2020,Bioengineering (Q3); Biomedical Engineering (Q3); Computer Science Applications (Q3); Human-Computer Interaction (Q3); Medicine (miscellaneous) (Q3)
863,21100773821,Computer Methods in Biomechanics and Biomedical Engineering: Imaging and Visualization,journal,"21681163, 21681171","0,354",Q3,18,117,188,3804,401,180,2.27,32.51,United Kingdom,Western Europe,Taylor and Francis Ltd.,2013-2020,"Computational Mechanics (Q2); Biomedical Engineering (Q3); Computer Science Applications (Q3); Radiology, Nuclear Medicine and Imaging (Q3)"
864,21100792082,"Vestnik Udmurtskogo Universiteta: Matematika, Mekhanika, Komp'yuternye Nauki",journal,"20765959, 19949197","0,354",Q2,8,34,139,656,77,139,0.58,19.29,Russian Federation,Eastern Europe,Udmurt State University,2016-2020,Computer Science (miscellaneous) (Q2); Fluid Flow and Transfer Processes (Q3); Mathematics (miscellaneous) (Q3)
865,23737,Computational Intelligence,journal,"08247935, 14678640","0,353",Q3,52,154,140,5600,335,138,2.81,36.36,United Kingdom,Western Europe,Wiley-Blackwell Publishing Ltd,1985-2020,Artificial Intelligence (Q3); Computational Mathematics (Q3)
866,21101013582,IEEE Transactions on Games,journal,"24751510, 24751502","0,353",Q3,45,56,106,1792,427,101,4.47,32,United States,Northern America,Institute of Electrical and Electronics Engineers Inc.,2018-2020,Control and Systems Engineering (Q2); Electrical and Electronic Engineering (Q2); Artificial Intelligence (Q3); Software (Q3)
867,21100855506,International Journal of E-Planning Research,journal,"21609926, 21609918","0,353",Q3,6,16,47,893,66,47,1.47,55.81,United States,Northern America,IGI Global Publishing,2017-2020,"Geography, Planning and Development (Q2); Urban Studies (Q2); Computer Science Applications (Q3)"
868,19700181431,Journal of Decision Systems,journal,"21167052, 12460125","0,353",Q3,22,53,76,2695,145,73,2.11,50.85,United Kingdom,Western Europe,Taylor and Francis Ltd.,1992-2020,Management Information Systems (Q2); Software (Q3)
869,19700181204,OPSEARCH,journal,"00303887, 09750320","0,353",Q3,20,67,137,2414,237,136,1.6,36.03,India,Asiatic Region,Springer India,2009-2020,Management Information Systems (Q2); Computer Science Applications (Q3); Information Systems (Q3); Management Science and Operations Research (Q3)
870,19053,Computational Economics,journal,"09277099, 15729974","0,352",Q3,40,166,313,6328,477,303,1.57,38.12,Netherlands,Western Europe,Springer Netherlands,1993-2020,"Economics, Econometrics and Finance (miscellaneous) (Q2); Computer Science Applications (Q3)"
871,21100901137,Journal of Statistical Distributions and Applications,journal,21955832,"0,352",Q3,14,10,47,286,60,47,1.05,28.6,Germany,Western Europe,Springer Open,"2014-2015, 2017-2020","Computer Science Applications (Q3); Statistics and Probability (Q3); Statistics, Probability and Uncertainty (Q3)"
872,21100204505,Australasian Journal of Information Systems,journal,"14498618, 13262238","0,351",Q3,18,41,90,2403,166,83,2.32,58.61,Australia,Pacific Region,"UQ Business School, The University of Queensland","2007, 2009-2020","Business, Management and Accounting (miscellaneous) (Q2); Information Systems and Management (Q2); Human-Computer Interaction (Q3); Information Systems (Q3)"
873,19700177406,Dynamic Games and Applications,journal,"21530785, 21530793","0,351",Q2,24,57,130,2136,196,126,1.34,37.47,United States,Northern America,Springer Science + Business Media,2011-2020,Computer Graphics and Computer-Aided Design (Q2); Applied Mathematics (Q3); Computational Mathematics (Q3); Computational Theory and Mathematics (Q3); Computer Science Applications (Q3); Economics and Econometrics (Q3); Statistics and Probability (Q3)
874,21100450131,Journal of Technology and Science Education,journal,"20145349, 20136374","0,351",Q3,9,24,102,913,202,100,1.86,38.04,Spain,Western Europe,OmniaScience,2014-2020,Computer Science Applications (Q3); Education (Q3)
875,13427,Bulletin of the Polish Academy of Sciences: Technical Sciences,journal,"23001917, 02397528","0,350",Q3,41,144,321,4481,621,318,1.76,31.12,Poland,Eastern Europe,Polish Academy of Sciences,"1983-1988, 1999-2000, 2002-2020","Engineering (miscellaneous) (Q2); Artificial Intelligence (Q3); Atomic and Molecular Physics, and Optics (Q3); Computer Networks and Communications (Q3); Information Systems (Q3)"
876,21100286806,IEEE Design and Test,journal,21682356,"0,350",Q3,79,104,229,1558,436,192,1.44,14.98,United States,Northern America,IEEE Computer Society,2013-2020,Electrical and Electronic Engineering (Q2); Hardware and Architecture (Q3); Software (Q3)
877,19700175219,Iranian Journal of Fuzzy Systems,journal,17350654,"0,350",Q3,28,83,185,2768,318,185,1.66,33.35,Iran,Middle East,University of Sistan and Baluchestan,2004-2020,Information Systems and Management (Q2); Artificial Intelligence (Q3); Computer Science Applications (Q3); Mathematics (miscellaneous) (Q3)
878,28345,Journal of Functional Programming,journal,"14697653, 09567968","0,350",Q3,52,20,52,789,163,31,3.39,39.45,United Kingdom,Western Europe,Cambridge University Press,1991-2020,Software (Q3)
879,21100432047,Sovremennye Problemy Distantsionnogo Zondirovaniya Zemli iz Kosmosa,journal,"20707401, 24110280","0,350",Q3,13,180,492,3044,474,492,1.07,16.91,Russian Federation,Eastern Europe,Space Research Institute of the Russian Academy of Sciences,2015-2020,Computer Networks and Communications (Q3); Computer Science Applications (Q3); Computers in Earth Sciences (Q3)
880,147203,Design Journal,journal,14606925,"0,349",Q2,19,62,745,2197,565,705,0.55,35.44,United Kingdom,Western Europe,Taylor and Francis Ltd.,2005-2020,Arts and Humanities (miscellaneous) (Q2); Computer Graphics and Computer-Aided Design (Q2)
881,25518,IEEE Computer Graphics and Applications,journal,"15581756, 02721716","0,349",Q2,92,84,219,870,554,201,2.85,10.36,United States,Northern America,IEEE Computer Society,1981-2020,Computer Graphics and Computer-Aided Design (Q2); Software (Q3)
882,21100223111,Information (Switzerland),journal,20782489,"0,349",Q3,28,589,882,27290,2260,851,2.38,46.33,Switzerland,Western Europe,MDPI Multidisciplinary Digital Publishing Institute,2012-2020,Information Systems (Q3)
883,27728,Digital Investigation,journal,17422876,"0,348",Q3,53,0,222,0,698,204,3.12,0,United Kingdom,Western Europe,Elsevier Ltd.,2004-2019,Law (Q2); Computer Science Applications (Q3); Information Systems (Q3); Medical Laboratory Technology (Q3); Pathology and Forensic Medicine (Q3)
884,17700156101,Journal on Multimodal User Interfaces,journal,"17837677, 17838738","0,348",Q3,27,39,80,1812,186,76,2.09,46.46,Germany,Western Europe,Springer Verlag,2008-2020,Human-Computer Interaction (Q3); Signal Processing (Q3)
885,21100199795,Algorithms,journal,19994893,"0,346",Q3,34,328,606,14067,1492,596,2.27,42.89,Switzerland,Western Europe,MDPI AG,2008-2020,Computational Mathematics (Q3); Computational Theory and Mathematics (Q3); Numerical Analysis (Q3); Theoretical Computer Science (Q3)
886,19700174653,Mobile Information Systems,journal,"1875905X, 1574017X","0,346",Q3,34,115,408,4637,908,384,2.54,40.32,Egypt,Africa/Middle East,Hindawi Limited,2005-2020,Computer Networks and Communications (Q3); Computer Science Applications (Q3)
887,25626,Multimedia Systems,journal,"14321882, 09424962","0,346",Q3,59,85,154,3742,356,148,2.34,44.02,Germany,Western Europe,Springer Verlag,"1993-2000, 2002-2020",Media Technology (Q2); Computer Networks and Communications (Q3); Hardware and Architecture (Q3); Information Systems (Q3); Software (Q3)
888,19700175286,Evolving Systems,journal,"18686486, 18686478","0,345",Q3,27,67,118,2788,272,113,2.16,41.61,Germany,Western Europe,Springer Verlag,2010-2020,Control and Systems Engineering (Q2); Computer Science Applications (Q3); Control and Optimization (Q3); Modeling and Simulation (Q3)
889,21100897136,Karbala International Journal of Modern Science,journal,"24056103, 2405609X","0,345",Q2,17,47,105,1618,285,105,2.93,34.43,Iraq,Middle East,University of Kerbala,2015-2020,"Computer Science (miscellaneous) (Q2); Multidisciplinary (Q2); Biochemistry, Genetics and Molecular Biology (miscellaneous) (Q3); Chemistry (miscellaneous) (Q3); Physics and Astronomy (miscellaneous) (Q3)"
890,25028,Computers and Graphics,journal,978493,"0,344",Q2,70,115,382,4823,872,336,2.34,41.94,United Kingdom,Western Europe,Elsevier Ltd.,"1975-1980, 1982-2020",Computer Graphics and Computer-Aided Design (Q2); Computer Vision and Pattern Recognition (Q2); Engineering (miscellaneous) (Q2); Human-Computer Interaction (Q3); Signal Processing (Q3); Software (Q3)
891,17964,International Journal of Communication Systems,journal,"10991131, 10745351","0,344",Q3,49,433,940,16559,1987,933,2.29,38.24,United Kingdom,Western Europe,John Wiley and Sons Ltd,1994-2020,Electrical and Electronic Engineering (Q2); Computer Networks and Communications (Q3)
892,145326,International Journal of Information Security,journal,"16155270, 16155262","0,344",Q3,43,71,121,2987,304,120,2.42,42.07,Germany,Western Europe,Springer Verlag,2005-2020,"Safety, Risk, Reliability and Quality (Q2); Computer Networks and Communications (Q3); Information Systems (Q3); Software (Q3)"
893,12213,ACM Transactions on Computer Systems,journal,"07342071, 15577333","0,343",Q2,70,6,22,227,64,22,4.27,37.83,United States,Northern America,Association for Computing Machinery (ACM),1983-2020,Computer Science (miscellaneous) (Q2)
894,23616,AI and Society,journal,"09515666, 14355655","0,343",Q3,29,186,203,8089,327,167,1.61,43.49,United Kingdom,Western Europe,Springer London,"1987-1996, 1998-2020",Philosophy (Q1); Artificial Intelligence (Q3); Human-Computer Interaction (Q3)
895,20948,Jixie Gongcheng Xuebao/Chinese Journal of Mechanical Engineering,journal,5776686,"0,342",Q3,50,621,1873,16609,2206,1873,1.06,26.75,China,Asiatic Region,Editorial Office of Chinese Journal of Mechanical Engineering,"1981-1990, 1996-2020",Applied Mathematics (Q3); Computer Science Applications (Q3); Mechanical Engineering (Q3)
896,21101019334,Journal of Business Analytics,journal,"2573234X, 25732358","0,342",Q3,4,14,22,595,39,21,1.77,42.5,United Kingdom,Western Europe,Taylor and Francis Ltd.,2018-2020,Industrial and Manufacturing Engineering (Q2); Information Systems (Q3); Management Information Systems (Q3)
897,17700155804,Journal of E-Learning and Knowledge Society,journal,"18266223, 19718829","0,342",Q3,16,41,110,1494,146,101,0.97,36.44,Italy,Western Europe,Italian e-Learning Association,"2006, 2009-2020",Computer Science Applications (Q3); Education (Q3); E-learning (Q3)
898,98245,Library Resources and Technical Services,journal,242527,"0,342",Q3,24,8,61,218,23,50,0.44,27.25,United States,Northern America,American Library Association,"1978-1979, 1981-1984, 1988-2020",Library and Information Sciences (Q2); Information Systems (Q3)
899,25566,Zidonghua Xuebao/Acta Automatica Sinica,journal,"18741029, 02544156","0,342",Q2,59,216,604,9283,1269,604,1.86,42.98,China,Asiatic Region,Science Press,"1980, 1993-2020",Computer Graphics and Computer-Aided Design (Q2); Control and Systems Engineering (Q3); Information Systems (Q3); Software (Q3)
900,28642,CMES - Computer Modeling in Engineering and Sciences,journal,"15261492, 15261506","0,341",Q3,60,234,265,8786,413,263,1.61,37.55,United States,Northern America,Tech Science Press,2000-2020,Computer Science Applications (Q3); Modeling and Simulation (Q3); Software (Q3)
901,5200152707,Eurasip Journal on Image and Video Processing,journal,"16875281, 16875176","0,341",Q3,40,51,321,2159,873,320,2.5,42.33,United States,Northern America,Springer Publishing Company,2007-2020,Electrical and Electronic Engineering (Q2); Information Systems (Q3); Signal Processing (Q3)
902,21100901206,IAES International Journal of Artificial Intelligence,journal,"20894872, 22528938","0,341",Q3,7,92,76,2759,179,75,2.36,29.99,Indonesia,Asiatic Region,Institute of Advanced Engineering and Science (IAES),2018-2020,Electrical and Electronic Engineering (Q2); Information Systems and Management (Q2); Artificial Intelligence (Q3); Control and Systems Engineering (Q3)
903,5900152897,Journal of Design Research,journal,"17483050, 15691551","0,341",Q2,20,5,40,287,29,40,0.63,57.4,United Kingdom,Western Europe,Inderscience Enterprises Ltd.,"2006-2007, 2010-2014, 2019",Computer Graphics and Computer-Aided Design (Q2); Engineering (miscellaneous) (Q2)
904,26644,Concurrent Engineering Research and Applications,journal,"15312003, 1063293X","0,340",Q3,42,28,82,1249,120,78,1.29,44.61,United Kingdom,Western Europe,SAGE Publications Ltd,1993-2020,Engineering (miscellaneous) (Q2); Computer Science Applications (Q3); Modeling and Simulation (Q3)
905,144972,Design Issues,journal,7479360,"0,340",Q2,33,25,104,250,81,75,0.69,10,United States,Northern America,MIT Press Journals,2005-2020,Arts and Humanities (miscellaneous) (Q2); Computer Graphics and Computer-Aided Design (Q2)
906,29556,Journal of Bioinformatics and Computational Biology,journal,"02197200, 17576334","0,339",Q3,43,54,178,1936,208,168,1.08,35.85,Singapore,Asiatic Region,World Scientific Publishing Co. Pte Ltd,2003-2020,Computer Science Applications (Q3); Biochemistry (Q4); Molecular Biology (Q4)
907,21100369411,"Bulletin of the South Ural State University, Series: Mathematical Modelling, Programming and Computer Software",journal,"20710216, 23080256","0,338",Q3,11,39,162,636,140,161,0.86,16.31,Russian Federation,Eastern Europe,South Ural State University,2014-2020,Computational Mathematics (Q3); Computational Theory and Mathematics (Q3); Modeling and Simulation (Q3); Software (Q3)
908,21100788924,"African Journal of Research in Mathematics, Science and Technology Education",journal,"18117295, 24697656","0,337",Q3,15,36,94,1119,74,94,0.63,31.08,United Kingdom,Western Europe,Taylor and Francis Ltd.,1997-2020,Engineering (miscellaneous) (Q2); Computer Science Applications (Q3); Education (Q3); Mathematics (miscellaneous) (Q3); Physics and Astronomy (miscellaneous) (Q3)
909,23617,AI Communications,journal,9217126,"0,337",Q3,40,13,79,687,177,77,1.38,52.85,Netherlands,Western Europe,IOS Press,1987-2020,Artificial Intelligence (Q3)
910,21100935763,Health Systems,journal,"20476973, 20476965","0,337",Q3,13,36,58,2050,90,57,1.63,56.94,United States,Northern America,Taylor and Francis Inc.,2012-2020,Computer Science Applications (Q3); Health Informatics (Q3); Health Information Management (Q3); Health Policy (Q3)
911,21100818504,Journal of Medical Signals and Sensors,journal,22287477,"0,337",Q2,21,32,96,1086,180,96,1.64,33.94,India,Asiatic Region,Wolters Kluwer Medknow Publications,2011-2020,"Computer Science (miscellaneous) (Q2); Biomedical Engineering (Q3); Health Informatics (Q3); Radiological and Ultrasound Technology (Q3); Radiology, Nuclear Medicine and Imaging (Q3)"
912,12409,Multidimensional Systems and Signal Processing,journal,"15730824, 09236082","0,337",Q3,39,76,287,2766,619,285,2.1,36.39,Netherlands,Western Europe,Springer Netherlands,1990-2020,Applied Mathematics (Q3); Artificial Intelligence (Q3); Computer Science Applications (Q3); Hardware and Architecture (Q3); Information Systems (Q3); Signal Processing (Q3); Software (Q3)
913,23673,Applied Artificial Intelligence,journal,"10876545, 08839514","0,336",Q3,58,57,159,2059,373,157,2,36.12,United Kingdom,Western Europe,Taylor and Francis Ltd.,1987-2020,Artificial Intelligence (Q3)
914,21100803571,"Digital Policy, Regulation and Governance",journal,23985038,"0,336",Q3,29,27,112,1602,202,99,2.01,59.33,United Kingdom,Western Europe,Emerald Group Publishing Ltd.,2017-2020,Information Systems and Management (Q2); Computer Networks and Communications (Q3); Information Systems (Q3); Management Information Systems (Q3); Management of Technology and Innovation (Q3)
915,21100283367,International Journal of Prognostics and Health Management,journal,21532648,"0,336",Q2,21,16,62,654,118,61,1.63,40.88,United States,Northern America,,2010-2020,"Computer Science (miscellaneous) (Q2); Safety, Risk, Reliability and Quality (Q2); Civil and Structural Engineering (Q3); Energy Engineering and Power Technology (Q3); Mechanical Engineering (Q3)"
916,24596,Cluster Computing,journal,13867857,"0,335",Q3,50,260,1931,11719,3843,1918,1.88,45.07,Netherlands,Western Europe,Kluwer Academic Publishers,2005-2020,Computer Networks and Communications (Q3); Software (Q3)
917,18201,International Journal of RF and Microwave Computer-Aided Engineering,journal,"1099047X, 10964290","0,335",Q2,39,458,795,12629,1482,790,1.91,27.57,United States,Northern America,John Wiley and Sons Inc.,1996-2020,Computer Graphics and Computer-Aided Design (Q2); Electrical and Electronic Engineering (Q2); Computer Science Applications (Q3)
918,12262,Formal Methods in System Design,journal,"15728102, 09259856","0,334",Q3,54,12,80,566,203,75,1.48,47.17,Netherlands,Western Europe,Springer Netherlands,1992-2020,Hardware and Architecture (Q3); Software (Q3); Theoretical Computer Science (Q3)
919,21100788266,Biomedical Physics and Engineering Express,journal,20571976,"0,333",Q3,16,209,522,8712,732,522,1.39,41.68,United Kingdom,Western Europe,IOP Publishing Ltd.,2015-2020,"Bioengineering (Q3); Biomedical Engineering (Q3); Biophysics (Q3); Computer Science Applications (Q3); Health Informatics (Q3); Radiology, Nuclear Medicine and Imaging (Q3); Biomaterials (Q4); Physiology (Q4)"
920,24326,"International Journal of Uncertainty, Fuzziness and Knowlege-Based Systems",journal,2184885,"0,333",Q3,59,65,182,2167,275,174,1.51,33.34,Singapore,Asiatic Region,World Scientific Publishing Co. Pte Ltd,1996-2020,Artificial Intelligence (Q3); Control and Systems Engineering (Q3); Information Systems (Q3); Software (Q3)
921,12961,Journal of Computer and Systems Sciences International,journal,"10642307, 15556530","0,333",Q3,21,76,247,1695,258,247,1.11,22.3,United States,Northern America,Pleiades Publishing,1993-2020,Applied Mathematics (Q3); Computer Networks and Communications (Q3); Computer Vision and Pattern Recognition (Q3); Control and Systems Engineering (Q3); Information Systems (Q3); Software (Q3); Theoretical Computer Science (Q3)
922,21100944565,Izvestiya Instituta Matematiki i Informatiki Udmurtskogo Gosudarstvennogo Universiteta,journal,"22263594, 24101737","0,332",Q3,3,20,21,426,19,21,0.9,21.3,Russian Federation,Eastern Europe,Udmurt State University,2019,Computational Theory and Mathematics (Q3); Mathematics (miscellaneous) (Q3)
923,21100421900,Information and Computer Security,journal,20564961,"0,331",Q3,49,35,117,2265,291,115,2.13,64.71,United Kingdom,Western Europe,Emerald Group Publishing Ltd.,2015-2020,Information Systems and Management (Q2); Computer Networks and Communications (Q3); Information Systems (Q3); Management Information Systems (Q3); Management of Technology and Innovation (Q3); Software (Q3)
924,130138,International Journal on Document Analysis and Recognition,journal,"14332825, 14332833","0,331",Q3,50,19,65,861,226,63,4.14,45.32,Germany,Western Europe,Springer Verlag,1998-2020,Computer Science Applications (Q3); Computer Vision and Pattern Recognition (Q3); Software (Q3)
925,23917,Journal of Intelligent and Fuzzy Systems,journal,"18758967, 10641246","0,331",Q3,57,1134,2896,37642,5305,2884,1.74,33.19,Netherlands,Western Europe,IOS Press,1993-2020,Engineering (miscellaneous) (Q2); Artificial Intelligence (Q3); Statistics and Probability (Q3)
926,19700182335,Advances in Bioinformatics,journal,"16878027, 16878035","0,330",Q3,20,1,17,13,55,17,2.83,13,Egypt,Africa/Middle East,Hindawi Limited,2010-2020,"Biochemistry, Genetics and Molecular Biology (miscellaneous) (Q3); Biomedical Engineering (Q3); Computer Science Applications (Q3)"
927,25547,Interacting with Computers,journal,"18737951, 09535438","0,328",Q3,82,31,112,1881,237,112,2.12,60.68,United Kingdom,Western Europe,Oxford University Press,1989-2020,Human-Computer Interaction (Q3); Software (Q3)
928,19268,International Journal of High Performance Computing Applications,journal,"10943420, 17412846","0,328",Q3,61,50,189,1651,389,176,2.11,33.02,United States,Northern America,SAGE Publications Inc.,1987-2020,Hardware and Architecture (Q3); Software (Q3); Theoretical Computer Science (Q3)
929,12000154489,"International Journal of Innovative Computing, Information and Control",journal,13494198,"0,328",Q3,51,145,469,4034,532,469,1.16,27.82,Japan,Asiatic Region,IJICIC Editorial Office,2007-2020,Computational Theory and Mathematics (Q3); Information Systems (Q3); Software (Q3); Theoretical Computer Science (Q3)
930,4700151607,Computer-Aided Design and Applications,journal,16864360,"0,327",Q2,30,203,250,4655,316,249,1.29,22.93,United Kingdom,Western Europe,Taylor and Francis Ltd.,2004-2021,Computer Graphics and Computer-Aided Design (Q2); Computational Mathematics (Q3); Computational Mechanics (Q3)
931,19700186851,International Journal of Automation and Control,journal,"17407516, 17407524","0,327",Q3,15,32,81,1339,179,78,2.11,41.84,United Kingdom,Western Europe,Inderscience Enterprises Ltd.,"2007-2014, 2020",Industrial and Manufacturing Engineering (Q2); Control and Systems Engineering (Q3); Hardware and Architecture (Q3); Software (Q3)
932,21100870845,Computational Social Networks,journal,21974314,"0,325",Q3,12,6,38,222,120,38,3.27,37,Switzerland,Western Europe,,2014-2020,Computer Science Applications (Q3); Human-Computer Interaction (Q3); Information Systems (Q3); Modeling and Simulation (Q3)
933,21100899600,"Journal of Automata, Languages and Combinatorics",journal,"25673785, 1430189X","0,325",Q3,4,16,41,290,40,39,0.98,18.13,Germany,Western Europe,"Institut fur Informatik, Justus-Liebig-Universitat Giessen",2018-2020,Computational Theory and Mathematics (Q3); Discrete Mathematics and Combinatorics (Q3)
934,5800173381,International Journal of Distributed Sensor Networks,journal,"15501329, 15501477","0,324",Q3,53,214,904,7528,1781,887,2.03,35.18,United States,Northern America,SAGE Publications Inc.,2006-2020,Engineering (miscellaneous) (Q2); Computer Networks and Communications (Q3)
935,21100224419,International Journal of Computer Science in Sport,journal,16844769,"0,323",Q2,9,11,49,489,64,48,1.42,44.45,Austria,Western Europe,International Association of Computer Science in Sport,2012-2019,Computer Science (miscellaneous) (Q2); Biomedical Engineering (Q3)
936,15552,Microprocessors and Microsystems,journal,1419331,"0,323",Q3,38,462,428,12804,962,423,2.34,27.71,Netherlands,Western Europe,Elsevier,1978-2020,Artificial Intelligence (Q3); Computer Networks and Communications (Q3); Hardware and Architecture (Q3); Software (Q3)
937,12931,Cybernetics and Systems,journal,"10876553, 01969722","0,322",Q3,39,59,104,1718,226,98,2.42,29.12,United Kingdom,Western Europe,Taylor and Francis Ltd.,1980-2020,Artificial Intelligence (Q3); Information Systems (Q3); Software (Q3)
938,21100857955,Data Technologies and Applications,journal,25149288,"0,322",Q3,29,51,88,2364,205,87,2.24,46.35,United Kingdom,Western Europe,Emerald Group Publishing Ltd.,2018-2020,Library and Information Sciences (Q2); Information Systems (Q3)
939,14500154734,Evolutionary Intelligence,journal,"18645917, 18645909","0,322",Q3,26,212,141,8140,345,121,2.33,38.4,Germany,Western Europe,Springer Verlag,2008-2020,Artificial Intelligence (Q3); Computer Vision and Pattern Recognition (Q3); Mathematics (miscellaneous) (Q3); Cognitive Neuroscience (Q4)
940,19900192316,International Journal of Architectural Computing,journal,14780771,"0,322",Q3,13,50,68,1601,96,56,1.47,32.02,United Kingdom,Western Europe,SAGE Publications Inc.,2011-2020,Building and Construction (Q3); Computer Graphics and Computer-Aided Design (Q3); Computer Science Applications (Q3)
941,5800207506,"International Journal of Modelling, Identification and Control",journal,"17466172, 17466180","0,322",Q3,29,50,227,1714,329,222,1.68,34.28,United Kingdom,Western Europe,Inderscience Enterprises Ltd,"2006-2014, 2017",Applied Mathematics (Q3); Computer Science Applications (Q3); Modeling and Simulation (Q3)
942,21100781972,Progress in Artificial Intelligence,journal,"21926360, 21926352","0,322",Q3,18,24,96,1200,198,95,2.25,50,Germany,Western Europe,Springer Nature,2012-2020,Artificial Intelligence (Q3)
943,19900191737,Studies in Informatics and Control,journal,"12201766, 1841429X","0,321",Q2,22,36,142,927,296,142,2,25.75,Romania,Eastern Europe,National Institute for R &amp; D in Informatics,2010-2020,Computer Science (miscellaneous) (Q2); Electrical and Electronic Engineering (Q2)
944,21100857172,Computation,journal,20793197,"0,320",Q2,17,107,164,4550,392,162,2.64,42.52,Switzerland,Western Europe,MDPI Multidisciplinary Digital Publishing Institute,2013-2020,Computer Science (miscellaneous) (Q2); Applied Mathematics (Q3); Modeling and Simulation (Q3); Theoretical Computer Science (Q3)
945,21100855805,Computer Research and Modeling,journal,"20767633, 20776853","0,320",Q3,7,93,208,2447,157,192,0.87,26.31,Russian Federation,Eastern Europe,Institute of Computer Science,2017-2020,Computational Theory and Mathematics (Q3); Computer Science Applications (Q3); Modeling and Simulation (Q3)
946,19700188366,Gyroscopy and Navigation,journal,"20751109, 20751087","0,320",Q2,20,36,110,1014,188,110,1.57,28.17,United States,Northern America,Pleiades Publishing,2010-2020,Computer Science (miscellaneous) (Q2); Electrical and Electronic Engineering (Q2); Control and Systems Engineering (Q3)
947,4900153220,International Journal on Semantic Web and Information Systems,journal,"15526283, 15526291","0,320",Q3,33,19,82,1014,155,82,1.18,53.37,United States,Northern America,IGI Publishing,2005-2020,Computer Networks and Communications (Q3); Information Systems (Q3)
948,15069,World Patent Information,journal,1722190,"0,320",Q3,30,30,117,809,126,104,1.12,26.97,United Kingdom,Western Europe,Elsevier Ltd.,1979-2020,"Library and Information Sciences (Q2); Bioengineering (Q3); Computer Science Applications (Q3); Energy Engineering and Power Technology (Q3); Fuel Technology (Q3); Process Chemistry and Technology (Q3); Renewable Energy, Sustainability and the Environment (Q3)"
949,23792,Computer Journal,journal,"14602067, 00104620","0,319",Q2,64,121,347,4405,580,346,1.78,36.4,United Kingdom,Western Europe,Oxford University Press,1967-2020,Computer Science (miscellaneous) (Q2)
950,21100238613,Digital Education Review,journal,20139144,"0,318",Q3,14,21,74,1094,103,74,1.45,52.1,Spain,Western Europe,Universitat de Barcelona,2010-2019,Computer Science Applications (Q3); Education (Q3)
951,21100197510,Journal of Electrical and Computer Engineering,journal,"20900147, 20900155","0,318",Q2,25,61,201,1909,441,195,1.36,31.3,United States,Northern America,Hindawi Publishing Corporation,2010-2020,Computer Science (miscellaneous) (Q2); Electrical and Electronic Engineering (Q2); Signal Processing (Q3)
952,21100863113,Campus Virtuales,journal,22551514,"0,317",Q3,7,20,60,803,105,60,2.3,40.15,Spain,Western Europe,,2017-2020,Computer Science Applications (Q3); Education (Q3)
953,15300154801,Eurasip Journal on Advances in Signal Processing,journal,"16876172, 16876180","0,317",Q3,88,49,219,2039,437,216,2.13,41.61,United States,Northern America,Springer Publishing Company,2007-2020,Electrical and Electronic Engineering (Q2); Hardware and Architecture (Q3); Signal Processing (Q3)
954,21100845659,Revista Chilena de Derecho y Tecnologia,journal,"07192576, 07192584","0,317",Q3,3,15,43,488,26,38,0.55,32.53,Chile,Latin America,Universidad de Chile,2017-2019,Law (Q2); Computer Networks and Communications (Q3); Information Systems (Q3)
955,21100970313,Information Sciences Letters,journal,"2090956X, 20909551","0,316",Q3,5,26,14,709,28,14,2,27.27,United States,Northern America,Natural Sciences Publishing,2019-2020,Library and Information Sciences (Q2); Applied Mathematics (Q3); Computer Science Applications (Q3)
956,21100394784,International Journal of Interactive Mobile Technologies,journal,18657923,"0,316",Q3,16,278,327,9090,815,326,2.24,32.7,Germany,Western Europe,Kassel University Press GmbH,"2010, 2014-2020",Computer Networks and Communications (Q3); Computer Science Applications (Q3); E-learning (Q3)
957,26146,Visual Computer,journal,"14322315, 01782789","0,316",Q3,67,314,411,13986,969,378,2.52,44.54,Germany,Western Europe,Springer Verlag,1985-2020,Computer Graphics and Computer-Aided Design (Q3); Computer Vision and Pattern Recognition (Q3); Software (Q3)
958,20608,Journal of Global Information Management,journal,"10627375, 15337995","0,315",Q3,41,38,100,2833,172,100,1.53,74.55,United States,Northern America,IGI Publishing,2002-2020,Information Systems and Management (Q2); Business and International Management (Q3); Computer Science Applications (Q3); E-learning (Q3); Management Science and Operations Research (Q3); Strategy and Management (Q3)
959,26801,Computational Linguistics,journal,"08912017, 15309312","0,314",Q3,98,22,74,2019,415,69,4.12,91.77,United States,Northern America,MIT Press Journals,"1985, 1996-2020",Language and Linguistics (Q2); Linguistics and Language (Q2); Artificial Intelligence (Q3); Computer Science Applications (Q3)
960,18184,Engineering Computations,journal,2644401,"0,313",Q3,57,206,488,8187,773,484,1.59,39.74,United Kingdom,Western Europe,Emerald Group Publishing Ltd.,1984-2020,Engineering (miscellaneous) (Q2); Computational Theory and Mathematics (Q3); Computer Science Applications (Q3); Software (Q3)
961,28416,Science of Computer Programming,journal,1676423,"0,313",Q3,64,83,285,3377,489,260,1.75,40.69,Netherlands,Western Europe,Elsevier,1981-2021,Software (Q3)
962,27930,Wuhan Daxue Xuebao (Xinxi Kexue Ban)/Geomatics and Information Science of Wuhan University,journal,"16718860, 1000050X","0,313",Q2,29,238,831,5713,732,831,0.86,24,China,Asiatic Region,Wuhan University,"1998, 2001-2020",Computer Science (miscellaneous) (Q2); Earth-Surface Processes (Q3)
963,21100466404,Cogent Engineering,journal,23311916,"0,312",Q2,24,197,581,7757,1061,576,1.69,39.38,United Kingdom,Western Europe,Cogent OA,2014-2020,Computer Science (miscellaneous) (Q2); Engineering (miscellaneous) (Q2); Chemical Engineering (miscellaneous) (Q3)
964,19700201511,"Interdisciplinary Journal of Information, Knowledge, and Management",journal,"15551237, 15551229","0,312",Q2,22,12,54,767,128,54,2.73,63.92,United States,Northern America,Informing Science Institute,2006-2019,Computer Science (miscellaneous) (Q2); Information Systems and Management (Q2)
965,28474,Fundamenta Informaticae,journal,1692968,"0,311",Q3,67,87,424,2700,636,398,1.49,31.03,Netherlands,Western Europe,IOS Press,"1988-1991, 1993-2020",Computational Theory and Mathematics (Q3); Information Systems (Q3); Theoretical Computer Science (Q3); Algebra and Number Theory (Q4)
966,21100898633,Journal of Contemporary Eastern Asia,journal,23839449,"0,311",Q3,3,8,34,305,33,33,0.97,38.13,South Korea,Asiatic Region,World Association for Triple helix and Future strategy studies,2018-2020,"Communication (Q2); Economics, Econometrics and Finance (miscellaneous) (Q2); Sociology and Political Science (Q2); Computer Networks and Communications (Q3)"
967,19700185000,ACM SIGPLAN Notices,journal,"15232867, 15581160","0,310",Q2,99,0,423,0,1260,420,3.25,0,United States,Northern America,Association for Computing Machinery (ACM),"1994, 2006-2018",Computer Science (miscellaneous) (Q2)
968,19700187807,Information Security Journal,journal,"19393555, 19393547","0,310",Q3,25,36,57,1438,104,56,1.71,39.94,United Kingdom,Western Europe,Taylor and Francis Ltd.,2008-2020,Information Systems and Management (Q2); Computer Science Applications (Q3); Software (Q3)
969,4700152858,ACM Transactions on Storage,journal,15533077,"0,309",Q3,42,31,96,1608,228,86,1.59,51.87,United States,Northern America,Association for Computing Machinery (ACM),2005-2020,Hardware and Architecture (Q3)
970,27871,Concurrency Computation Practice and Experience,journal,"15320626, 15320634","0,309",Q3,67,648,1198,24068,2058,1119,1.55,37.14,United Kingdom,Western Europe,John Wiley and Sons Ltd,2001-2020,Computational Theory and Mathematics (Q3); Computer Networks and Communications (Q3); Computer Science Applications (Q3); Software (Q3); Theoretical Computer Science (Q3)
971,21100912216,IET Cyber-Physical Systems: Theory and Applications,journal,23983396,"0,308",Q3,7,44,45,1835,114,43,2.53,41.7,United Kingdom,Western Europe,Institution of Engineering and Technology,2019-2020,Electrical and Electronic Engineering (Q2); Artificial Intelligence (Q3); Computer Networks and Communications (Q3); Computer Science Applications (Q3); Information Systems (Q3)
972,5400152640,IET Information Security,journal,17518709,"0,308",Q3,34,79,196,2544,347,194,1.82,32.2,United Kingdom,Western Europe,Institution of Engineering and Technology,2007-2020,Computer Networks and Communications (Q3); Information Systems (Q3); Software (Q3)
973,21100220379,International Journal of Technology Enhanced Learning,journal,"17535263, 17535255","0,308",Q3,20,26,64,1388,108,64,1.43,53.38,Switzerland,Western Europe,Inderscience Publishers,"2008-2014, 2020",Computer Science Applications (Q3); Education (Q3); E-learning (Q3)
974,19700181256,Constructivist Foundations,journal,1782348X,"0,307",Q3,16,91,250,1367,81,104,0.35,15.02,Belgium,Western Europe,Vrije Universiteit Brussel,2010-2020,Philosophy (Q1); History and Philosophy of Science (Q2); Multidisciplinary (Q2); Artificial Intelligence (Q3); Education (Q3); Cognitive Neuroscience (Q4)
975,21100332423,APSIPA Transactions on Signal and Information Processing,journal,20487703,"0,306",Q3,18,28,59,1327,164,58,3.22,47.39,United Kingdom,Western Europe,Cambridge University Press,2012-2020,Information Systems (Q3); Signal Processing (Q3)
976,12981,Kybernetes,journal,0368492X,"0,306",Q2,40,145,448,9518,809,440,1.77,65.64,United Kingdom,Western Europe,Emerald Group Publishing Ltd.,1972-2020,Computer Science (miscellaneous) (Q2); Engineering (miscellaneous) (Q2); Social Sciences (miscellaneous) (Q2); Artificial Intelligence (Q3); Control and Systems Engineering (Q3); Electrical and Electronic Engineering (Q3); Information Systems (Q3); Software (Q3); Theoretical Computer Science (Q3)
977,24142,Artificial Life,journal,"10645462, 15309185","0,305",Q3,57,22,77,1076,146,74,1.37,48.91,United States,Northern America,MIT Press Journals,"1995, 1997-2020","Artificial Intelligence (Q3); Biochemistry, Genetics and Molecular Biology (miscellaneous) (Q3)"
978,5400152714,IET Software,journal,17518806,"0,305",Q3,43,81,158,3868,334,152,2.17,47.75,United Kingdom,Western Europe,Institution of Engineering and Technology,2007-2020,Computer Graphics and Computer-Aided Design (Q3)
979,4900152803,Journal of Systems Science and Complexity,journal,10096124,"0,305",Q2,33,113,287,3608,413,274,1.47,31.93,United States,Northern America,Springer New York,2006-2020,Computer Science (miscellaneous) (Q2); Information Systems (Q3)
980,21100826927,Human Technology,journal,17956889,"0,304",Q3,7,16,40,820,52,35,1.59,51.25,Finland,Western Europe,"Open Science Center, University of Jyvaskyla",2016-2019,Communication (Q2); Human-Computer Interaction (Q3); Social Psychology (Q3)
981,15135,Information Services and Use,journal,"01675265, 18758789","0,304",Q3,19,33,98,576,100,90,0.42,17.45,Netherlands,Western Europe,IOS Press,1981-2019,Library and Information Sciences (Q2); Computer Science Applications (Q3); Information Systems (Q3)
982,21100301602,Journal of Robotics,journal,"16879600, 16879619","0,303",Q2,14,41,90,1422,181,86,2.25,34.68,Egypt,Africa/Middle East,Hindawi Limited,2012-2020,Computer Science (miscellaneous) (Q2); Control and Systems Engineering (Q3)
983,21100937108,Smart and Sustainable Manufacturing Systems,journal,"25206478, 25723928","0,303",Q3,6,30,52,634,61,52,1.35,21.13,United States,Northern America,,2017-2020,Industrial and Manufacturing Engineering (Q2); Computer Science Applications (Q3); Control and Systems Engineering (Q3)
984,15900154752,IAENG International Journal of Computer Science,journal,"1819656X, 18199224","0,302",Q2,21,94,210,2974,379,210,1.68,31.64,Hong Kong,Asiatic Region,International Association of Engineers,2009-2020,Computer Science (miscellaneous) (Q2)
985,26138,Parallel Computing,journal,1678191,"0,302",Q3,68,40,211,1345,409,194,1.72,33.63,Netherlands,Western Europe,Elsevier,1984-2020,Artificial Intelligence (Q3); Computer Graphics and Computer-Aided Design (Q3); Computer Networks and Communications (Q3); Hardware and Architecture (Q3); Software (Q3); Theoretical Computer Science (Q4)
986,21100928218,"Vestnik Samarskogo Gosudarstvennogo Tekhnicheskogo Universiteta, Seriya Fiziko-Matematicheskie Nauki",journal,"23107081, 19918615","0,302",Q3,2,38,46,1120,22,46,0.48,29.47,Russian Federation,Eastern Europe,Samara State Technical University,2019-2020,Analysis (Q3); Applied Mathematics (Q3); Condensed Matter Physics (Q3); Mechanics of Materials (Q3); Modeling and Simulation (Q3); Software (Q3); Mathematical Physics (Q4)
987,20725,Wireless Personal Communications,journal,"1572834X, 09296212","0,302",Q3,60,904,3040,27828,5637,3019,1.95,30.78,Netherlands,Western Europe,Springer Netherlands,1994-2020,Computer Science Applications (Q3); Electrical and Electronic Engineering (Q3)
988,21100894516,Journal of Biomedical Informatics: X,journal,2590177X,"0,301",Q3,3,7,13,297,32,13,2.46,42.43,United States,Northern America,Academic Press Inc.,2019-2020,Computer Science Applications (Q3); Health Informatics (Q3)
989,21100812209,Journal of Radars,journal,2095283X,"0,301",Q3,13,76,219,3787,348,219,1.56,49.83,China,Asiatic Region,Institute of Electronics Chinese Academy of Sciences,2016-2020,Electrical and Electronic Engineering (Q3); Instrumentation (Q3); Signal Processing (Q3)
990,58655,Journal of Systems Engineering and Electronics,journal,16711793,"0,301",Q3,33,109,374,3411,674,374,1.73,31.29,China,Asiatic Region,Kexue Chubaneshe/Science Press,1992-2020,Computer Science Applications (Q3); Control and Systems Engineering (Q3); Electrical and Electronic Engineering (Q3)
991,21101017166,KI - Kunstliche Intelligenz,journal,"16101987, 09331875","0,301",Q3,22,60,143,2167,220,101,1.77,36.12,Switzerland,Western Europe,Springer Nature Switzerland AG,2010-2020,Artificial Intelligence (Q3)
992,21100945714,"Methods, Data, Analyses",journal,"21904936, 18646956","0,301",Q3,2,5,15,293,15,15,1,58.6,Germany,Western Europe,GESIS - Leibniz Institute for the Social Sciences,2019-2020,"Applied Mathematics (Q3); Applied Psychology (Q3); Computer Science Applications (Q3); Modeling and Simulation (Q3); Statistics and Probability (Q3); Statistics, Probability and Uncertainty (Q3)"
993,14452,Simulation,journal,"17413133, 00375497","0,301",Q3,48,71,234,2688,380,225,1.6,37.86,United Kingdom,Western Europe,SAGE Publications Ltd,1963-2020,Computer Graphics and Computer-Aided Design (Q3); Mathematics (miscellaneous) (Q3); Modeling and Simulation (Q3); Software (Q3)
994,4700152208,International Journal of Humanoid Robotics,journal,2198436,"0,300",Q3,33,38,115,1586,171,110,1.72,41.74,Singapore,Asiatic Region,World Scientific Publishing Co. Pte Ltd,2006-2020,Artificial Intelligence (Q3); Mechanical Engineering (Q3)
995,4900152415,Journal of Real-Time Image Processing,journal,"18618200, 18618219","0,300",Q3,34,204,320,7735,699,301,2.3,37.92,Germany,Western Europe,Springer Verlag,2006-2020,Information Systems (Q3)
996,24906,Automatic Control and Computer Sciences,journal,"1558108X, 01464116","0,299",Q3,17,107,370,2343,447,370,1.3,21.9,United States,Northern America,Pleiades Publishing,1973-2020,Control and Systems Engineering (Q3); Signal Processing (Q3); Software (Q3)
997,19400157202,International Journal of Web-Based Learning and Teaching Technologies,journal,"15481107, 15481093","0,299",Q3,12,18,57,648,80,57,1.58,36,United States,Northern America,IGI Publishing,2006-2020,Computer Science Applications (Q3); Education (Q3); E-learning (Q3)
998,24196,Scientia Iranica,journal,10263098,"0,299",Q2,51,141,836,5349,1109,830,1.35,37.94,Iran,Middle East,Sharif University of Technology,1999-2020,Computer Science (miscellaneous) (Q2); Engineering (miscellaneous) (Q2); Industrial and Manufacturing Engineering (Q2); Chemistry (miscellaneous) (Q3); Civil and Structural Engineering (Q3); Materials Science (miscellaneous) (Q3); Mechanical Engineering (Q3); Physics and Astronomy (miscellaneous) (Q3)
999,21100201051,Annals of Library and Information Studies,journal,"09725423, 09752404","0,298",Q3,13,27,77,851,57,77,0.64,31.52,India,Asiatic Region,National Institute of Science Communication and Information Resources (NISCAIR),2011-2020,Library and Information Sciences (Q2); Computer Science Applications (Q3)
1000,21100787102,International Biomechanics,journal,23335432,"0,298",Q3,9,8,30,311,33,30,0.9,38.88,United Kingdom,Western Europe,Taylor and Francis Ltd.,2014-2020,"Biomedical Engineering (Q3); Computer Science Applications (Q3); Orthopedics and Sports Medicine (Q3); Physical Therapy, Sports Therapy and Rehabilitation (Q3); Rehabilitation (Q3)"
1001,21100854726,International Journal of Mathematics and Computer Science,journal,"18140432, 18140424","0,298",Q2,7,135,103,2011,82,103,0.83,14.9,United States,Northern America,Badih Ghusayni,2017-2020,Computer Science (miscellaneous) (Q2); Applied Mathematics (Q3); Computational Mathematics (Q3); Discrete Mathematics and Combinatorics (Q3); Modeling and Simulation (Q3); Numerical Analysis (Q3); Algebra and Number Theory (Q4); Statistics and Probability (Q4)
1002,21100464776,"Statistics, Optimization and Information Computing",journal,"23105070, 2311004X","0,297",Q3,12,66,138,1820,197,137,1.4,27.58,United States,Northern America,International Academic Press,2013-2020,"Artificial Intelligence (Q3); Computer Vision and Pattern Recognition (Q3); Control and Optimization (Q3); Information Systems (Q3); Signal Processing (Q3); Statistics, Probability and Uncertainty (Q3); Statistics and Probability (Q4)"
1003,21100970247,International Journal of Data and Network Science,journal,25618148,"0,296",Q3,7,34,27,1383,70,27,2.59,40.68,Canada,Northern America,Growing Science,2018-2020,Communication (Q2); Artificial Intelligence (Q3); Computer Networks and Communications (Q3); Computer Science Applications (Q3); Information Systems (Q3); Software (Q3)
1004,21100832761,International Journal of Fuzzy Logic and Intelligent Systems,journal,"2093744X, 15982645","0,296",Q3,9,40,120,883,197,120,1.46,22.08,South Korea,Asiatic Region,Korean Institute of Intelligent Systems,2017-2020,Artificial Intelligence (Q3); Computational Theory and Mathematics (Q3); Computer Science Applications (Q3); Logic (Q3); Signal Processing (Q3)
1005,6100152807,International Journal of Value Chain Management,journal,"17415365, 17415357","0,296",Q3,15,18,52,973,58,51,1.03,54.06,United Kingdom,Western Europe,Inderscience Enterprises Ltd.,2006-2014,Computer Science Applications (Q3); Information Systems (Q3); Strategy and Management (Q3)
1006,21100206263,New Mathematics and Natural Computation,journal,"17937027, 17930057","0,296",Q3,10,38,85,859,112,84,1.24,22.61,United States,Northern America,World Scientific Publishing Co.,2012-2020,Applied Mathematics (Q3); Computational Mathematics (Q3); Computational Theory and Mathematics (Q3); Computer Science Applications (Q3); Human-Computer Interaction (Q3)
1007,24783,ETRI Journal,journal,"12256463, 22337326","0,295",Q2,46,100,238,3119,448,234,2.03,31.19,United States,Northern America,John Wiley &amp; Sons Inc.,1994-2020,"Computer Science (miscellaneous) (Q2); Electrical and Electronic Engineering (Q3); Electronic, Optical and Magnetic Materials (Q3)"
1008,12000154349,International Journal of Information and Communication Technology Education,journal,"15501337, 15501876","0,295",Q3,12,18,95,591,101,95,1.15,32.83,United States,Northern America,IGI Publishing,2005-2020,Computer Science Applications (Q3); Education (Q3); E-learning (Q3)
1009,24310,International Journal of Pattern Recognition and Artificial Intelligence,journal,2180014,"0,295",Q3,55,246,504,8070,789,502,1.6,32.8,Singapore,Asiatic Region,World Scientific Publishing Co. Pte Ltd,1995-2020,Artificial Intelligence (Q3); Computer Vision and Pattern Recognition (Q3); Software (Q3)
1010,21100202719,Journal of Systems and Information Technology,journal,"17588847, 13287265","0,295",Q2,25,17,57,1081,125,56,1.91,63.59,United Kingdom,Western Europe,Emerald Group Publishing Ltd.,"1997-2004, 2007-2020",Computer Science (miscellaneous) (Q2); Information Systems (Q3)
1011,19700174656,Automatika,journal,51144,"0,294",Q2,24,64,173,2057,314,172,1.65,32.14,United Kingdom,Western Europe,Taylor and Francis Ltd.,2009-2020,Computer Science (miscellaneous) (Q2); Control and Systems Engineering (Q3)
1012,10900153307,Journal of Simulation,journal,"17477778, 17477786","0,294",Q3,24,61,95,3112,151,92,1.58,51.02,United Kingdom,Western Europe,Taylor and Francis Ltd.,2008-2020,Industrial and Manufacturing Engineering (Q2); Management Science and Operations Research (Q3); Modeling and Simulation (Q3); Software (Q3)
1013,25193,Applied Sciences,journal,14545101,"0,293",Q3,18,25,39,875,60,39,0.77,35,Romania,Eastern Europe,Politechnica University of Bucharest,1999-2020,Engineering (miscellaneous) (Q2); Applied Mathematics (Q3); Computer Science Applications (Q3); Fluid Flow and Transfer Processes (Q3); Instrumentation (Q3); Materials Science (miscellaneous) (Q3); Process Chemistry and Technology (Q3)
1014,7900153143,International Journal of Simulation and Process Modelling,journal,"17402123, 17402131","0,293",Q3,20,50,144,1375,169,140,1.26,27.5,United Kingdom,Western Europe,Inderscience Enterprises Ltd.,"2005-2014, 2016-2018",Applied Mathematics (Q3); Computer Science Applications (Q3); Modeling and Simulation (Q3)
1015,21100853738,ROBOMECH Journal,journal,21974225,"0,293",Q3,13,37,81,1071,141,81,1.87,28.95,Switzerland,Western Europe,Springer International Publishing AG,2014-2020,Artificial Intelligence (Q3); Control and Optimization (Q3); Instrumentation (Q3); Mechanical Engineering (Q3); Modeling and Simulation (Q3)
1016,19700186855,ACM Transactions on Accessible Computing,journal,19367228,"0,292",Q3,29,24,60,1508,158,53,2.17,62.83,United States,Northern America,Association for Computing Machinery (ACM),2008-2020,Computer Science Applications (Q3); Human-Computer Interaction (Q3)
1017,23453,Combinatorial Chemistry and High Throughput Screening,journal,"13862073, 18755402","0,292",Q3,64,109,271,4931,370,251,1.19,45.24,United Arab Emirates,Middle East,Bentham Science Publishers B.V.,1998-2020,Computer Science Applications (Q3); Drug Discovery (Q3); Medicine (miscellaneous) (Q3); Organic Chemistry (Q4)
1018,18047,Industrial Robot,journal,0143991X,"0,292",Q3,50,101,262,2847,431,260,1.59,28.19,United Kingdom,Western Europe,Emerald Group Publishing Ltd.,"1973-1989, 1991, 1993, 1995-2020",Computer Science Applications (Q3); Control and Systems Engineering (Q3); Industrial and Manufacturing Engineering (Q3)
1019,19266,International Journal of Computer Applications in Technology,journal,9528091,"0,292",Q3,27,102,226,3441,337,223,1.55,33.74,United Kingdom,Western Europe,Inderscience Enterprises Ltd.,"1976, 1988-2014, 2016, 2019-2020",Computer Networks and Communications (Q3); Computer Science Applications (Q3); Electrical and Electronic Engineering (Q3); Industrial and Manufacturing Engineering (Q3); Information Systems (Q3); Software (Q3)
1020,21100934924,ACM Transactions on Modeling and Performance Evaluation of Computing Systems,journal,"23763647, 23763639","0,291",Q2,11,14,58,583,135,57,2.17,41.64,United States,Northern America,Association for Computing Machinery (ACM),2016-2020,"Computer Science (miscellaneous) (Q2); Media Technology (Q2); Computer Networks and Communications (Q3); Hardware and Architecture (Q3); Information Systems (Q3); Safety, Risk, Reliability and Quality (Q3); Software (Q3)"
1021,21100873337,Complex Adaptive Systems Modeling,journal,21943206,"0,291",Q3,15,6,23,286,38,21,1,47.67,United Kingdom,Western Europe,Springer Open,2013-2020,Applied Mathematics (Q3); Computer Science Applications (Q3); Modeling and Simulation (Q3)
1022,6100152804,International Journal of Computational Science and Engineering,journal,"17427185, 17427193","0,291",Q3,21,140,301,4503,451,297,1.32,32.16,United Kingdom,Western Europe,Inderscience Enterprises Ltd,2005-2015,Computational Mathematics (Q3); Computational Theory and Mathematics (Q3); Hardware and Architecture (Q3); Modeling and Simulation (Q3); Software (Q3)
1023,19600157217,International Journal of Intelligent Transportation Systems Research,journal,18688659,"0,291",Q3,16,39,56,1169,86,56,1.38,29.97,Germany,Western Europe,Springer Verlag,2010-2020,Aerospace Engineering (Q3); Applied Mathematics (Q3); Automotive Engineering (Q3); Computer Science Applications (Q3); Control and Systems Engineering (Q3); Information Systems (Q3); Software (Q3); Neuroscience (miscellaneous) (Q4)
1024,19869,Programming and Computer Software,journal,"16083261, 03617688","0,291",Q3,17,72,167,2114,216,167,1.41,29.36,United States,Northern America,Pleiades Publishing,"1978-1992, 1996-2020",Software (Q3)
1025,21100244214,"Journal of Control, Automation and Electrical Systems",journal,"21953880, 21953899","0,290",Q3,20,127,242,4285,397,242,1.56,33.74,United States,Northern America,Springer Science + Business Media,2013-2020,Computer Science Applications (Q3); Control and Systems Engineering (Q3); Electrical and Electronic Engineering (Q3); Energy Engineering and Power Technology (Q3)
1026,19421,Journal of Technology in Human Services,journal,"15228991, 15228835","0,290",Q3,27,27,63,1432,96,58,1.12,53.04,United States,Northern America,Routledge,1996-2020,Social Sciences (miscellaneous) (Q2); Computer Networks and Communications (Q3); Health (social science) (Q3)
1027,28380,Natural Language Engineering,journal,"14698110, 13513249","0,290",Q3,54,53,119,3060,281,113,1.79,57.74,United Kingdom,Western Europe,Cambridge University Press,1995-2020,Language and Linguistics (Q2); Linguistics and Language (Q2); Artificial Intelligence (Q3); Software (Q3)
1028,21100923463,Statistical Theory and Related Fields,journal,"24754277, 24754269","0,289",Q3,5,37,92,740,49,88,0.44,20,United States,Northern America,Routledge,2017-2020,"Applied Mathematics (Q3); Computational Theory and Mathematics (Q3); Statistics, Probability and Uncertainty (Q3); Analysis (Q4); Statistics and Probability (Q4)"
1029,71244,Communications - Scientific Letters of the University of Zilina,journal,"13354205, 25857878","0,288",Q3,21,72,255,1817,222,254,0.96,25.24,Slovakia,Eastern Europe,University of Zilina,2003-2020,Automotive Engineering (Q3); Civil and Structural Engineering (Q3); Computer Networks and Communications (Q3); Economics and Econometrics (Q3); Electrical and Electronic Engineering (Q3); Mechanical Engineering (Q3); Transportation (Q3)
1030,3200147702,Electronic Government,journal,"17407494, 17407508","0,288",Q3,34,27,69,927,84,68,1.41,34.33,United Kingdom,Western Europe,Inderscience Enterprises Ltd.,"2004-2014, 2020",Computer Science Applications (Q3); E-learning (Q3); Public Administration (Q3)
1031,19515,International Journal of Wireless Information Networks,journal,"10689605, 15728129","0,288",Q3,28,45,124,1645,213,118,1.47,36.56,United States,Northern America,Springer New York,1994-2020,Computer Networks and Communications (Q3); Electrical and Electronic Engineering (Q3); Hardware and Architecture (Q3)
1032,21100203301,Journal of Information Processing Systems,journal,"2092805X, 1976913X","0,288",Q3,23,107,337,2677,567,327,1.52,25.02,South Korea,Asiatic Region,Korea Information Processing Society (KIPS),2012-2020,Information Systems (Q3); Software (Q3)
1033,21100244604,Scientific Visualization,journal,20793537,"0,288",Q3,9,47,164,839,128,164,0.87,17.85,Russian Federation,Eastern Europe,"National Research Nuclear University MEPhI""""",2013-2020,Computer Vision and Pattern Recognition (Q3); Software (Q3)
1034,21100900137,Transactions on Combinatorics,journal,"22518657, 22518665","0,288",Q3,4,20,39,306,32,39,0.82,15.3,Iran,Middle East,University of Isfahan,2018-2020,Computational Theory and Mathematics (Q3); Discrete Mathematics and Combinatorics (Q3)
1035,23635,Adaptive Behavior,journal,"17412633, 10597123","0,286",Q3,54,87,86,4149,114,76,1.27,47.69,United Kingdom,Western Europe,SAGE Publications Ltd,1992-2020,Philosophy (Q1); Artificial Intelligence (Q3); Behavioral Neuroscience (Q4); Experimental and Cognitive Psychology (Q4)
1036,19700174611,Information Technology and Control,journal,1392124X,"0,286",Q3,19,48,141,1865,212,141,1.56,38.85,Lithuania,Eastern Europe,Kauno Technologijos Universitetas,"2008, 2010-2020",Computer Science Applications (Q3); Control and Systems Engineering (Q3); Electrical and Electronic Engineering (Q3)
1037,26985,Kinetics and Catalysis,journal,"00231584, 16083210","0,286",Q3,35,83,288,3791,286,287,0.99,45.67,United States,Northern America,Pleiades Publishing,"1968-1971, 1984-1992, 1996-2020",Chemistry (miscellaneous) (Q3); Computer Science Applications (Q3); Modeling and Simulation (Q3); Catalysis (Q4)
1038,19700173244,International Journal of Unconventional Computing,journal,"15487199, 15487202","0,285",Q2,18,18,48,657,60,45,1.69,36.5,United States,Northern America,Old City Publishing,2008-2020,Computer Science (miscellaneous) (Q2)
1039,145537,Journal of Universal Computer Science,journal,"0948695X, 09486968","0,284",Q2,53,74,252,2555,337,225,1.35,34.53,Austria,Western Europe,Technische Universitat Graz from Austria,1996-2020,Computer Science (miscellaneous) (Q2); Theoretical Computer Science (Q4)
1040,14500154706,International Journal of Computational Intelligence and Applications,journal,14690268,"0,283",Q3,17,31,76,1064,145,76,1.9,34.32,Singapore,Asiatic Region,World Scientific Publishing Co.,2008-2020,Computer Science Applications (Q3); Software (Q3); Theoretical Computer Science (Q4)
1041,21100815354,JLIS.it,journal,"20381026, 20385366","0,283",Q3,5,29,114,987,42,111,0.32,34.03,Italy,Western Europe,"Universita di Firenze, Dipartimento di Storia, Archeologia, Geografia, Arte e Spettacolo",2017-2020,Conservation (Q1); Library and Information Sciences (Q2); Computer Science Applications (Q3)
1042,34202,Annual International Conference of the IEEE Engineering in Medicine and Biology - Proceedings,journal,"05891019, 1557170X","0,282",Q3,80,1465,4318,25247,4737,4309,1.04,17.23,United States,Northern America,Institute of Electrical and Electronics Engineers Inc.,"1974-1984, 1989-2019",Computer Vision and Pattern Recognition (Q3); Health Informatics (Q3); Signal Processing (Q3); Biomedical Engineering (Q4)
1043,19900192159,International Journal of Sensor Networks,journal,"17481287, 17481279","0,281",Q3,33,69,209,2138,312,209,1.49,30.99,United Kingdom,Western Europe,Inderscience Publishers,2006-2014,Computer Networks and Communications (Q3); Computer Science Applications (Q3); Control and Systems Engineering (Q3); Electrical and Electronic Engineering (Q3)
1044,21100262490,"Journal of Wireless Mobile Networks, Ubiquitous Computing, and Dependable Applications",journal,"20935382, 20935374","0,281",Q2,23,26,59,829,105,55,1.93,31.88,South Korea,Asiatic Region,Innovative Information Science &amp; Technology Research Group (ISYOU),2010-2020,Computer Science (miscellaneous) (Q2); Computer Networks and Communications (Q3); Computer Science Applications (Q3)
1045,19644,Technology and Health Care,journal,"18787401, 09287329","0,281",Q3,44,125,431,3254,580,417,1.35,26.03,Netherlands,Western Europe,IOS Press,1993-2020,Information Systems (Q3); Medicine (miscellaneous) (Q3); Bioengineering (Q4); Biomaterials (Q4); Biomedical Engineering (Q4); Biophysics (Q4); Health Informatics (Q4)
1046,21100839128,Journal of Information and Communication Convergence Engineering,journal,"22348883, 22348255","0,280",Q3,6,31,118,547,98,118,0.68,17.65,South Korea,Asiatic Region,The Korean Institute of Information and Commucation Engineering,2017-2020,Media Technology (Q2); Computer Networks and Communications (Q3); Electrical and Electronic Engineering (Q3); Information Systems (Q3)
1047,15629,International Journal of Cooperative Information Systems,journal,2188430,"0,279",Q3,45,20,44,889,69,42,1.33,44.45,Singapore,Asiatic Region,World Scientific Publishing Co. Pte Ltd,1996-2020,Computer Science Applications (Q3); Information Systems (Q3)
1048,4700152645,International Journal on Artificial Intelligence Tools,journal,2182130,"0,279",Q3,30,59,162,1912,261,153,1.5,32.41,Singapore,Asiatic Region,World Scientific Publishing Co. Pte Ltd,2005-2020,Artificial Intelligence (Q3)
1049,21100242617,"Journal of Information, Communication and Ethics in Society",journal,"17588871, 1477996X","0,279",Q3,19,37,107,2132,108,101,1.11,57.62,United Kingdom,Western Europe,Emerald Group Publishing Ltd.,2003-2020,Philosophy (Q1); Communication (Q2); Sociology and Political Science (Q2); Computer Networks and Communications (Q3); E-learning (Q3)
1050,6400153142,Advances in Multimedia,journal,"16875680, 16875699","0,278",Q2,17,10,65,383,113,64,1.7,38.3,Egypt,Africa/Middle East,Hindawi Limited,2007-2020,Computer Science (miscellaneous) (Q2)
1051,21100229836,3D Research,journal,20926731,"0,277",Q3,22,0,119,0,261,119,2.04,0,South Korea,Asiatic Region,3D Display Research Center,2010-2019,Electrical and Electronic Engineering (Q3); Software (Q3)
1052,21100864723,Advanced Biomedical Engineering,journal,21875219,"0,277",Q3,4,29,42,786,37,37,0.88,27.1,Japan,Asiatic Region,Japanese Society for Medical and Biological Engineering,2018-2020,Biotechnology (Q3); Computer Science Applications (Q3); Computer Vision and Pattern Recognition (Q3); Biomaterials (Q4); Biomedical Engineering (Q4)
1053,21100899523,International Journal of Aerospace Psychology,journal,"24721832, 24721840","0,277",Q3,44,18,29,852,45,27,1.22,47.33,United States,Northern America,Taylor and Francis Ltd.,2017-2020,Aerospace Engineering (Q3); Applied Psychology (Q3); Computer Science Applications (Q3); Education (Q3)
1054,21100373959,International Journal of Electrical and Computer Engineering,journal,20888708,"0,277",Q2,22,638,1657,19332,2539,1657,1.62,30.3,Indonesia,Asiatic Region,Institute of Advanced Engineering and Science (IAES),2014-2020,Computer Science (miscellaneous) (Q2); Electrical and Electronic Engineering (Q3)
1055,21100805732,Journal of Management Information and Decision Science,journal,"15247252, 15325806","0,277",Q3,7,53,73,1711,103,72,1.5,32.28,United Kingdom,Western Europe,Allied Business Academies,2015-2020,Information Systems and Management (Q2); Information Systems (Q3); Management Information Systems (Q3); Management Science and Operations Research (Q3)
1056,15583,New Generation Computing,journal,"02883635, 18827055","0,277",Q3,27,39,72,1586,115,62,1.63,40.67,Japan,Asiatic Region,Springer Japan,1983-2020,Computer Networks and Communications (Q3); Hardware and Architecture (Q3); Software (Q3); Theoretical Computer Science (Q4)
1057,12100154510,International Journal of Enterprise Information Systems,journal,"15481115, 15481123","0,276",Q3,21,30,73,1682,146,73,2.21,56.07,United States,Northern America,IGI Publishing,2005-2020,Computer Science Applications (Q3); Information Systems and Management (Q3); Management Information Systems (Q3)
1058,11400153333,Journal of Signal Processing Systems,journal,"19398115, 19398018","0,276",Q3,51,121,342,3864,527,324,1.61,31.93,United States,Northern America,Springer New York,2008-2020,Control and Systems Engineering (Q3); Hardware and Architecture (Q3); Information Systems (Q3); Modeling and Simulation (Q3); Signal Processing (Q3); Theoretical Computer Science (Q4)
1059,24802,Neural Network World,journal,"23364335, 12100552","0,276",Q3,26,21,86,569,130,85,1.77,27.1,Czech Republic,Eastern Europe,Czech Technical University in Prague,1994-2019,Artificial Intelligence (Q3); Hardware and Architecture (Q3); Software (Q3); Neuroscience (miscellaneous) (Q4)
1060,22679,"Jisuanji Jicheng Zhizao Xitong/Computer Integrated Manufacturing Systems, CIMS",journal,10065911,"0,275",Q3,33,324,913,8066,940,913,0.89,24.9,China,Asiatic Region,Computer Integrated Manufacturing Systems,1996-2020,Computer Science Applications (Q3); Control and Systems Engineering (Q3); Electrical and Electronic Engineering (Q3); Industrial and Manufacturing Engineering (Q3); Software (Q3)
1061,21100241768,"Preservation, Digital Technology and Culture",journal,21952965,"0,275",Q3,5,11,58,305,25,52,0.36,27.73,Germany,Western Europe,Walter de Gruyter GmbH,2013-2020,Conservation (Q1); Library and Information Sciences (Q2); Computer Science Applications (Q3)
1062,21100899217,Wireless Power Transfer,journal,20528418,"0,275",Q3,11,1,44,38,54,43,0.96,38,United Kingdom,Western Europe,Cambridge University Press,2014-2020,Computer Networks and Communications (Q3); Electrical and Electronic Engineering (Q3); Energy Engineering and Power Technology (Q3)
1063,21100801727,Digital Library Perspectives,journal,20595816,"0,274",Q3,23,44,76,1330,65,75,1,30.23,United Kingdom,Western Europe,Emerald Group Publishing Ltd.,2016-2020,Library and Information Sciences (Q2); Education (Q3); Information Systems (Q3)
1064,21100863714,International Journal of Computer-Assisted Language Learning and Teaching,journal,"21557101, 21557098","0,273",Q3,4,19,56,664,38,56,0.69,34.95,United States,Northern America,IGI Global Publishing,2017-2020,Linguistics and Language (Q2); Computer Science Applications (Q3); Computer Vision and Pattern Recognition (Q3); Education (Q3)
1065,21100916532,International Journal of Telerehabilitation,journal,19452020,"0,273",Q3,3,19,11,618,14,7,1.27,32.53,United States,Northern America,"University Library System, University of Pittsburgh",2019-2020,Computer Science Applications (Q3); Rehabilitation (Q3); Health Informatics (Q4); Health Information Management (Q4)
1066,19700186884,Journal of Data and Information Quality,journal,"19361963, 19361955","0,273",Q3,23,17,76,746,197,73,2.89,43.88,United States,Northern America,Association for Computing Machinery (ACM),2009-2020,Information Systems (Q3); Information Systems and Management (Q3)
1067,21100199814,Cybernetics and Information Technologies,journal,"13119702, 13144081","0,272",Q2,17,63,149,1764,241,145,1.75,28,Bulgaria,Eastern Europe,"Institute of Information and Communication Technologies, Bulgarian Academy of Sciences",2011-2020,Computer Science (miscellaneous) (Q2)
1068,5200152635,IEEE Computer Architecture Letters,journal,15566056,"0,272",Q3,36,41,137,564,349,136,2.62,13.76,United States,Northern America,Institute of Electrical and Electronics Engineers Inc.,2002-2020,Hardware and Architecture (Q3)
1069,12000154348,International Journal of Electronic Government Research,journal,"15483894, 15483886","0,272",Q3,29,19,45,1275,65,45,1.64,67.11,United States,Northern America,IGI Publishing,2005-2020,Social Sciences (miscellaneous) (Q2); Computer Networks and Communications (Q3); Hardware and Architecture (Q3); Software (Q3); E-learning (Q4)
1070,10900153313,Mathematics in Computer Science,journal,"16618289, 16618270","0,272",Q3,21,73,122,1697,138,113,1.15,23.25,Switzerland,Western Europe,Birkhauser Verlag Basel,2007-2020,Applied Mathematics (Q3); Computational Mathematics (Q3); Computational Theory and Mathematics (Q3)
1071,21100902636,Behavioral Science and Policy,journal,"23794607, 23794615","0,271",Q3,2,9,13,361,10,10,0.77,40.11,United States,Northern America,Brookings Institution Press,2018-2020,"Development (Q3); Human-Computer Interaction (Q3); Public Health, Environmental and Occupational Health (Q3); Behavioral Neuroscience (Q4)"
1072,25476,Intelligent Automation and Soft Computing,journal,"10798587, 2326005X","0,271",Q3,27,131,250,3350,390,208,1.6,25.57,United Kingdom,Western Europe,Taylor and Francis Ltd.,1995-2020,Artificial Intelligence (Q3); Computational Theory and Mathematics (Q3); Software (Q3); Theoretical Computer Science (Q4)
1073,21100900336,ACM SIGBED Review,journal,15513688,"0,270",Q2,5,14,36,293,53,33,1.47,20.93,United States,Northern America,Association for Computing Machinery (ACM),2018-2020,Computer Science (miscellaneous) (Q2); Engineering (miscellaneous) (Q2)
1074,5300152203,RIAI - Revista Iberoamericana de Automatica e Informatica Industrial,journal,"16977920, 16977912","0,270",Q2,16,39,139,1498,185,130,1.45,38.41,Spain,Western Europe,Universitat Politecnica de Valencia,2007-2020,Computer Science (miscellaneous) (Q2); Control and Systems Engineering (Q3)
1075,19926,Scientific Programming,journal,"1875919X, 10589244","0,269",Q3,36,173,197,6496,322,187,1.45,37.55,Egypt,Africa/Middle East,Hindawi Limited,"1972, 1992-1997, 1999-2020",Computer Science Applications (Q3); Software (Q3)
1076,21100874186,Computer Assisted Surgery,journal,24699322,"0,268",Q3,62,3,100,103,172,97,1.52,34.33,United Kingdom,Western Europe,Taylor and Francis Ltd.,2016-2020,Computer Science Applications (Q3); Family Practice (Q3); Surgery (Q3)
1077,21100450083,Eastern-European Journal of Enterprise Technologies,journal,"17293774, 17294061","0,268",Q3,24,484,1670,12081,1927,1670,1.22,24.96,Ukraine,Eastern Europe,PC Technology Center,2013-2020,Applied Mathematics (Q3); Computer Science Applications (Q3); Control and Systems Engineering (Q3); Electrical and Electronic Engineering (Q3); Energy Engineering and Power Technology (Q3); Industrial and Manufacturing Engineering (Q3); Management of Technology and Innovation (Q3); Mechanical Engineering (Q3)
1078,21100841738,International Journal of Applied Mathematics,journal,"13111728, 13148060","0,268",Q4,6,62,185,1283,122,185,0.77,20.69,Bulgaria,Eastern Europe,Academic Publications Ltd.,2017-2020,Mathematics (miscellaneous) (Q3); Computational Theory and Mathematics (Q4)
1079,21100301444,International Journal of Fuzzy System Applications,journal,"2156177X, 21561761","0,268",Q2,15,21,67,822,94,67,0.93,39.14,United States,Northern America,IGI Publishing,"2011-2013, 2015-2020",Computer Science (miscellaneous) (Q2)
1080,21100217227,Iranian Journal of Science and Technology - Transactions of Electrical Engineering,journal,22286179,"0,268",Q3,11,139,195,5202,363,195,1.99,37.42,Switzerland,Western Europe,Springer International Publishing AG,"2012-2013, 2016-2020",Computer Networks and Communications (Q3); Computer Vision and Pattern Recognition (Q3); Electrical and Electronic Engineering (Q3); Energy Engineering and Power Technology (Q3); Signal Processing (Q3)
1081,13581,Journal of Database Management,journal,"15338010, 10638016","0,268",Q3,33,12,44,719,59,44,1.27,59.92,United States,Northern America,IGI Publishing,2003-2020,Hardware and Architecture (Q3); Information Systems (Q3); Software (Q3)
1082,14000156125,Language Documentation and Conservation,journal,19345275,"0,268",Q3,5,7,30,342,22,30,0.73,48.86,United States,Northern America,University of Hawaii Press,2016-2019,Library and Information Sciences (Q2); Linguistics and Language (Q2); Computer Science Applications (Q3)
1083,21101012669,npj Digital Medicine,journal,23986352,"0,268",Q3,11,151,3,6544,2,3,0.67,43.34,United Kingdom,Western Europe,Nature Publishing Group,2018-2020,Computer Science Applications (Q3); Medicine (miscellaneous) (Q3); Health Informatics (Q4); Health Information Management (Q4)
1084,21100818722,Cybernetics and Physics,journal,"22237038, 22264116","0,267",Q3,8,24,107,636,77,106,0.67,26.5,Russian Federation,Eastern Europe,"Institute of Problems of Mechanical Engineering, Russian Academy of Sciences",2016-2020,Artificial Intelligence (Q3); Computer Vision and Pattern Recognition (Q3); Control and Optimization (Q3); Fluid Flow and Transfer Processes (Q3); Physics and Astronomy (miscellaneous) (Q3); Signal Processing (Q3)
1085,11200153523,International Journal of Manufacturing Research,journal,"17500591, 17500605","0,267",Q3,19,15,70,551,47,70,0.48,36.73,United Kingdom,Western Europe,Inderscience Enterprises Ltd.,"2006-2014, 2020",Computer Science Applications (Q3); Control and Systems Engineering (Q3); Industrial and Manufacturing Engineering (Q3); Modeling and Simulation (Q3)
1086,19700186871,Transactions on Data Privacy,journal,"18885063, 20131631","0,267",Q3,25,8,30,578,68,30,2.5,72.25,Spain,Western Europe,University of Skovde,2009-2020,Software (Q3); Statistics and Probability (Q4)
1087,18662,ACM Transactions on Design Automation of Electronic Systems,journal,"10844309, 15577309","0,266",Q3,51,50,207,1999,299,205,1.34,39.98,United States,Northern America,Association for Computing Machinery (ACM),1996-2020,Computer Graphics and Computer-Aided Design (Q3); Computer Science Applications (Q3); Electrical and Electronic Engineering (Q3)
1088,21100793172,Informatika i ee Primeneniya,journal,"19922264, 23109912","0,266",Q3,8,34,184,439,89,183,0.54,12.91,Russian Federation,Eastern Europe,Federal Research Center Computer Science and Control of Russian Academy of Sciences,2016-2020,Applied Mathematics (Q3); Computer Networks and Communications (Q3); Information Systems (Q3); Software (Q3); Computational Theory and Mathematics (Q4)
1089,20100195036,International Journal of Healthcare Information Systems and Informatics,journal,"15553396, 1555340X","0,266",Q3,13,20,49,810,60,49,1.59,40.5,United States,Northern America,IGI Global Publishing,2006-2020,Information Systems (Q3); Information Systems and Management (Q3); Medicine (miscellaneous) (Q3)
1090,21100944442,Journal of System and Management Sciences,journal,"18166075, 18180523","0,266",Q3,4,39,31,1148,49,31,1.58,29.44,China,Asiatic Region,Success Culture Press,2019-2020,Computer Science Applications (Q3); Control and Systems Engineering (Q3); Information Systems (Q3); Information Systems and Management (Q3); Management of Technology and Innovation (Q3)
1091,12100154833,ACM Transactions on Applied Perception,journal,"15443965, 15443558","0,265",Q3,49,17,64,801,168,62,2.21,47.12,United States,Northern America,Association for Computing Machinery (ACM),2004-2020,Computer Science (miscellaneous) (Q3); Experimental and Cognitive Psychology (Q4); Theoretical Computer Science (Q4)
1092,19900188004,Observatorio,journal,"16465954, 08748810","0,265",Q3,11,24,129,1103,95,128,0.75,45.96,Portugal,Western Europe,OberCom - Observatorio da Comunicacao,2011-2019,Communication (Q3); Computer Networks and Communications (Q3)
1093,21100857591,ACM Transactions on Spatial Algorithms and Systems,journal,"23740361, 23740353","0,264",Q3,13,27,52,1320,90,49,1.26,48.89,United States,Northern America,Association for Computing Machinery (ACM),2015-2020,Computer Science Applications (Q3); Discrete Mathematics and Combinatorics (Q3); Information Systems (Q3); Modeling and Simulation (Q3); Signal Processing (Q3); Geometry and Topology (Q4)
1094,17932,"Integration, the VLSI Journal",journal,1679260,"0,264",Q3,40,96,381,3058,623,378,1.6,31.85,Netherlands,Western Europe,Elsevier,1983-2021,Electrical and Electronic Engineering (Q3); Hardware and Architecture (Q3); Software (Q3)
1095,19400157135,International Journal of Knowledge Management Studies,journal,"17438276, 17438268","0,264",Q3,14,21,72,1402,69,70,0.57,66.76,United Kingdom,Western Europe,Inderscience Enterprises Ltd.,"2006-2007, 2009-2012",Computer Science Applications (Q3); Information Systems and Management (Q3); Management Information Systems (Q3); Management of Technology and Innovation (Q3)
1096,145356,Library Hi Tech News,journal,7419058,"0,264",Q3,18,44,146,767,102,133,0.69,17.43,United Kingdom,Western Europe,Emerald Group Publishing Ltd.,1999-2020,Library and Information Sciences (Q2); Information Systems (Q3)
1097,6400153138,Modelling and Simulation in Engineering,journal,"16875605, 16875591","0,264",Q3,20,24,106,621,191,105,1.94,25.88,United States,Northern America,Hindawi Publishing Corporation,2007-2020,Engineering (miscellaneous) (Q2); Computer Science Applications (Q3); Modeling and Simulation (Q3)
1098,12100154406,Transactions on Architecture and Code Optimization,journal,"15443973, 15443566","0,263",Q3,41,41,179,2105,418,179,1.89,51.34,United States,Northern America,Association for Computing Machinery (ACM),2004-2020,Hardware and Architecture (Q3); Information Systems (Q3); Software (Q3)
1099,12400154710,Transport and Telecommunication,journal,"14076179, 14076160","0,263",Q3,14,16,90,449,118,90,1.58,28.06,Latvia ,Eastern Europe,Transport and Telecommunication Institute,2008-2020,Computer Science Applications (Q3); Engineering (miscellaneous) (Q3)
1100,145743,Journal of Interactive Learning Research,journal,1093023X,"0,262",Q3,25,10,55,494,35,55,0.68,49.4,United States,Northern America,Association for the Advancement of Computing in Education,2005-2019,Computer Science Applications (Q3); Education (Q3); Human-Computer Interaction (Q3)
1101,4700152641,International Journal of Foundations of Computer Science,journal,1290541,"0,261",Q3,42,71,203,1502,158,194,0.78,21.15,Singapore,Asiatic Region,World Scientific Publishing Co. Pte Ltd,2000-2020,Computer Science (miscellaneous) (Q3)
1102,4700152485,Pattern Recognition and Image Analysis,journal,"15556212, 10546618","0,260",Q3,25,82,244,2129,398,243,1.24,25.96,United States,Northern America,Pleiades Publishing,2006-2020,Computer Graphics and Computer-Aided Design (Q3); Computer Vision and Pattern Recognition (Q3)
1103,25497,Journal of Automation and Information Sciences,journal,10642315,"0,259",Q3,15,52,234,1067,144,233,0.73,20.52,United States,Northern America,Begell House Inc.,1995-2020,Control and Systems Engineering (Q3); Information Systems (Q3); Software (Q3)
1104,19700201613,Open Bioinformatics Journal,journal,18750362,"0,259",Q3,8,9,26,489,29,23,0.92,54.33,Netherlands,Western Europe,Bentham Science Publishers B.V.,"2010-2015, 2017-2020",Computer Science (miscellaneous) (Q3); Biomedical Engineering (Q4); Health Informatics (Q4)
1105,4400151723,Webology,journal,1735188X,"0,259",Q3,18,92,57,2248,88,55,1.57,24.43,Iran,Middle East,University of Tehran,2006-2020,Human-Computer Interaction (Q3); Information Systems and Management (Q3); Library and Information Sciences (Q3); Software (Q3)
1106,30232,Economic Computation and Economic Cybernetics Studies and Research,journal,"0424267X, 18423264","0,258",Q3,18,76,221,1787,257,220,1.06,23.51,Romania,Eastern Europe,Editura Academia de studii economice,"1968-1969, 1971-1973, 1975-1989, 2008-2020",Applied Mathematics (Q3); Computer Science Applications (Q3); Economics and Econometrics (Q3)
1107,17900156721,Journal of Electronic Resources Librarianship,journal,"1941126X, 19411278","0,257",Q3,12,40,114,501,35,92,0.31,12.53,United States,Northern America,Routledge,2008-2020,Information Systems (Q3); Library and Information Sciences (Q3)
1108,21100197345,Journal of Robotics and Mechatronics,journal,"18838049, 09153942","0,257",Q3,19,131,301,2957,268,287,0.89,22.57,Japan,Asiatic Region,Fuji Technology Press,2010-2020,Computer Science (miscellaneous) (Q3); Electrical and Electronic Engineering (Q3)
1109,7100153120,Pollack Periodica,journal,17881994,"0,257",Q3,11,66,176,1224,152,176,0.87,18.55,Hungary,Eastern Europe,Akademiai Kiado,2007-2020,Civil and Structural Engineering (Q3); Computer Science Applications (Q3); Materials Science (miscellaneous) (Q3); Modeling and Simulation (Q3); Software (Q3)
1110,21100440523,Interaction Design and Architecture(s),journal,"18269745, 22832998","0,256",Q3,12,30,105,1431,84,94,0.36,47.7,Italy,Western Europe,Scuola IaD,2012-2019,Architecture (Q2); Media Technology (Q2); Computer Science Applications (Q3); Human-Computer Interaction (Q3); Pharmacology (Q3); Social Sciences (miscellaneous) (Q3)
1111,28454,COMPEL - The International Journal for Computation and Mathematics in Electrical and Electronic Engineering,journal,3321649,"0,255",Q3,31,102,460,2156,387,455,0.91,21.14,United Kingdom,Western Europe,Emerald Group Publishing Ltd.,1982-2020,Applied Mathematics (Q3); Computer Science Applications (Q3); Electrical and Electronic Engineering (Q3); Computational Theory and Mathematics (Q4)
1112,28325,International Journal of Parallel Programming,journal,8857458,"0,255",Q3,34,58,203,1723,310,185,1.73,29.71,United States,Northern America,Springer New York,"1986-1992, 1994-2020",Information Systems (Q3); Software (Q3); Theoretical Computer Science (Q4)
1113,21101018670,Izvestiya of Saratov University. New Series. Series: Mathematics. Mechanics. Informatics,journal,"18169791, 25419005","0,255",Q3,4,46,80,797,36,80,0.45,17.33,Russian Federation,Eastern Europe,Saratov National Research State University,2020,Computational Mechanics (Q3); Computer Science (miscellaneous) (Q3); Mathematics (miscellaneous) (Q3); Mechanical Engineering (Q3); Mechanics of Materials (Q3)
1114,18000156702,Advances in Electrical and Computer Engineering,journal,"18447600, 15827445","0,254",Q3,23,50,176,1655,278,176,1.62,33.1,Romania,Eastern Europe,University of Suceava,2008-2020,Computer Science (miscellaneous) (Q3); Electrical and Electronic Engineering (Q3)
1115,19700186859,International Journal of Gaming and Computer-Mediated Simulations,journal,"19423896, 19423888","0,254",Q3,16,12,39,663,64,39,1.22,55.25,United States,Northern America,IGI Global Publishing,2009-2020,Computer Science Applications (Q3)
1116,21100904890,Journal of Computer Languages,journal,"25901184, 26659182","0,254",Q3,6,36,49,1889,104,47,2.12,52.47,United Kingdom,Western Europe,Elsevier Ltd.,2019-2020,Computer Networks and Communications (Q3); Human-Computer Interaction (Q3); Software (Q3)
1117,145262,Journal of the Brazilian Computer Society,journal,"01046500, 16784804","0,254",Q3,20,9,45,412,80,45,1.83,45.78,Switzerland,Western Europe,Springer International Publishing AG,2000-2020,Computer Science (miscellaneous) (Q3)
1118,6000152729,Leonardo,journal,0024094X,"0,254",Q3,23,79,322,1203,80,230,0.24,15.23,United States,Northern America,MIT Press Journals,2002-2020,Music (Q1); Visual Arts and Performing Arts (Q1); Computer Science Applications (Q3); Engineering (miscellaneous) (Q3)
1119,13130,Distributed and Parallel Databases,journal,"09268782, 15737578","0,253",Q3,42,47,69,2139,97,63,1.42,45.51,Netherlands,Western Europe,Springer Netherlands,1993-2020,Hardware and Architecture (Q3); Information Systems (Q3); Information Systems and Management (Q3); Software (Q3)
1120,21100331506,International Journal on Communications Antenna and Propagation,journal,"20395086, 25332929","0,253",Q3,15,48,188,1484,255,188,1.36,30.92,Italy,Western Europe,Praise Worthy Prize S.r.l,2011-2020,Media Technology (Q2); Computer Networks and Communications (Q3); Electrical and Electronic Engineering (Q3); Hardware and Architecture (Q3); Signal Processing (Q3)
1121,26046,"Journal of Circuits, Systems and Computers",journal,"17936454, 02181266","0,253",Q3,31,387,735,13118,1155,733,1.56,33.9,Singapore,Asiatic Region,World Scientific Publishing Co. Pte Ltd,"1996-2000, 2002-2020",Electrical and Electronic Engineering (Q3); Hardware and Architecture (Q3)
1122,27676,Journal of Advanced Manufacturing Systems,journal,"17936896, 02196867","0,252",Q3,16,41,91,1636,149,90,1.34,39.9,Singapore,Asiatic Region,World Scientific Publishing Co. Pte Ltd,2004-2020,Computer Science Applications (Q3); Industrial and Manufacturing Engineering (Q3); Strategy and Management (Q3)
1123,145095,"Journal of Logic, Language and Information",journal,9258531,"0,252",Q3,30,23,50,818,39,47,0.76,35.57,Netherlands,Western Europe,Springer Netherlands,"1992-2002, 2005-2020",Linguistics and Language (Q2); Philosophy (Q2); Computer Science (miscellaneous) (Q3)
1124,17300154721,Journal of Physical Agents,journal,18880258,"0,252",Q3,14,0,6,0,3,5,0,0,Spain,Western Europe,University of Alicante,"2007-2013, 2017",Control and Systems Engineering (Q3); Software (Q3)
1125,21100826382,Bulletin of Electrical Engineering and Informatics,journal,"20893191, 23029285","0,251",Q3,12,335,316,9812,567,316,1.87,29.29,Indonesia,Asiatic Region,Institute of Advanced Engineering and Science (IAES),2017-2020,Computer Networks and Communications (Q3); Computer Science (miscellaneous) (Q3); Control and Optimization (Q3); Control and Systems Engineering (Q3); Electrical and Electronic Engineering (Q3); Hardware and Architecture (Q3); Information Systems (Q3); Instrumentation (Q3)
1126,19700181218,IEEE Latin America Transactions,journal,15480992,"0,251",Q3,26,176,964,5055,975,959,0.92,28.72,United States,Northern America,IEEE Computer Society,2003-2020,Computer Science (miscellaneous) (Q3); Electrical and Electronic Engineering (Q3)
1127,4000149107,"International Journal of Wavelets, Multiresolution and Information Processing",journal,2196913,"0,251",Q3,25,91,222,2594,297,220,1.4,28.51,Singapore,Asiatic Region,World Scientific Publishing Co. Pte Ltd,2006-2020,Applied Mathematics (Q3); Information Systems (Q3); Signal Processing (Q3)
1128,26131,Jisuanji Xuebao/Chinese Journal of Computers,journal,2544164,"0,251",Q3,56,143,521,6350,805,521,1.29,44.41,China,Asiatic Region,Science Press,1998-2020,Computer Graphics and Computer-Aided Design (Q3); Computer Networks and Communications (Q3); Hardware and Architecture (Q3); Software (Q3)
1129,25631,New Review of Hypermedia and Multimedia,journal,"17407842, 13614568","0,251",Q3,30,5,43,318,51,40,0.9,63.6,United Kingdom,Western Europe,Taylor and Francis Ltd.,1995-2020,Media Technology (Q2); Computer Science Applications (Q3); Information Systems (Q3)
1130,12933,Cybernetics and Systems Analysis,journal,"15738337, 10600396","0,250",Q3,24,108,311,2117,307,311,0.94,19.6,United States,Northern America,Springer New York,"1978-1980, 1991-2001, 2003, 2005-2020",Computer Science (miscellaneous) (Q3)
1131,21100466428,"Herald of the Bauman Moscow State Technical University, Series Natural Sciences",journal,18123368,"0,250",Q3,7,52,172,1068,94,172,0.62,20.54,Russian Federation,Eastern Europe,Bauman University Publishing House,2016-2020,Chemistry (miscellaneous) (Q3); Computer Science (miscellaneous) (Q3); Engineering (miscellaneous) (Q3); Mathematics (miscellaneous) (Q3); Physics and Astronomy (miscellaneous) (Q3)
1132,21100830763,Journal of Information Science Theory and Practice,journal,"22879099, 22874577","0,250",Q3,5,24,60,1115,48,60,0.7,46.46,South Korea,Asiatic Region,Korea Institute of Science and Technology Information,2017-2020,Information Systems (Q3); Information Systems and Management (Q3); Library and Information Sciences (Q3)
1133,21100899307,Cyber-Physical Systems,journal,23335785,"0,249",Q3,9,21,29,891,60,29,2.04,42.43,United Kingdom,Western Europe,Taylor and Francis Ltd.,2015-2020,Computational Mechanics (Q3); Computer Graphics and Computer-Aided Design (Q3); Computer Vision and Pattern Recognition (Q3)
1134,18200,"International Journal of Numerical Modelling: Electronic Networks, Devices and Fields",journal,"08943370, 10991204","0,249",Q3,30,179,304,5289,386,298,1.28,29.55,United Kingdom,Western Europe,John Wiley and Sons Ltd,1988-2020,Computer Science Applications (Q3); Electrical and Electronic Engineering (Q3); Modeling and Simulation (Q4)
1135,25482,International Journal of Robotics and Automation,journal,"19257090, 08268185","0,249",Q3,26,18,209,547,137,208,0.53,30.39,Canada,Northern America,ACTA Press,1995-2020,Artificial Intelligence (Q3); Control and Systems Engineering (Q3); Electrical and Electronic Engineering (Q3); Mechanical Engineering (Q3); Software (Q3); Modeling and Simulation (Q4)
1136,21100979305,Journal of Digital Landscape Architecture,journal,"2511624X, 23674253","0,249",Q3,6,66,98,1290,66,98,0.73,19.55,Germany,Western Europe,VDE Verlag GmbH,2019-2020,"Architecture (Q2); Computer Science Applications (Q3); Geography, Planning and Development (Q3); Nature and Landscape Conservation (Q3)"
1137,27865,"Computer Languages, Systems and Structures",journal,14778424,"0,248",Q3,22,0,89,0,165,83,2.23,0,United Kingdom,Western Europe,Elsevier Ltd.,2002-2018,Computer Networks and Communications (Q3); Software (Q3)
1138,19700186865,International Journal of Computer Games Technology,journal,"16877047, 16877055","0,248",Q3,19,3,27,108,57,27,2.94,36,United States,Northern America,Hindawi Publishing Corporation,2009-2020,Computer Graphics and Computer-Aided Design (Q3); Human-Computer Interaction (Q3); Software (Q3)
1139,12415,"International Journal of Reliability, Quality and Safety Engineering",journal,"02185393, 17936446","0,248",Q3,30,46,94,1369,87,93,0.92,29.76,Singapore,Asiatic Region,World Scientific Publishing Co. Pte Ltd,1996-2020,"Aerospace Engineering (Q3); Computer Science (miscellaneous) (Q3); Electrical and Electronic Engineering (Q3); Energy Engineering and Power Technology (Q3); Industrial and Manufacturing Engineering (Q3); Nuclear Energy and Engineering (Q3); Safety, Risk, Reliability and Quality (Q3)"
1140,21100199346,Journal of Mathematical Cryptology,journal,"18622984, 18622976","0,248",Q3,18,32,42,764,29,42,0.64,23.88,Germany,Western Europe,Walter de Gruyter GmbH,2007-2020,Computational Mathematics (Q3); Computer Science Applications (Q3); Applied Mathematics (Q4)
1141,21100824682,Smart Science,journal,23080477,"0,248",Q3,10,19,74,586,120,74,1.83,30.84,United Kingdom,Western Europe,Taylor and Francis Ltd.,"2013, 2015-2020",Chemistry (miscellaneous) (Q3); Computational Mathematics (Q3); Computer Networks and Communications (Q3); Energy (miscellaneous) (Q3); Engineering (miscellaneous) (Q3); Fluid Flow and Transfer Processes (Q4); Modeling and Simulation (Q4)
1142,144653,Artificial Life and Robotics,journal,14335298,"0,247",Q3,20,90,233,1886,241,231,1.04,20.96,Japan,Asiatic Region,Springer Japan,2005-2020,"Artificial Intelligence (Q3); Biochemistry, Genetics and Molecular Biology (miscellaneous) (Q3)"
1143,19700173012,Organised Sound,journal,"13557718, 14698153","0,247",Q3,28,37,108,1224,38,103,0.31,33.08,United Kingdom,Western Europe,Cambridge University Press,"1996, 1998-2020",Music (Q1); Computer Science Applications (Q3)
1144,21100803572,Systems Science and Control Engineering,journal,21642583,"0,247",Q3,23,72,217,2191,294,215,1.25,30.43,United Kingdom,Western Europe,Taylor and Francis Ltd.,2013-2020,Artificial Intelligence (Q3); Control and Systems Engineering (Q3); Control and Optimization (Q4)
1145,21100900308,Intelligenza Artificiale,journal,"17248035, 22110097","0,246",Q3,4,23,27,1052,25,23,0.93,45.74,Netherlands,Western Europe,IOS Press,2018-2020,Artificial Intelligence (Q3)
1146,21100198552,International Journal of Applied Cryptography,journal,"17530571, 17530563","0,246",Q3,15,4,13,105,15,12,0,26.25,Switzerland,Western Europe,Inderscience Publishers,"2008-2010, 2012-2014",Computational Mathematics (Q3); Computer Networks and Communications (Q3); Applied Mathematics (Q4); Computational Theory and Mathematics (Q4)
1147,28887,Computer Fraud and Security,journal,13613723,"0,245",Q3,26,46,158,339,185,150,1.15,7.37,United Kingdom,Western Europe,Elsevier BV,1996-2020,Law (Q2); Computer Science (miscellaneous) (Q3)
1148,21100204516,International Journal of Data Analysis Techniques and Strategies,journal,"17558050, 17558069","0,245",Q3,15,19,65,661,54,64,0.5,34.79,Switzerland,Western Europe,Inderscience Publishers,"2011-2014, 2020",Information Systems (Q3); Information Systems and Management (Q3); Applied Mathematics (Q4)
1149,19300157037,Computer Science and Information Systems,journal,"24061018, 18200214","0,244",Q3,24,71,127,2213,166,123,1.32,31.17,Serbia,Eastern Europe,ComSIS Consortium,2008-2020,Computer Science (miscellaneous) (Q3)
1150,21100463939,Journal of Engineering (United States),journal,"23144912, 23144904","0,244",Q3,20,25,89,2394,135,89,1.52,95.76,Egypt,Africa/Middle East,Hindawi Limited,2013-2020,Chemical Engineering (miscellaneous) (Q3); Civil and Structural Engineering (Q3); Electrical and Electronic Engineering (Q3); Hardware and Architecture (Q3); Industrial and Manufacturing Engineering (Q3); Mechanical Engineering (Q3)
1151,19800188053,International Journal of Information Security and Privacy,journal,"19301650, 19301669","0,243",Q3,14,19,73,753,85,73,1.02,39.63,United States,Northern America,IGI Global Publishing,2007-2020,Information Systems (Q3)
1152,20569,Electronic Notes in Theoretical Computer Science,journal,15710661,"0,242",Q3,60,20,252,381,233,229,0.96,19.05,Netherlands,Western Europe,Elsevier,1995-2019,Computer Science (miscellaneous) (Q3); Theoretical Computer Science (Q4)
1153,19900193685,International Journal of Knowledge-Based and Intelligent Engineering Systems,journal,"13272314, 18758827","0,242",Q3,20,25,66,666,123,66,1.49,26.64,Netherlands,Western Europe,IOS Press,2004-2020,Control and Systems Engineering (Q3); Software (Q3); Artificial Intelligence (Q4)
1154,21451,Journal of Interactive Online Learning,journal,15414914,"0,242",Q3,35,0,12,0,14,12,0.8,0,United States,Northern America,National Center for Online Learning Research,2002-2018,Computer Science Applications (Q3); Education (Q3); Human-Computer Interaction (Q3); E-learning (Q4)
1155,21100793186,SPIIRAS Proceedings,journal,"20789181, 20789599","0,242",Q3,9,47,164,1625,205,164,1.44,34.57,Russian Federation,Eastern Europe,St. Petersburg Institute for Informatics and Automation of the Russian academy of sciences,2016-2020,Computer Networks and Communications (Q3); Control and Systems Engineering (Q3); Applied Mathematics (Q4); Artificial Intelligence (Q4)
1156,21100799500,Indonesian Journal of Electrical Engineering and Computer Science,journal,"25024760, 25024752","0,241",Q3,17,640,2023,18687,2415,2023,1.29,29.2,Indonesia,Asiatic Region,Institute of Advanced Engineering and Science (IAES),2016-2020,Computer Networks and Communications (Q3); Electrical and Electronic Engineering (Q3); Hardware and Architecture (Q3); Information Systems (Q3); Signal Processing (Q3); Control and Optimization (Q4)
1157,21100207616,International Journal of Sociotechnology and Knowledge Development,journal,"19416253, 19416261","0,241",Q3,10,25,43,1255,61,43,1.41,50.2,United States,Northern America,IGI Global Publishing,2009-2020,Computer Science Applications (Q3); Information Systems and Management (Q3)
1158,19600157312,Scientific Annals of Computer Science,journal,"18438121, 22482695","0,241",Q3,12,7,24,214,19,24,0.78,30.57,Romania,Eastern Europe,Alexandru Ioan Cuza - University of Iasi,2009-2020,Computer Science (miscellaneous) (Q3); Applied Mathematics (Q4)
1159,25569,Analog Integrated Circuits and Signal Processing,journal,"09251030, 15731979","0,240",Q3,49,186,653,5104,832,579,1.35,27.44,Netherlands,Western Europe,Springer Netherlands,1991-2020,"Hardware and Architecture (Q3); Signal Processing (Q3); Surfaces, Coatings and Films (Q3)"
1160,21100784666,ACM Transactions on Asian and Low-Resource Language Information Processing,journal,"23754699, 23754702","0,239",Q3,14,60,126,2594,289,126,1.86,43.23,United States,Northern America,Association for Computing Machinery (ACM),2015-2020,Computer Science (miscellaneous) (Q3)
1161,12100157172,International Journal of Embedded Systems,journal,"17411076, 17411068","0,239",Q3,16,104,181,2916,235,181,1.15,28.04,United Kingdom,Western Europe,Inderscience Enterprises Ltd,"2005-2010, 2013-2014, 2020",Hardware and Architecture (Q3); Software (Q3)
1162,25978,Journal of Electronic Imaging,journal,"1560229X, 10179909","0,238",Q3,66,119,763,4393,988,756,1.19,36.92,United States,Northern America,SPIE,1993-2020,"Computer Science Applications (Q3); Electrical and Electronic Engineering (Q3); Atomic and Molecular Physics, and Optics (Q4)"
1163,21100943271,Trudy Instituta Matematiki i Mekhaniki UrO RAN,journal,"26584786, 01344889","0,238",Q3,3,66,96,1054,45,96,0.47,15.97,Russian Federation,Eastern Europe,Krasovskii Institute of Mathematics and Mechanics of the Ural Branch of Russian Academy of Sciences,2019-2020,Computational Mechanics (Q3); Computer Science Applications (Q3); Mathematics (miscellaneous) (Q3); Applied Mathematics (Q4)
1164,11700154323,Image Analysis and Stereology,journal,"15803139, 18545165","0,237",Q3,27,15,69,516,69,65,0.94,34.4,Slovenia,Eastern Europe,International Society for Stereology,2000-2020,"Acoustics and Ultrasonics (Q3); Biotechnology (Q3); Computer Vision and Pattern Recognition (Q3); Instrumentation (Q3); Materials Science (miscellaneous) (Q3); Mathematics (miscellaneous) (Q3); Signal Processing (Q3); Radiology, Nuclear Medicine and Imaging (Q4)"
1165,21100865401,"International Journal on E-Learning: Corporate, Government, Healthcare, and Higher Education",journal,"15372456, 19435932","0,237",Q3,11,11,53,472,50,53,1,42.91,United States,Northern America,Association for the Advancement of Computing in Education,2011-2019,Computer Science Applications (Q3); Education (Q3)
1166,21100900134,International Journal on Engineering Applications,journal,"25332295, 22812881","0,237",Q3,5,30,58,922,72,58,1.24,30.73,Italy,Western Europe,Praise Worthy Prize,2018-2020,Computer Science Applications (Q3); Engineering (miscellaneous) (Q3)
1167,21100881468,ACM Transactions on Parallel Computing,journal,"23294957, 23294949","0,236",Q3,16,27,67,1400,133,60,1.77,51.85,United States,Northern America,Association for Computing Machinery (ACM),2014-2020,Computer Science Applications (Q3); Hardware and Architecture (Q3); Software (Q3); Computational Theory and Mathematics (Q4); Modeling and Simulation (Q4)
1168,19700182337,International Journal of Reconfigurable Computing,journal,"16877209, 16877195","0,236",Q3,16,3,32,94,43,32,1.48,31.33,United States,Northern America,Hindawi Publishing Corporation,2010-2020,Hardware and Architecture (Q3)
1169,19270,International Journal of Software Engineering and Knowledge Engineering,journal,2181940,"0,236",Q3,36,78,224,2878,353,213,1.7,36.9,Singapore,Asiatic Region,World Scientific Publishing Co. Pte Ltd,1996-2020,Computer Graphics and Computer-Aided Design (Q3); Computer Networks and Communications (Q3); Software (Q3); Artificial Intelligence (Q4)
1170,21100237436,Journal of Information and Knowledge Management,journal,"02196492, 17936926","0,236",Q3,21,68,139,3484,157,137,1.14,51.24,United States,Northern America,World Scientific Publishing Co.,2002-2020,Computer Networks and Communications (Q3); Computer Science Applications (Q3); Library and Information Sciences (Q3)
1171,21100199308,Journal of Applied Analysis,journal,"18696082, 14256908","0,234",Q4,16,26,61,562,45,61,0.77,21.62,Germany,Western Europe,Walter de Gruyter GmbH,1995-2020,"Applied Mathematics (Q4); Computational Theory and Mathematics (Q4); Mathematical Physics (Q4); Statistics, Probability and Uncertainty (Q4)"
1172,27836,ACM Transactions on Programming Languages and Systems,journal,1640925,"0,233",Q3,70,9,64,532,143,60,2.14,59.11,United States,Northern America,Association for Computing Machinery (ACM),1979-2020,Software (Q3)
1173,12100157101,Journal of Interconnection Networks,journal,"17936713, 02192659","0,233",Q3,12,16,57,359,28,53,0.46,22.44,Singapore,Asiatic Region,World Scientific Publishing Co. Pte Ltd,"2008-2013, 2015-2020",Computer Networks and Communications (Q3)
1174,79015,Kongzhi yu Juece/Control and Decision,journal,10010920,"0,233",Q3,44,360,973,8644,961,973,0.93,24.01,China,Asiatic Region,Northeast University,1997-2020,Control and Systems Engineering (Q3); Software (Q3); Artificial Intelligence (Q4); Control and Optimization (Q4)
1175,19700186858,Scientific and Technical Information Processing,journal,"01476882, 19348118","0,233",Q3,10,45,161,1168,100,161,0.6,25.96,United States,Northern America,Pleiades Publishing,2008-2020,Computer Science (miscellaneous) (Q3)
1176,21100834310,"Vestnik Sankt-Peterburgskogo Universiteta, Prikladnaya Matematika, Informatika, Protsessy Upravleniya",journal,"18119905, 25422251","0,233",Q3,8,36,129,652,103,129,0.7,18.11,Russian Federation,Eastern Europe,Saint Petersburg State University,2017-2020,Computer Science (miscellaneous) (Q3); Applied Mathematics (Q4); Control and Optimization (Q4)
1177,19900192598,"International Journal of Modeling, Simulation, and Scientific Computing",journal,"17939623, 17939615","0,232",Q3,16,74,202,2414,199,201,0.92,32.62,Singapore,Asiatic Region,World Scientific Publishing Co. Pte Ltd,2010-2020,Computer Science Applications (Q3); Modeling and Simulation (Q4)
1178,12400154717,Jiaotong Yunshu Xitong Gongcheng Yu Xinxi/ Journal of Transportation Systems Engineering and Information Technology,journal,10096744,"0,232",Q3,26,209,630,2274,473,630,0.69,10.88,China,Asiatic Region,Science Press,2008-2020,Computer Science Applications (Q3); Control and Systems Engineering (Q3); Transportation (Q3); Modeling and Simulation (Q4)
1179,12914,Xitong Gongcheng Lilun yu Shijian/System Engineering Theory and Practice,journal,10006788,"0,232",Q3,40,251,859,9246,736,859,0.88,36.84,China,Asiatic Region,Zhongguo Xitong Gongcheng Xuehui,"1998, 2001-2020",Computer Science Applications (Q3); Control and Systems Engineering (Q3); Economic Geology (Q3); Modeling and Simulation (Q4)
1180,21100843529,Business Systems Research,journal,18479375,"0,231",Q3,6,22,69,1012,90,69,1.17,46,Germany,Western Europe,Walter de Gruyter GmbH,2017-2020,"Economics, Econometrics and Finance (miscellaneous) (Q3); Information Systems (Q3); Management Information Systems (Q3); Management of Technology and Innovation (Q3)"
1181,11300153726,Intelligent Data Analysis,journal,"1088467X, 15714128","0,231",Q3,47,90,242,3497,264,223,1.05,38.86,Netherlands,Western Europe,IOS Press,1997-2020,Computer Vision and Pattern Recognition (Q3); Artificial Intelligence (Q4); Theoretical Computer Science (Q4)
1182,17604,Journal of Internet Technology,journal,"20794029, 16079264","0,231",Q3,22,149,597,4205,592,577,1.06,28.22,Taiwan,Asiatic Region,Taiwan Academic Network Management Committee,2004-2020,Computer Networks and Communications (Q3); Software (Q3)
1183,21100838052,Qwerty,journal,"18287344, 22402950","0,231",Q3,4,7,35,179,23,31,0.6,25.57,Italy,Western Europe,Progetti editoriali s.r.l.,2017-2020,Cultural Studies (Q2); Communication (Q3); Education (Q3); Human-Computer Interaction (Q3)
1184,21100898028,Educar,journal,"0211819X, 20148801","0,230",Q3,3,30,55,1238,38,52,0.69,41.27,Spain,Western Europe,Universitat Autonoma de Barcelona,2018-2020,Communication (Q3); Education (Q3); Human-Computer Interaction (Q3)
1185,21100896466,"International Journal of Service Science, Management, Engineering, and Technology",journal,"19479603, 1947959X","0,230",Q3,8,31,60,1586,133,60,1.97,51.16,United States,Northern America,IGI Global Publishing,"2014, 2017-2020","Multidisciplinary (Q2); Business, Management and Accounting (miscellaneous) (Q3); Computer Science (miscellaneous) (Q3); Engineering (miscellaneous) (Q3)"
1186,21100448964,Chinese Journal of Liquid Crystals and Displays,journal,10072780,"0,229",Q3,9,161,419,3400,263,419,0.68,21.12,China,Asiatic Region,Science Press,2015-2020,"Instrumentation (Q3); Signal Processing (Q3); Electronic, Optical and Magnetic Materials (Q4)"
1187,12000154350,International Journal of Knowledge Management,journal,"15480666, 15480658","0,229",Q3,25,24,64,1450,78,64,1.3,60.42,United States,Northern America,IGI Publishing,2005-2020,Computer Science Applications (Q3); Management Information Systems (Q3); Management of Technology and Innovation (Q3)
1188,21100197928,Applied Mathematics and Information Sciences,journal,"19350090, 23250399","0,228",Q3,38,94,493,2444,521,493,1.17,26,United States,Northern America,Natural Sciences Publishing,2007-2020,Computer Science Applications (Q3); Analysis (Q4); Applied Mathematics (Q4); Computational Theory and Mathematics (Q4); Numerical Analysis (Q4)
1189,21100869224,"International Journal of Mathematical, Engineering and Management Sciences",journal,24557749,"0,228",Q3,10,111,178,2948,173,176,0.84,26.56,India,Asiatic Region,"International Journal of Mathematical, Engineering and Management Sciences (IJMEMS)",2016-2020,"Business, Management and Accounting (miscellaneous) (Q3); Computer Science (miscellaneous) (Q3); Engineering (miscellaneous) (Q3); Mathematics (miscellaneous) (Q4)"
1190,28077,International Journal of Modern Physics C,journal,1291831,"0,228",Q3,67,180,427,6592,447,425,1.11,36.62,Singapore,Asiatic Region,World Scientific Publishing Co. Pte Ltd,1996-2020,Computer Science Applications (Q3); Physics and Astronomy (miscellaneous) (Q3); Computational Theory and Mathematics (Q4); Mathematical Physics (Q4); Statistical and Nonlinear Physics (Q4)
1191,88934,Journal of Cases on Information Technology,journal,"15487717, 15487725","0,228",Q3,14,14,57,589,78,57,1.87,42.07,United States,Northern America,IGI Publishing,2005-2020,Computer Science Applications (Q3); Information Systems (Q3); Information Systems and Management (Q3); Strategy and Management (Q3)
1192,17700155805,KSII Transactions on Internet and Information Systems,journal,"19767277, 22881468","0,228",Q3,25,265,963,8885,1046,963,1.06,33.53,South Korea,Asiatic Region,Korea Society of Internet Information,2007-2020,Computer Networks and Communications (Q3); Information Systems (Q3)
1193,19500157821,International Arab Journal of Information Technology,journal,"16833198, 23094524","0,227",Q3,27,108,359,3052,348,358,0.96,28.26,Jordan,Middle East,Zarqa University,2008-2020,Computer Science (miscellaneous) (Q3)
1194,21100943513,Journal of Operation and Automation in Power Engineering,journal,"24234567, 23224576","0,227",Q3,3,25,24,868,33,24,1.38,34.72,Iran,Middle East,,2019-2020,Control and Systems Engineering (Q3); Electrical and Electronic Engineering (Q3); Energy Engineering and Power Technology (Q3); Information Systems (Q3); Applied Mathematics (Q4)
1195,27187,Journal of Visual Languages and Computing,journal,"10958533, 1045926X","0,227",Q3,49,0,115,0,216,110,1.88,0,United Kingdom,Western Europe,Elsevier Ltd.,1990-2019,Language and Linguistics (Q2); Computer Science Applications (Q3); Human-Computer Interaction (Q3)
1196,21100893979,Mathematical Modeling and Computing,journal,"23129794, 24153788","0,227",Q4,6,40,88,790,61,88,0.83,19.75,United Kingdom,Western Europe,Lviv Polytechnic National University,2018-2020,Computational Mathematics (Q3); Computational Theory and Mathematics (Q4)
1197,21100781706,South African Computer Journal,journal,"10157999, 23137835","0,227",Q3,6,22,60,785,84,49,0.6,35.68,South Africa,Africa,,2016-2020,Computer Networks and Communications (Q3); Education (Q3); Human-Computer Interaction (Q3); Information Systems (Q3); Computer Science Applications (Q4)
1198,21100902867,Differencialnie Uravnenia i Protsesy Upravlenia,journal,18172172,"0,226",Q3,3,22,27,379,28,27,1.04,17.23,Russian Federation,Eastern Europe,Saint Petersburg State University,2019-2020,Information Systems (Q3); Software (Q3); Analysis (Q4); Applied Mathematics (Q4); Computer Science Applications (Q4); Control and Optimization (Q4)
1199,21100305268,Journal of Educational Multimedia and Hypermedia,journal,"19435916, 10558896","0,226",Q4,7,0,61,0,36,61,0.65,0,United States,Northern America,Association for the Advancement of Computing in Education,2013-2019,Education (Q3); Computer Science Applications (Q4)
1200,21101017498,Journal of Healthcare Informatics Research,journal,2509498X,"0,226",Q3,6,21,54,876,76,48,1.27,41.71,Switzerland,Western Europe,Springer Nature Switzerland AG,2017-2020,Information Systems (Q3); Artificial Intelligence (Q4); Computer Science Applications (Q4); Health Informatics (Q4)
1201,21100466219,Journal on Data Semantics,journal,"18612040, 18612032","0,226",Q3,16,9,40,478,66,36,1.85,53.11,Switzerland,Western Europe,Springer International Publishing AG,2012-2020,Computer Networks and Communications (Q3); Information Systems (Q3); Artificial Intelligence (Q4)
1202,27190,Machine Translation,journal,"09226567, 15730573","0,226",Q3,29,14,46,971,115,41,2.91,69.36,Netherlands,Western Europe,Springer Netherlands,1989-2020,Language and Linguistics (Q2); Linguistics and Language (Q2); Software (Q3); Artificial Intelligence (Q4)
1203,21100788912,"African Journal of Science, Technology, Innovation and Development",journal,"20421338, 20421346","0,225",Q3,11,168,240,8278,239,236,0.93,49.27,United Kingdom,Western Europe,Taylor and Francis Ltd.,2013-2020,Civil and Structural Engineering (Q3); Computer Networks and Communications (Q3); Development (Q3); Computer Science Applications (Q4)
1204,24932,Automatisierungstechnik,journal,1782312,"0,225",Q4,25,97,268,2380,216,233,0.95,24.54,Germany,Western Europe,Walter de Gruyter GmbH,"1964-1968, 1970-1973, 1975-2020",Control and Systems Engineering (Q3); Electrical and Electronic Engineering (Q3); Computer Science Applications (Q4)
1205,145508,Computer Animation and Virtual Worlds,journal,15464261,"0,225",Q3,49,55,166,1632,232,153,1.37,29.67,United Kingdom,Western Europe,John Wiley and Sons Ltd,2004-2020,Computer Graphics and Computer-Aided Design (Q3); Software (Q3)
1206,21100228019,International Journal of Embedded and Real-Time Communication Systems,journal,"19473184, 19473176","0,225",Q3,10,22,48,778,48,48,0.9,35.36,United States,Northern America,IGI Global Publishing,2010-2020,Computer Science (miscellaneous) (Q3)
1207,21100201516,International Journal of Mobile and Blended Learning,journal,"19418655, 19418647","0,225",Q3,17,21,60,1163,61,60,0.88,55.38,United States,Northern America,IGI Global Publishing,2009-2020,Computer Science (miscellaneous) (Q3); Education (Q3); E-learning (Q4)
1208,21100840458,Periodicals of Engineering and Natural Sciences,journal,23034521,"0,225",Q3,11,222,340,5154,421,340,1.16,23.22,Bosnia and Herzegovina,Eastern Europe,International University of Sarajevo,2017-2020,Architecture (Q2); Computer Science (miscellaneous) (Q3); Electrical and Electronic Engineering (Q3); Industrial and Manufacturing Engineering (Q3); Mechanical Engineering (Q3); Bioengineering (Q4); Biomedical Engineering (Q4)
1209,22933,Turkish Journal of Electrical Engineering and Computer Sciences,journal,"13000632, 13036203","0,225",Q3,30,230,989,7035,1108,989,1.12,30.59,Turkey,Middle East,Turkiye Klinikleri Journal of Medical Sciences,1996-2020,Computer Science (miscellaneous) (Q3); Electrical and Electronic Engineering (Q3)
1210,25962,Imaging Science Journal,journal,"13682199, 1743131X","0,224",Q3,26,21,129,906,165,128,1.12,43.14,United Kingdom,Western Europe,Maney Publishing,1997-2020,Media Technology (Q2); Computer Vision and Pattern Recognition (Q3)
1211,19700173238,Journal of Cellular Automata,journal,"15575977, 15575969","0,224",Q3,15,17,66,389,51,62,0.75,22.88,United States,Northern America,Old City Publishing,2008-2020,Computer Science (miscellaneous) (Q3); Control and Systems Engineering (Q3)
1212,19900192734,Advances and Applications in Bioinformatics and Chemistry,journal,11786949,"0,223",Q4,15,2,11,116,17,11,1,58,New Zealand,Pacific Region,Dove Medical Press Ltd.,2008-2020,"Biochemistry, Genetics and Molecular Biology (miscellaneous) (Q3); Chemistry (miscellaneous) (Q3); Biochemistry (Q4); Computer Science Applications (Q4)"
1213,21100396507,Algorithmic Finance,journal,"21576203, 21585571","0,223",Q3,8,4,23,115,33,21,0.71,28.75,Netherlands,Western Europe,IOS Press,2011-2019,Computer Vision and Pattern Recognition (Q3); Finance (Q3); Computational Mathematics (Q4); Computer Science Applications (Q4)
1214,21100855992,International Journal of Computational Economics and Econometrics,journal,"17571170, 17571189","0,223",Q4,5,23,61,711,36,57,0.86,30.91,United Kingdom,Western Europe,Inderscience Publishers,2020,Economics and Econometrics (Q3); Computer Science Applications (Q4)
1215,21100285029,International Journal of Information and Decision Sciences,journal,"17567017, 17567025","0,223",Q4,14,18,60,875,48,53,0.95,48.61,Switzerland,Western Europe,Inderscience Publishers,"2008, 2011, 2013-2014, 2020",Information Systems and Management (Q3); Management of Technology and Innovation (Q3); Computer Science Applications (Q4); Strategy and Management (Q4)
1216,21100863713,International Journal of Knowledge and Systems Science,journal,"19478216, 19478208","0,223",Q3,4,15,41,530,38,41,1,35.33,United States,Northern America,IGI Global Publishing,2017-2020,Information Systems (Q3); Information Systems and Management (Q3); Management of Technology and Innovation (Q3); Strategy and Management (Q3); Artificial Intelligence (Q4); Organizational Behavior and Human Resource Management (Q4)
1217,21100894528,Journal of Network Theory in Finance,journal,"20557795, 20557809","0,223",Q3,4,0,27,0,30,27,1.11,0,United Kingdom,Western Europe,Infopro digital,2018-2019,Computer Networks and Communications (Q3); Finance (Q3); Modeling and Simulation (Q4)
1218,26742,Performance Evaluation Review,journal,1635999,"0,223",Q3,80,72,323,565,337,301,1.04,7.85,United States,Northern America,Association for Computing Machinery (ACM),"1980, 1982, 1984, 1986-1989, 1994, 1996-2020",Computer Networks and Communications (Q3); Software (Q3); Hardware and Architecture (Q4)
1219,19700182406,International Journal of Intelligent Computing and Cybernetics,journal,"1756378X, 17563798","0,222",Q3,19,23,90,1137,117,89,1.4,49.43,United Kingdom,Western Europe,Emerald Group Publishing Ltd.,2008-2020,Computer Science (miscellaneous) (Q3)
1220,21100793184,Prikladnaya Diskretnaya Matematika,journal,"23112263, 20710410","0,222",Q4,4,41,104,686,40,103,0.39,16.73,Russian Federation,Eastern Europe,Tomsk State University,2016-2020,Applied Mathematics (Q4); Computational Theory and Mathematics (Q4); Discrete Mathematics and Combinatorics (Q4); Signal Processing (Q4); Theoretical Computer Science (Q4)
1221,21100903490,Education in the Knowledge Society,journal,24448729,"0,221",Q4,9,30,32,1413,77,32,2.41,47.1,Spain,Western Europe,Ediciones Universidad de Salamanca,2019-2020,Education (Q3); Computer Science Applications (Q4)
1222,28477,International Journal of Computational Geometry and Applications,journal,"17936357, 02181959","0,221",Q4,39,7,50,176,47,47,0.5,25.14,Singapore,Asiatic Region,World Scientific Publishing Co. Pte Ltd,1996-2019,Applied Mathematics (Q4); Computational Mathematics (Q4); Computational Theory and Mathematics (Q4); Geometry and Topology (Q4); Theoretical Computer Science (Q4)
1223,21100827462,Journal of Advanced Manufacturing Technology,journal,"19853157, 22898107","0,221",Q3,5,23,229,416,104,229,0.47,18.09,Malaysia,Asiatic Region,Penerbit Universiti Teknikal Malaysia Melaka,2017-2020,Automotive Engineering (Q3); Computer Networks and Communications (Q3); Industrial and Manufacturing Engineering (Q3); Management of Technology and Innovation (Q3); Control and Optimization (Q4); Hardware and Architecture (Q4); Software (Q4)
1224,21100909467,Journal of Computational Geometry,journal,1920180X,"0,221",Q4,3,19,24,550,17,24,0.71,28.95,Canada,Northern America,"Macodrum library, Carleton University",2019-2020,Computational Theory and Mathematics (Q4); Computer Science Applications (Q4); Geometry and Topology (Q4)
1225,32853,Journal of Information Processing,journal,3876101,"0,221",Q3,21,118,301,2781,248,261,0.64,23.57,Japan,Asiatic Region,Information Processing Society of Japan,"1979-1992, 2008-2020",Computer Science (miscellaneous) (Q3)
1226,28360,Journal of Object Technology,journal,16601769,"0,221",Q4,37,43,38,1683,47,36,1.31,39.14,Switzerland,Western Europe,,2002-2020,Software (Q4)
1227,24623,Journal of Theoretical and Computational Chemistry,journal,2196336,"0,221",Q4,25,57,180,2753,150,180,0.83,48.3,Singapore,Asiatic Region,World Scientific Publishing Co. Pte Ltd,2004-2020,Computational Theory and Mathematics (Q4); Computer Science Applications (Q4); Physical and Theoretical Chemistry (Q4)
1228,21100255064,Mendel,journal,18033814,"0,221",Q3,13,11,91,218,48,89,0.56,19.82,Czech Republic,Eastern Europe,Brno University of Technology,"2005-2007, 2009-2020",Computer Science (miscellaneous) (Q3); Decision Sciences (miscellaneous) (Q3); Artificial Intelligence (Q4); Computational Mathematics (Q4); Control and Systems Engineering (Q4); Theoretical Computer Science (Q4)
1229,21100875102,Diagnostyka,journal,"24495220, 16416414","0,220",Q4,13,48,154,1199,149,154,1.06,24.98,Poland,Eastern Europe,Polish Society of Technical Diagnostics,2013-2020,Electrical and Electronic Engineering (Q3); Mechanical Engineering (Q3); Software (Q4)
1230,25515,Graphical Models,journal,"15240703, 15240711","0,220",Q3,57,29,86,1342,108,85,1.3,46.28,United States,Northern America,Elsevier Inc.,2000-2020,Computer Graphics and Computer-Aided Design (Q3); Geometry and Topology (Q4); Modeling and Simulation (Q4); Software (Q4)
1231,15484,International Journal of Computers and Applications,journal,1206212X,"0,220",Q3,14,144,199,4316,225,179,1.07,29.97,United Kingdom,Western Europe,Taylor and Francis Ltd.,1997-2020,Computer Graphics and Computer-Aided Design (Q3); Computer Science Applications (Q4); Hardware and Architecture (Q4); Software (Q4)
1232,21100846307,Matematiche,journal,"03733505, 20375298","0,220",Q3,4,19,76,429,42,76,0.52,22.58,Italy,Western Europe,Universita di Catania,2017-2020,Information Systems (Q3); Applied Mathematics (Q4); Mathematics (miscellaneous) (Q4)
1233,26540,Computer Music Journal,journal,"01489267, 15315169","0,219",Q4,41,16,50,578,25,31,0.65,36.13,United States,Northern America,MIT Press Journals,"1982-1991, 1993-2018, 2020",Media Technology (Q2); Music (Q2); Computer Science Applications (Q4)
1234,5800173367,IET Computers and Digital Techniques,journal,"1751861X, 17518601","0,219",Q4,46,37,115,1384,138,111,1.09,37.41,United Kingdom,Western Europe,Institution of Engineering and Technology,2007-2020,Electrical and Electronic Engineering (Q3); Hardware and Architecture (Q4); Software (Q4)
1235,25064,Journal of Electronic Publishing,journal,10802711,"0,219",Q3,17,0,31,0,7,29,0.33,0,United States,Northern America,University of Michigan Press,"1996-2002, 2006-2019",Information Systems (Q3)
1236,21100818512,Journal of Enabling Technologies,journal,23986263,"0,219",Q4,18,20,62,819,62,56,0.9,40.95,United Kingdom,Western Europe,Emerald Group Publishing Ltd.,2017-2020,Management of Technology and Innovation (Q3); Rehabilitation (Q3); Computer Science Applications (Q4); Health (social science) (Q4)
1237,21100892782,Journal of Payments Strategy and Systems,journal,"17501806, 17501814","0,219",Q3,3,43,66,862,32,58,0.48,20.05,United Kingdom,Western Europe,Henry Stewart Publications,2018-2020,Information Systems (Q3); Information Systems and Management (Q3); Management Information Systems (Q3); Accounting (Q4)
1238,130012,IETE Journal of Research,journal,3772063,"0,218",Q4,25,358,517,11351,684,457,1.24,31.71,United Kingdom,Western Europe,Taylor and Francis Ltd.,"1974-1975, 1979-1989, 1993-2020",Electrical and Electronic Engineering (Q3); Computer Science Applications (Q4); Theoretical Computer Science (Q4)
1239,22476,Informacion Tecnologica,journal,"07180764, 07168756","0,218",Q3,14,136,482,4059,283,472,0.57,29.85,Chile,Latin America,Centro de Informacion Tecnologica,1996-2020,"Multidisciplinary (Q2); Agricultural and Biological Sciences (miscellaneous) (Q3); Business, Management and Accounting (miscellaneous) (Q3); Chemical Engineering (miscellaneous) (Q3); Chemistry (miscellaneous) (Q3); Computer Science (miscellaneous) (Q3); Energy (miscellaneous) (Q3); Food Science (Q3); Industrial and Manufacturing Engineering (Q3); Materials Science (miscellaneous) (Q3); Computer Science Applications (Q4); Geotechnical Engineering and Engineering Geology (Q4); Strategy and Management (Q4)"
1240,21100220473,International Journal of Mobile Human Computer Interaction,journal,"1942390X, 19423918","0,218",Q4,17,10,49,657,60,49,1.12,65.7,United States,Northern America,The Information Resources Management Association (IRMA),2009-2020,Human-Computer Interaction (Q4)
1241,21100898958,Journal of Mathematics and Computer Science,journal,2008949X,"0,218",Q4,5,100,88,2429,74,88,0.84,24.29,Malaysia,Asiatic Region,,2018-2020,Computational Mechanics (Q3); Computational Mathematics (Q4); Computer Science Applications (Q4); Mathematics (miscellaneous) (Q4)
1242,21100916741,"Journal of Verification, Validation and Uncertainty Quantification",journal,"23772158, 23772166","0,218",Q4,4,0,28,0,32,28,1.14,0,United States,Northern America,The American Society of Mechanical Engineers(ASME),2018-2019,Computational Theory and Mathematics (Q4); Computer Science Applications (Q4); Modeling and Simulation (Q4); Statistics and Probability (Q4)
1243,24449,Kybernetika,journal,235954,"0,218",Q4,38,41,195,1348,198,182,1.05,32.88,Czech Republic,Eastern Europe,Academy of Sciences of the Czech Republic,"1961-1989, 1996-2020",Electrical and Electronic Engineering (Q3); Artificial Intelligence (Q4); Control and Systems Engineering (Q4); Information Systems (Q4); Software (Q4); Theoretical Computer Science (Q4)
1244,21100902608,Turkish Journal of Computer and Mathematics Education,journal,13094653,"0,218",Q4,3,28,54,1455,18,54,0.33,51.96,Turkey,Middle East,Karadeniz Technical University,2018-2019,Education (Q3); Computational Mathematics (Q4); Computational Theory and Mathematics (Q4); Mathematics (miscellaneous) (Q4)
1245,21100199540,"AAPP Atti della Accademia Peloritana dei Pericolanti, Classe di Scienze Fisiche, Matematiche e Naturali",journal,"03650359, 18251242","0,217",Q3,11,37,133,1285,93,132,0.77,34.73,Italy,Western Europe,Accademia Peloritana dei Pericolanti,2004-2020,History and Philosophy of Science (Q2); Agricultural and Biological Sciences (miscellaneous) (Q3); Chemistry (miscellaneous) (Q3); Computer Science (miscellaneous) (Q3); Earth and Planetary Sciences (miscellaneous) (Q3); Mathematics (miscellaneous) (Q4); Physics and Astronomy (miscellaneous) (Q4)
1246,19700186738,Ad-Hoc and Sensor Wireless Networks,journal,"15519899, 15520633","0,217",Q3,21,38,128,1406,126,128,0.85,37,United States,Northern America,Old City Publishing,2005-2020,Computer Science (miscellaneous) (Q3); Electrical and Electronic Engineering (Q3); Instrumentation (Q4)
1247,21100832514,International Journal of Standardization Research,journal,"24708550, 24708542","0,217",Q4,3,0,17,0,9,17,1,0,United States,Northern America,IGI Global Publishing,2015-2019,Management of Technology and Innovation (Q3); Computer Science Applications (Q4)
1248,21100200802,Journal of Information and Communication Technology,journal,"21803862, 1675414X","0,217",Q3,10,23,72,1007,152,72,2.04,43.78,Malaysia,Asiatic Region,Universiti Utara Malaysia Press,2011-2020,Computer Science (miscellaneous) (Q3); Mathematics (miscellaneous) (Q4)
1249,12170,"Modeling, Identification and Control",journal,"03327353, 18901328","0,217",Q4,26,13,47,517,49,47,1.03,39.77,Norway,Western Europe,Research Council of Norway,"1980-1989, 1996-2020",Computer Science Applications (Q4); Control and Systems Engineering (Q4); Modeling and Simulation (Q4); Software (Q4)
1250,12753,International Game Theory Review,journal,"02191989, 17936675","0,216",Q3,23,40,74,1116,47,71,0.51,27.9,Singapore,Asiatic Region,World Scientific Publishing Co. Pte Ltd,2003-2020,"Business and International Management (Q3); Computer Science (miscellaneous) (Q3); Statistics, Probability and Uncertainty (Q4)"
1251,19900195075,International Journal of Communication Networks and Information Security,journal,"20760930, 2073607X","0,216",Q3,20,51,147,1845,185,147,1.18,36.18,Pakistan,Asiatic Region,"Institute of Information Technology, Kohat University of Science and Technology",2009-2020,Computer Networks and Communications (Q3); Software (Q4)
1252,21100922608,International Journal of Computational Materials Science and Engineering,journal,"2047685X, 20476841","0,216",Q4,8,25,56,811,66,56,1.38,32.44,Singapore,Asiatic Region,World Scientific Publishing Co. Pte Ltd,"2012-2013, 2016-2020",Materials Science (miscellaneous) (Q3); Computer Science Applications (Q4); Mechanics of Materials (Q4); Modeling and Simulation (Q4); Numerical Analysis (Q4)
1253,21100886546,International Journal of Computer Mathematics: Computer Systems Theory,journal,"23799935, 23799927","0,216",Q4,5,25,48,624,34,47,0.67,24.96,United Kingdom,Western Europe,Taylor and Francis Ltd.,2016-2020,Computational Mathematics (Q4); Computational Theory and Mathematics (Q4)
1254,21100836592,International Journal of Technology Marketing,journal,"17418798, 1741878X","0,216",Q4,10,14,43,1149,41,40,0.42,82.07,Switzerland,Western Europe,Inderscience Publishers,2017-2020,Marketing (Q3); Computer Science Applications (Q4)
1255,21100463068,"International Journal on Advanced Science, Engineering and Information Technology",journal,"20885334, 24606952","0,216",Q3,22,349,994,9957,1065,994,1.06,28.53,Indonesia,Asiatic Region,,2015-2020,Agricultural and Biological Sciences (miscellaneous) (Q3); Computer Science (miscellaneous) (Q3); Engineering (miscellaneous) (Q3)
1256,18056,Jiqiren/Robot,journal,10020446,"0,216",Q4,25,70,296,2414,337,296,1.09,34.49,China,Asiatic Region,Chinese Academy of Sciences,"1998, 2001-2020",Electrical and Electronic Engineering (Q3); Mechanical Engineering (Q3); Applied Mathematics (Q4); Artificial Intelligence (Q4); Modeling and Simulation (Q4); Software (Q4)
1257,26714,Jisuanji Yanjiu yu Fazhan/Computer Research and Development,journal,10001239,"0,216",Q3,36,206,690,8198,736,690,1.02,39.8,China,Asiatic Region,Science Press,"1998, 2001-2020",Computer Networks and Communications (Q3); Hardware and Architecture (Q4); Software (Q4)
1258,20432,Software Testing Verification and Reliability,journal,"10991689, 09600833","0,216",Q4,49,28,64,1206,106,45,1.7,43.07,United Kingdom,Western Europe,John Wiley and Sons Ltd,1991-2020,"Media Technology (Q2); Safety, Risk, Reliability and Quality (Q3); Software (Q4)"
1259,21100201073,"Journal of Institute of Control, Robotics and Systems",journal,19765622,"0,215",Q4,11,143,457,2599,243,457,0.67,18.17,South Korea,Asiatic Region,"Institute of Control, Robotics and Systems",2008-2020,Applied Mathematics (Q4); Control and Systems Engineering (Q4); Software (Q4)
1260,10700153302,International Journal of Data Mining and Bioinformatics,journal,"17485681, 17485673","0,214",Q4,21,41,122,1482,107,122,0.77,36.15,United Kingdom,Western Europe,Inderscience Enterprises Ltd.,2006-2015,"Biochemistry, Genetics and Molecular Biology (miscellaneous) (Q3); Library and Information Sciences (Q3); Information Systems (Q4)"
1261,20964,Journal of Flow Visualization and Image Processing,journal,10653090,"0,214",Q4,12,21,61,566,27,59,0.64,26.95,United States,Northern America,Begell House Inc.,1996-2020,Mechanical Engineering (Q3); Computer Science Applications (Q4); Condensed Matter Physics (Q4)
1262,12288,Nonlinear Optics Quantum Optics,journal,15430537,"0,214",Q3,20,25,90,878,70,90,0.82,35.12,United States,Northern America,Old City Publishing,2003-2020,"Computer Science (miscellaneous) (Q3); Atomic and Molecular Physics, and Optics (Q4); Electronic, Optical and Magnetic Materials (Q4); Instrumentation (Q4); Statistical and Nonlinear Physics (Q4)"
1263,19913,Ruan Jian Xue Bao/Journal of Software,journal,10009825,"0,214",Q4,63,231,731,10905,845,731,1.07,47.21,China,Asiatic Region,Chinese Academy of Sciences,1995-2020,Software (Q4)
1264,300147006,Innovations in Systems and Software Engineering,journal,"16145054, 16145046","0,213",Q4,27,26,63,1006,87,59,1.07,38.69,United Kingdom,Western Europe,Springer London,2005-2020,Software (Q4)
1265,4500151542,International Journal of Intelligent Information Technologies,journal,"15483665, 15483657","0,213",Q4,15,11,54,458,63,54,0.92,41.64,United States,Northern America,IGI Publishing,2005-2020,Decision Sciences (miscellaneous) (Q4); Information Systems (Q4)
1266,13012,RAIRO - Theoretical Informatics and Applications,journal,"1290385X, 09883754","0,213",Q4,30,5,42,126,30,40,0.77,25.2,France,Western Europe,EDP Sciences,1995-2020,Computer Science Applications (Q4); Mathematics (miscellaneous) (Q4); Software (Q4)
1267,23958,Journal of Multiple-Valued Logic and Soft Computing,journal,15423980,"0,212",Q4,24,9,160,247,114,155,0.85,27.44,United States,Northern America,Old City Publishing,2003-2020,Logic (Q4); Software (Q4); Theoretical Computer Science (Q4)
1268,21101017691,Annals of Emerging Technologies in Computing,journal,"2516029X, 25160281","0,211",Q3,7,30,61,877,88,51,1.52,29.23,United Kingdom,Western Europe,International Association for Educators and Researchers (IAER),2017-2020,Computer Science (miscellaneous) (Q3); Electrical and Electronic Engineering (Q3)
1269,18936,IEICE Transactions on Communications,journal,"09168516, 17451345","0,211",Q3,56,160,737,3559,566,710,0.74,22.24,Japan,Asiatic Region,"Maruzen Co., Ltd/Maruzen Kabushikikaisha",1993-2020,Computer Networks and Communications (Q3); Electrical and Electronic Engineering (Q3); Software (Q4)
1270,21100259128,Journal of Advances in Information Fusion,journal,15576418,"0,211",Q3,12,0,43,0,73,40,0.9,0,United States,Northern America,,2013-2019,Computer Vision and Pattern Recognition (Q3); Information Systems (Q4); Signal Processing (Q4)
1271,19700174668,Annual Review of CyberTherapy and Telemedicine,journal,15548716,"0,210",Q3,15,0,91,0,59,87,0.71,0,Belgium,Western Europe,Virtual Reality Medical Institute,2009-2019,Computer Science (miscellaneous) (Q3); Psychology (miscellaneous) (Q3); Rehabilitation (Q3); Neuroscience (miscellaneous) (Q4)
1272,21100223333,International Journal of Distributed Systems and Technologies,journal,"19473540, 19473532","0,210",Q3,13,19,54,487,50,54,0.92,25.63,United States,Northern America,IGI Publishing,2010-2020,Computer Networks and Communications (Q3); Hardware and Architecture (Q4)
1273,12962,Journal of Intelligent Systems,journal,"03341860, 2191026X","0,210",Q4,20,130,128,4589,174,127,1.83,35.3,Germany,Western Europe,Walter de Gruyter GmbH,"1991-2002, 2004-2020",Artificial Intelligence (Q4); Information Systems (Q4); Software (Q4)
1274,19900191768,Control Engineering and Applied Informatics,journal,14548658,"0,209",Q3,18,25,123,789,134,123,0.97,31.56,Romania,Eastern Europe,Romanian Society of Control Engineering and Technical Informatics,2010-2020,Computer Science (miscellaneous) (Q3); Electrical and Electronic Engineering (Q3)
1275,21100301442,International Journal of Electronic Governance,journal,"17427517, 17427509","0,209",Q4,17,20,63,945,37,53,0.58,47.25,Switzerland,Western Europe,Inderscience Publishers,2007-2013,Sociology and Political Science (Q3); Computer Science Applications (Q4); Public Administration (Q4)
1276,21100200639,Journal of Gaming and Virtual Worlds,journal,"1757191X, 17571928","0,209",Q3,12,13,48,525,31,43,0.59,40.38,United Kingdom,Western Europe,Intellect Ltd.,2009-2020,Computer Graphics and Computer-Aided Design (Q3); Computer Science Applications (Q4); Human-Computer Interaction (Q4)
1277,21100935071,Journal of Internet Services and Information Security,journal,"21822077, 21822069","0,209",Q3,3,25,19,765,25,19,1.32,30.6,South Korea,Asiatic Region,Innovative Information Science and Technology Research Group,2019-2020,Computer Networks and Communications (Q3); Computer Science (miscellaneous) (Q3); Electrical and Electronic Engineering (Q3); Computer Science Applications (Q4); Information Systems (Q4); Software (Q4)
1278,21100864387,International Journal of Swarm Intelligence Research,journal,"19479263, 19479271","0,208",Q4,4,20,43,801,42,43,1.1,40.05,United States,Northern America,IGI Global Publishing,2017-2020,Artificial Intelligence (Q4); Computational Theory and Mathematics (Q4); Computer Science Applications (Q4)
1279,21101017597,Journal of Biosystems Engineering,journal,"22341862, 17381266","0,208",Q4,3,42,31,1465,34,31,1.1,34.88,Switzerland,Western Europe,Springer Nature Switzerland AG,2019-2020,Agricultural and Biological Sciences (miscellaneous) (Q3); Engineering (miscellaneous) (Q3); Mechanical Engineering (Q3); Computer Science Applications (Q4)
1280,6400153154,Journal of Control Science and Engineering,journal,"16875249, 16875257","0,208",Q4,18,32,182,901,181,175,1,28.16,United States,Northern America,Hindawi Publishing Corporation,2007-2020,Electrical and Electronic Engineering (Q3); Computer Science Applications (Q4); Modeling and Simulation (Q4)
1281,21100198205,International Journal of Communication Networks and Distributed Systems,journal,"17543916, 17543924","0,207",Q3,17,41,138,1785,198,138,1.58,43.54,Switzerland,Western Europe,Inderscience Publishers,"2008-2014, 2018, 2020",Computer Networks and Communications (Q3)
1282,21100223336,International Journal of Human Capital and Information Technology Professionals,journal,"19473486, 19473478","0,207",Q3,13,15,57,911,58,57,1.06,60.73,United States,Northern America,IGI Publishing,2010-2020,Computer Science (miscellaneous) (Q3); Management of Technology and Innovation (Q3)
1283,28587,Biomedical Instrumentation and Technology,journal,8998205,"0,206",Q3,28,108,376,752,58,259,0.12,6.96,United States,Northern America,Association for the Advancement of Medical Instrumentation,1989-2020,Computer Networks and Communications (Q3); Biomedical Engineering (Q4)
1284,21100211724,Intelligent Decision Technologies,journal,"18724981, 18758843","0,206",Q3,13,49,108,1675,148,105,1.24,34.18,Netherlands,Western Europe,IOS Press,2007-2020,Computer Vision and Pattern Recognition (Q3); Artificial Intelligence (Q4); Human-Computer Interaction (Q4); Software (Q4)
1285,17600155052,Optical Memory and Neural Networks (Information Optics),journal,"19347898, 1060992X","0,206",Q3,19,35,100,855,115,100,1.24,24.43,United States,Northern America,Pleiades Publishing,2008-2020,"Computer Science (miscellaneous) (Q3); Electrical and Electronic Engineering (Q3); Electronic, Optical and Magnetic Materials (Q4)"
1286,21100850743,"Radioelektronika, Nanosistemy, Informacionnye Tehnologii",journal,"22183000, 24141267","0,204",Q3,5,56,96,1339,39,96,0.39,23.91,Russian Federation,Eastern Europe,Russian Academy of Natural Science,2017-2020,"Computer Networks and Communications (Q3); Electronic, Optical and Magnetic Materials (Q4); Hardware and Architecture (Q4); Information Systems (Q4); Materials Science (miscellaneous) (Q4)"
1287,26802,International Journal of Speech Technology,journal,"13812416, 15728110","0,203",Q4,29,106,264,3706,452,263,1.8,34.96,Netherlands,Western Europe,Springer Netherlands,"1995, 1997-2020",Language and Linguistics (Q2); Linguistics and Language (Q2); Computer Vision and Pattern Recognition (Q4); Human-Computer Interaction (Q4); Software (Q4)
1288,25021,IEEE Annals of the History of Computing,journal,10586180,"0,202",Q3,23,39,101,1276,26,83,0.24,32.72,United States,Northern America,IEEE Computer Society,1992-2020,History and Philosophy of Science (Q2); Computer Science (miscellaneous) (Q3)
1289,21100902603,Informatsionno-Upravliaiushchie Sistemy,journal,"25418610, 16848853","0,202",Q4,6,46,132,1271,91,132,0.69,27.63,Russian Federation,Eastern Europe,Saint Petersburg State University of Aerospace Instrumentation,2018-2020,Computer Science Applications (Q4); Control and Optimization (Q4); Control and Systems Engineering (Q4); Human-Computer Interaction (Q4); Information Systems (Q4); Software (Q4)
1290,21100795207,Journal of Telecommunications and the Digital Economy,journal,22031693,"0,202",Q3,6,31,93,954,64,93,0.89,30.77,Australia,Pacific Region,Telecommunications Association Inc.,2015-2020,Media Technology (Q2); Communication (Q3); Computer Networks and Communications (Q3); Management of Technology and Innovation (Q3); Computer Science Applications (Q4)
1291,28931,Journal of Computer Security,journal,"0926227X, 18758924","0,201",Q3,56,16,68,888,89,68,1.15,55.5,Netherlands,Western Europe,IOS Press,1992-2020,"Computer Networks and Communications (Q3); Safety, Risk, Reliability and Quality (Q3); Hardware and Architecture (Q4); Software (Q4)"
1292,21100868216,Engineering and Applied Science Research,journal,"25396218, 25396161","0,200",Q4,5,48,122,1662,86,122,0.79,34.63,Thailand,Asiatic Region,"Faculty of Engineering, Khon Kaen University",2017-2020,Engineering (miscellaneous) (Q3); Computer Science Applications (Q4)
1293,15109,IEICE Transactions on Information and Systems,journal,"17451361, 09168532","0,200",Q4,49,319,1125,7789,929,1084,0.84,24.42,Japan,Asiatic Region,"Maruzen Co., Ltd/Maruzen Kabushikikaisha",1993-2020,Electrical and Electronic Engineering (Q3); Artificial Intelligence (Q4); Computer Vision and Pattern Recognition (Q4); Hardware and Architecture (Q4); Software (Q4)
1294,19700186821,International Journal of Web Based Communities,journal,"17418216, 14778394","0,200",Q3,23,23,74,1201,68,68,0.85,52.22,United Kingdom,Western Europe,Inderscience Enterprises Ltd.,"2004-2014, 2020",Communication (Q3); Computer Networks and Communications (Q3); Education (Q4); Software (Q4)
1295,21100400012,"Proceedings of International Conference of the Learning Sciences, ICLS",journal,18149316,"0,199",Q3,12,0,453,0,186,449,0.41,0,United States,Northern America,,"2014, 2016, 2018",Computer Science (miscellaneous) (Q3); Education (Q4)
1296,21101020041,"Proceedings of the ACM on Interactive, Mobile, Wearable and Ubiquitous Technologies",journal,24749567,"0,199",Q3,5,168,35,11164,73,35,2.09,66.45,United States,Northern America,Association for Computing Machinery (ACM),2019-2020,Computer Networks and Communications (Q3); Hardware and Architecture (Q4); Human-Computer Interaction (Q4)
1297,21100831441,TEM Journal,journal,"22178309, 22178333","0,199",Q3,10,233,444,4597,423,444,1.01,19.73,Serbia,Eastern Europe,UIKTEN - Association for Information Communication Technology Education and Science,2017-2020,Computer Science (miscellaneous) (Q3); Information Systems and Management (Q3); Education (Q4); Information Systems (Q4); Management of Technology and Innovation (Q4); Strategy and Management (Q4)
1298,21100925870,World Journal on Educational Technology: Current Issues,journal,"13090348, 13091506","0,199",Q3,5,29,55,1210,46,51,0.84,41.72,Cyprus,Western Europe,,2019-2020,Computer Science (miscellaneous) (Q3); Education (Q4); Management of Technology and Innovation (Q4)
1299,21100898825,Aloma,journal,"23399694, 11383194","0,198",Q3,3,20,26,844,24,23,0.92,42.2,Spain,Western Europe,"Facultat de Psicologia, Ciencies de l'Educacio i de l'Esport Blanquerna",2018-2020,"Computer Networks and Communications (Q3); Education (Q4); Physical Therapy, Sports Therapy and Rehabilitation (Q4); Psychology (miscellaneous) (Q4)"
1300,17294,Defence Science Journal,journal,"0011748X, 0976464X","0,198",Q4,32,93,274,2282,236,269,0.83,24.54,India,Asiatic Region,Defense Scientific Information and Documentation Centre,"1970-1989, 1991-2020",Chemical Engineering (miscellaneous) (Q3); Electrical and Electronic Engineering (Q3); Biomedical Engineering (Q4); Computer Science Applications (Q4); Mechanical Engineering (Q4); Physics and Astronomy (miscellaneous) (Q4)
1301,21100781741,Journal of Cyber Security and Mobility,journal,"22454578, 22451439","0,198",Q3,9,18,73,579,61,73,0.86,32.17,Denmark,Western Europe,River Publishers,2012-2020,Computer Networks and Communications (Q3); Hardware and Architecture (Q4)
1302,12100154806,International Journal of e-Business Research,journal,"1548114X, 15481131","0,197",Q4,22,12,66,870,55,66,0.93,72.5,United States,Northern America,IGI Publishing,2005-2020,Management Information Systems (Q3); Computer Science Applications (Q4)
1303,26149,International Journal of High Speed Electronics and Systems,journal,1291564,"0,197",Q4,24,0,85,0,58,79,0.55,0,Singapore,Asiatic Region,World Scientific Publishing Co. Pte Ltd,"2002-2009, 2011-2019","Electrical and Electronic Engineering (Q3); Electronic, Optical and Magnetic Materials (Q4); Hardware and Architecture (Q4)"
1304,15489,International Journal of Nanoscience,journal,"17935350, 0219581X","0,197",Q4,25,62,231,2021,160,223,0.68,32.6,Singapore,Asiatic Region,World Scientific Publishing Co. Pte Ltd,2004-2020,Electrical and Electronic Engineering (Q3); Bioengineering (Q4); Biotechnology (Q4); Computer Science Applications (Q4); Condensed Matter Physics (Q4); Materials Science (miscellaneous) (Q4); Nanoscience and Nanotechnology (Q4)
1305,7600153103,Malaysian Journal of Computer Science,journal,1279084,"0,197",Q3,18,31,86,1189,87,86,0.82,38.35,Malaysia,Asiatic Region,Faculty of Computer Science and Information Technology,1996-2020,Computer Science (miscellaneous) (Q3)
1306,21100247039,International Journal of Electronic Commerce Studies,journal,20739729,"0,196",Q4,9,7,29,349,36,29,0.9,49.86,Taiwan,Asiatic Region,Academy of Taiwan Information Systems Research,2013-2019,Computer Science Applications (Q4)
1307,16947,International Journal of Web Services Research,journal,"15465004, 15457362","0,196",Q3,27,12,57,427,58,57,0.79,35.58,United States,Northern America,IGI Publishing,2004-2020,Computer Networks and Communications (Q3); Information Systems (Q4); Software (Q4)
1308,21100851239,Mechatronic Systems and Control,journal,"25611771, 2561178X","0,196",Q4,18,34,78,726,51,78,0.69,21.35,Canada,Northern America,ACTA Press,2018-2020,Computer Science Applications (Q4); Control and Systems Engineering (Q4)
1309,25644,Presence: Teleoperators and Virtual Environments,journal,"15313263, 10547460","0,196",Q4,90,12,39,705,66,35,2,58.75,United States,Northern America,MIT Press Journals,1992-2020,Computer Vision and Pattern Recognition (Q4); Control and Systems Engineering (Q4); Human-Computer Interaction (Q4); Software (Q4)
1310,12492,Journal of Information Science and Engineering,journal,10162364,"0,195",Q4,37,84,228,2316,187,228,0.64,27.57,Taiwan,Asiatic Region,Institute of Information Science,"1993-1994, 1996-2020",Library and Information Sciences (Q3); Computational Theory and Mathematics (Q4); Hardware and Architecture (Q4); Human-Computer Interaction (Q4); Software (Q4)
1311,11600153445,Journal of Mathematics and the Arts,journal,"17513480, 17513472","0,194",Q3,9,64,57,310,28,53,0.32,4.84,United Kingdom,Western Europe,Taylor and Francis Ltd.,2007-2020,Visual Arts and Performing Arts (Q1); Computer Graphics and Computer-Aided Design (Q3); Mathematics (miscellaneous) (Q4)
1312,28511,Mathematical and Computer Modelling of Dynamical Systems,journal,13873954,"0,194",Q4,34,27,91,907,91,88,1.2,33.59,United Kingdom,Western Europe,Taylor and Francis Ltd.,1996-2020,Applied Mathematics (Q4); Computer Science Applications (Q4); Control and Systems Engineering (Q4); Modeling and Simulation (Q4); Software (Q4)
1313,21100867241,International Journal of Advanced Computer Science and Applications,journal,"21565570, 2158107X","0,193",Q3,18,1063,1849,32250,2018,1849,1.09,30.34,United Kingdom,Western Europe,Science and Information Organization,2017-2020,Computer Science (miscellaneous) (Q3)
1314,19700186844,International Journal of Mobile Computing and Multimedia Communications,journal,"19379412, 19379404","0,193",Q3,10,17,51,478,50,51,1.25,28.12,United States,Northern America,IGI Global Publishing,"2009-2014, 2016-2020",Computer Networks and Communications (Q3)
1315,21100983214,Journal of Scientometric Research,journal,"23200057, 23216654","0,193",Q4,3,31,26,1167,22,26,0.85,37.65,India,Asiatic Region,Phcog.Net,2019-2020,Library and Information Sciences (Q3); Computer Science Applications (Q4); Information Systems (Q4)
1316,21100778750,Proceedings of the Association for Information Science and Technology,journal,23739231,"0,193",Q3,14,2,578,32,269,576,0.43,16,United States,Northern America,John Wiley and Sons Inc.,2015-2019,Computer Science (miscellaneous) (Q3); Library and Information Sciences (Q3)
1317,21100208036,Foundations of Computing and Decision Sciences,journal,"23003405, 08676356","0,192",Q3,11,12,57,509,51,56,0.87,42.42,Germany,Western Europe,Walter de Gruyter GmbH,2012-2020,Computer Science (miscellaneous) (Q3); Theoretical Computer Science (Q4)
1318,19700186847,International Journal of Digital Crime and Forensics,journal,"19416210, 19416229","0,192",Q4,15,26,85,621,85,85,0.89,23.88,United States,Northern America,IGI Global Publishing,2009-2020,Software (Q4)
1319,5100155008,Journal of Microelectronics and Electronic Packaging,journal,"15514897, 15558037","0,192",Q3,17,18,40,282,26,40,0.84,15.67,United States,Northern America,IMAPS-International Microelectronics and Packaging Society,"2005-2012, 2014-2019","Computer Networks and Communications (Q3); Electrical and Electronic Engineering (Q3); Electronic, Optical and Magnetic Materials (Q4)"
1320,21100208072,Scalable Computing,journal,18951767,"0,192",Q3,18,60,115,1910,160,109,1.46,31.83,Romania,Eastern Europe,universitatea de vest,2005-2020,Computer Science (miscellaneous) (Q3)
1321,17700155303,International Journal of Biometrics,journal,"1755831X, 17558301","0,191",Q4,14,30,60,854,56,60,1.12,28.47,United Kingdom,Western Europe,Inderscience Enterprises Ltd.,"2009-2014, 2020",Electrical and Electronic Engineering (Q3); Applied Mathematics (Q4); Computer Science Applications (Q4); Computer Vision and Pattern Recognition (Q4)
1322,21100901130,International Journal of Humanities and Arts Computing,journal,"17538548, 17551706","0,191",Q3,3,15,33,529,11,28,0.33,35.27,United Kingdom,Western Europe,Edinburgh University Press,2018-2020,Arts and Humanities (miscellaneous) (Q3); Computer Science (miscellaneous) (Q3); Human-Computer Interaction (Q4)
1323,19900191968,Journal of Communications Software and Systems,journal,18456421,"0,191",Q4,13,33,97,1160,103,94,1.04,35.15,Croatia,Eastern Europe,University of Split,2010-2020,Electrical and Electronic Engineering (Q3); Software (Q4)
1324,12324,Computer Systems Science and Engineering,journal,2676192,"0,190",Q3,26,28,107,761,105,102,1.32,27.18,United Kingdom,Western Europe,CRL Publishing,"1985-1988, 1990-2020",Computer Science (miscellaneous) (Q3); Control and Systems Engineering (Q4); Theoretical Computer Science (Q4)
1325,17300154986,ICIC Express Letters,journal,1881803X,"0,190",Q3,20,148,522,2601,247,522,0.68,17.57,Japan,Asiatic Region,ICIC Express Letters Office,2009-2020,Computer Science (miscellaneous) (Q3); Control and Systems Engineering (Q4)
1326,21100903186,International Journal of Computational Methods and Experimental Measurements,journal,"20460554, 20460546","0,190",Q4,9,35,233,836,115,222,0.49,23.89,United Kingdom,Western Europe,WITPress,2013-2020,Applied Mathematics (Q4); Computational Mathematics (Q4); Computational Mechanics (Q4); Computer Science Applications (Q4); Modeling and Simulation (Q4)
1327,21100869464,International Journal of Image and Graphics,journal,"02194678, 17936756","0,190",Q3,21,63,49,2308,72,49,1.47,36.63,Singapore,Asiatic Region,World Scientific Publishing Co. Pte Ltd,"2001-2016, 2018-2020",Computer Graphics and Computer-Aided Design (Q3); Computer Science Applications (Q4); Computer Vision and Pattern Recognition (Q4)
1328,51658,NTT Technical Review,journal,13483447,"0,190",Q3,15,85,371,297,42,368,0.11,3.49,Japan,Asiatic Region,Nippon Telegraph and Telephone Corp.,2003-2019,Computer Networks and Communications (Q3); Electrical and Electronic Engineering (Q3); Computer Science Applications (Q4)
1329,11900154400,International Journal of Information Technology and Web Engineering,journal,"15541053, 15541045","0,189",Q3,14,21,65,709,66,65,1.13,33.76,United States,Northern America,IGI Publishing,2006-2020,Computer Science (miscellaneous) (Q3)
1330,21100929583,IT - Information Technology,journal,"21967032, 16112776","0,189",Q3,4,28,38,891,30,33,0.79,31.82,Germany,Western Europe,De Gruyter Oldenbourg,2019-2020,Computer Science (miscellaneous) (Q3)
1331,300147004,Journal of Educational Media and Library Sciences,journal,1013090X,"0,189",Q4,8,12,44,375,13,37,0.27,31.25,Taiwan,Asiatic Region,Tamkang University,2005-2019,Archeology (arts and humanities) (Q2); Conservation (Q2); Library and Information Sciences (Q3); Information Systems (Q4)
1332,26141,Parallel Processing Letters,journal,"1793642X, 01296264","0,189",Q4,31,25,52,507,41,49,0.68,20.28,Singapore,Asiatic Region,World Scientific Publishing Co. Pte Ltd,1994-2020,Hardware and Architecture (Q4); Software (Q4); Theoretical Computer Science (Q4)
1333,26076,"IEICE Transactions on Fundamentals of Electronics, Communications and Computer Sciences",journal,9168508,"0,188",Q3,52,219,1028,4356,522,991,0.5,19.89,Japan,Asiatic Region,"Maruzen Co., Ltd/Maruzen Kabushikikaisha",1993-2020,Computer Graphics and Computer-Aided Design (Q3); Electrical and Electronic Engineering (Q3); Applied Mathematics (Q4); Signal Processing (Q4)
1334,21101000293,"Mekhatronika, Avtomatizatsiya, Upravlenie",journal,"16846427, 26191253","0,188",Q4,2,78,89,1657,27,89,0.3,21.24,Russian Federation,Eastern Europe,New Technologies Publishing House,2019-2020,Electrical and Electronic Engineering (Q3); Artificial Intelligence (Q4); Computer Science Applications (Q4); Control and Systems Engineering (Q4); Human-Computer Interaction (Q4); Software (Q4)
1335,21100242828,"Revista de Direito, Estado e Telecomunicacoes",journal,"19849729, 19848161","0,188",Q4,3,20,47,693,11,47,0.26,34.65,Brazil,Latin America,Universidade de Brasilia,"2009, 2013-2020",Electrical and Electronic Engineering (Q3); Law (Q3); Computer Networks and Communications (Q4)
1336,14100154713,International Journal of Grid and Utility Computing,journal,"1741847X, 17418488","0,187",Q4,20,73,131,2325,174,127,1.42,31.85,United Kingdom,Western Europe,Inderscience Enterprises Ltd.,"2005, 2009, 2011-2014, 2020",Management Information Systems (Q3); Applied Mathematics (Q4); Computer Science Applications (Q4)
1337,21100199790,International Journal of Intelligent Engineering and Systems,journal,"21853118, 2185310X","0,187",Q3,15,234,528,6506,594,528,1.17,27.8,Japan,Asiatic Region,Intelligent Networks and Systems Society,2008-2020,Computer Science (miscellaneous) (Q3); Engineering (miscellaneous) (Q3)
1338,21100788860,International Journal of Mechanical Engineering and Robotics Research,journal,22780149,"0,187",Q4,9,243,355,4299,309,355,0.88,17.69,India,Asiatic Region,,2016-2020,Artificial Intelligence (Q4); Control and Systems Engineering (Q4); Mechanical Engineering (Q4)
1339,21100200660,International Journal of Web Information Systems,journal,"17440084, 17440092","0,186",Q4,18,24,91,993,106,91,1.15,41.38,United Kingdom,Western Europe,Emerald Group Publishing Ltd.,2005-2020,Computer Networks and Communications (Q4); Information Systems (Q4)
1340,21100255068,Masaryk University Journal of Law and Technology,journal,"18025951, 18025943","0,186",Q4,4,13,40,579,20,39,0.58,44.54,Czech Republic,Eastern Europe,"Faculty of Law, Masaryk University",2013-2020,Law (Q3); Library and Information Sciences (Q3); Computer Science Applications (Q4)
1341,21100228550,Complex Systems,journal,8912513,"0,185",Q3,8,19,59,911,38,59,0.64,47.95,United States,Northern America,"Complex Systems Publications, inc.",2012-2020,Computer Science (miscellaneous) (Q3); Control and Systems Engineering (Q4)
1342,19900191878,Infocommunications Journal,journal,"20612125, 20612079","0,185",Q3,7,28,65,769,44,61,0.82,27.46,Hungary,Eastern Europe,Scientific Association for Infocommunications,2011-2020,Computer Science (miscellaneous) (Q3); Electrical and Electronic Engineering (Q3)
1343,21100857397,International Journal of E-Services and Mobile Applications,journal,"1941627X, 19416288","0,185",Q4,7,7,54,484,52,54,0.95,69.14,United States,Northern America,IGI Global Publishing,2017-2020,Computer Networks and Communications (Q4); Computer Science Applications (Q4); Management Information Systems (Q4); Marketing (Q4); Strategy and Management (Q4)
1344,8300153137,"International Journal of Metadata, Semantics and Ontologies",journal,"1744263X, 17442621","0,185",Q4,20,21,43,913,39,43,0.83,43.48,United Kingdom,Western Europe,Inderscience Enterprises Ltd,"2006-2014, 2020",Library and Information Sciences (Q3); Computer Science Applications (Q4); E-learning (Q4); Information Systems (Q4)
1345,20980,Journal of Mechanical Engineering Research and Developments,journal,10241752,"0,185",Q4,14,292,325,6680,335,325,1.26,22.88,Bangladesh,Asiatic Region,,"1995, 1997, 2001, 2014-2020",Computational Mechanics (Q4); Computer Science Applications (Q4); Mechanical Engineering (Q4); Physics and Astronomy (miscellaneous) (Q4)
1346,21100820054,International Journal of Computing,journal,"17276209, 23125381","0,184",Q3,11,63,89,1822,126,89,1.22,28.92,Ukraine,Eastern Europe,Research Institute of Intelligent Computer Systems,2016-2020,Computer Science (miscellaneous) (Q3); Computer Networks and Communications (Q4); Hardware and Architecture (Q4); Information Systems (Q4); Software (Q4)
1347,21100791249,Pakistan Journal of Information Management and Libraries,journal,24097462,"0,184",Q4,7,6,17,273,11,15,0.45,45.5,Pakistan,Asiatic Region,"Department of Information Management, University of the Punjab",2014-2019,Library and Information Sciences (Q3); Computer Science Applications (Q4)
1348,21100242201,Romanian Journal of Information Science and Technology,journal,14538245,"0,184",Q3,17,42,79,1165,62,77,0.84,27.74,Romania,Eastern Europe,Editura Academiei Romane,2008-2020,Computer Science (miscellaneous) (Q3)
1349,18300156736,Acta Scientiarum - Technology,journal,"18078664, 18062563","0,183",Q3,17,74,195,2395,134,195,0.61,32.36,Brazil,Latin America,Universidade Estadual de Maringa,2008-2020,Computer Science (miscellaneous) (Q3); Engineering (miscellaneous) (Q3); Chemistry (miscellaneous) (Q4); Earth and Planetary Sciences (miscellaneous) (Q4); Mathematics (miscellaneous) (Q4); Physics and Astronomy (miscellaneous) (Q4)
1350,21100887424,Electronic Journal of Knowledge Management,journal,14794411,"0,183",Q4,5,18,25,1073,24,24,0.96,59.61,United Kingdom,Western Europe,Academic Conferences and Publishing International,2018-2019,Computer Networks and Communications (Q4); Computer Science Applications (Q4); Management Information Systems (Q4); Management of Technology and Innovation (Q4)
1351,5800179613,International Journal of Ad Hoc and Ubiquitous Computing,journal,"17438225, 17438233","0,183",Q4,24,56,192,2103,138,190,0.72,37.55,United Kingdom,Western Europe,Inderscience Enterprises Ltd,"2005-2014, 2020",Computer Networks and Communications (Q4); Hardware and Architecture (Q4); Software (Q4)
1352,21100890645,International Journal of Advances in Intelligent Informatics,journal,"25483161, 24426571","0,183",Q4,9,27,68,999,88,68,1.42,37,Indonesia,Asiatic Region,Universitas Ahmad Dahlan,2015-2020,Artificial Intelligence (Q4); Computer Vision and Pattern Recognition (Q4); Human-Computer Interaction (Q4)
1353,21100266730,International Journal of Information Systems in the Service Sector,journal,"19355688, 19355696","0,183",Q4,12,18,58,708,40,58,0.82,39.33,United States,Northern America,IGI Global Publishing,2009-2020,Information Systems (Q4); Information Systems and Management (Q4); Management Information Systems (Q4); Management Science and Operations Research (Q4); Strategy and Management (Q4)
1354,100147332,"International Journal of Parallel, Emergent and Distributed Systems",journal,"17445779, 17445760","0,183",Q4,21,62,160,1752,182,139,1.51,28.26,United Kingdom,Western Europe,Taylor and Francis Ltd.,2005-2020,Computer Networks and Communications (Q4); Software (Q4)
1355,21100866208,IEIE Transactions on Smart Processing and Computing,journal,22875255,"0,182",Q4,5,48,120,1076,100,120,0.83,22.42,South Korea,Asiatic Region,Institute of Electronics and Information Engineers,2018-2020,Electrical and Electronic Engineering (Q4); Signal Processing (Q4)
1356,25550,Information Display,journal,3620972,"0,182",Q4,20,57,141,230,47,84,0.27,4.04,United States,Northern America,Wiley-Blackwell,"1975-1977, 1986-1989, 1993-2020",Electrical and Electronic Engineering (Q4); Hardware and Architecture (Q4)
1357,19900193948,International Journal of Vehicular Technology,journal,"16875702, 16875710","0,182",Q4,18,0,2,0,3,2,0,0,Egypt,Africa/Middle East,Hindawi Limited,2011-2017,Automotive Engineering (Q4); Computer Science Applications (Q4); Mechanical Engineering (Q4)
1358,4700153605,Tongxin Xuebao/Journal on Communications,journal,1000436X,"0,182",Q4,27,239,700,6459,578,700,0.86,27.03,China,Asiatic Region,Posts &amp;Telecom Press,2005-2020,Computer Networks and Communications (Q4); Information Systems (Q4); Signal Processing (Q4)
1359,21100448565,Zhongguo Kexue Jishu Kexue/Scientia Sinica Technologica,journal,"16747259, 2095946X","0,182",Q4,10,125,402,5380,393,402,1.12,43.04,China,Asiatic Region,Chinese Academy of Sciences,2016-2017,Computer Networks and Communications (Q4); Control and Systems Engineering (Q4)
1360,21100199780,Multiagent and Grid Systems,journal,"15741702, 18759076","0,181",Q3,19,21,46,943,38,46,0.96,44.9,United States,Northern America,IOS Press,2005-2020,Computer Science (miscellaneous) (Q3)
1361,21100199731,Scandinavian Journal of Information Systems,journal,"19010990, 09050167","0,181",Q4,11,15,35,940,18,19,0.19,62.67,Denmark,Western Europe,"Department of Mathematics and Computer Science, Institute of Electronic Systems, University of Aalborg",2011-2020,Information Systems (Q4)
1362,21100812152,International Journal of Networked and Distributed Computing,journal,"22117938, 22117946","0,180",Q4,7,12,64,439,54,64,1.13,36.58,Netherlands,Western Europe,Atlantis Press,2013-2020,Computer Networks and Communications (Q4); Computer Science Applications (Q4)
1363,19500157056,International Journal of System of Systems Engineering,journal,"1748068X, 17480671","0,180",Q4,17,19,38,909,21,38,0.57,47.84,United Kingdom,Western Europe,Inderscience Enterprises Ltd.,"2008-2014, 2020",Hardware and Architecture (Q4); Information Systems (Q4)
1364,19829,Operating Systems Review (ACM),journal,1635980,"0,180",Q4,104,7,36,371,58,33,2.23,53,United States,Northern America,Association for Computing Machinery (ACM),"1980-1991, 1993, 1996-2010, 2013-2017, 2019",Computer Networks and Communications (Q4); Hardware and Architecture (Q4); Information Systems (Q4)
1365,21100843319,Archives of Design Research,journal,"22882987, 12268046","0,179",Q3,4,55,154,1587,32,154,0.2,28.85,South Korea,Asiatic Region,Korean Society of Design Science,2017-2020,Visual Arts and Performing Arts (Q1); Architecture (Q2); Computer Graphics and Computer-Aided Design (Q3)
1366,144891,Digital Creativity,journal,"17443806, 14626268","0,179",Q4,21,24,67,911,40,65,0.57,37.96,United Kingdom,Western Europe,Taylor and Francis Ltd.,2005-2020,Arts and Humanities (miscellaneous) (Q3); Computational Theory and Mathematics (Q4); Computer Graphics and Computer-Aided Design (Q4); Human-Computer Interaction (Q4)
1367,21100897522,i-com,journal,"21966826, 1618162X","0,179",Q4,4,19,40,850,37,37,0.93,44.74,Germany,Western Europe,Walter de Gruyter GmbH,2018-2020,"Business, Management and Accounting (miscellaneous) (Q3); Communication (Q3); Computer Networks and Communications (Q4); Human-Computer Interaction (Q4); Information Systems (Q4); Social Psychology (Q4)"
1368,4700151613,Information Visualization,journal,"14738724, 14738716","0,179",Q4,48,17,65,1082,108,63,1.65,63.65,United States,Northern America,SAGE Publications Inc.,"1997, 2002-2020",Computer Vision and Pattern Recognition (Q4)
1369,18700156724,International Journal of Computing Science and Mathematics,journal,"17525063, 17525055","0,179",Q4,17,60,159,1273,204,159,1.62,21.22,United Kingdom,Western Europe,Inderscience Enterprises Ltd.,"2007-2010, 2012-2014, 2020",Applied Mathematics (Q4); Computational Mathematics (Q4); Computational Theory and Mathematics (Q4); Theoretical Computer Science (Q4)
1370,145567,Pragmatics and Cognition,journal,"15699943, 09290907","0,179",Q3,33,0,54,0,24,51,0.47,0,Netherlands,Western Europe,John Benjamins Publishing Company,"1993-2014, 2016-2019",Language and Linguistics (Q2); Linguistics and Language (Q2); Computer Science (miscellaneous) (Q3); History and Philosophy of Science (Q3); Behavioral Neuroscience (Q4)
1371,21100944646,SiSal Journal,journal,21853762,"0,178",Q4,2,22,25,444,7,24,0.28,20.18,Japan,Asiatic Region,Kanda University of International Studies,2019,Language and Linguistics (Q2); Linguistics and Language (Q2); Computer Science Applications (Q4); Education (Q4)
1372,21100823283,International Journal of Asian Business and Information Management,journal,"19479638, 19479646","0,177",Q4,3,27,48,1547,32,48,0.85,57.3,United States,Northern America,IGI Global Publishing,2017-2020,Cultural Studies (Q2); Business and International Management (Q4); Computer Science Applications (Q4); Management of Technology and Innovation (Q4); Strategy and Management (Q4)
1373,12600154734,International Journal of Electronic Security and Digital Forensics,journal,"17519128, 1751911X","0,177",Q4,13,24,74,721,65,73,0.88,30.04,United Kingdom,Western Europe,Inderscience Enterprises Ltd.,"2007-2010, 2012-2014, 2020","Law (Q3); Computer Networks and Communications (Q4); Safety, Risk, Reliability and Quality (Q4)"
1374,21100823281,International Journal of Software Innovation,journal,"21667179, 21667160","0,177",Q4,5,26,73,583,62,73,0.9,22.42,United States,Northern America,IGI Global Publishing,2017-2020,Artificial Intelligence (Q4); Computer Graphics and Computer-Aided Design (Q4); Computer Networks and Communications (Q4); Computer Science Applications (Q4); Software (Q4)
1375,21100199333,"Groups, Complexity, Cryptology",journal,"18696104, 18671144","0,176",Q4,12,1,34,18,35,34,0.62,18,Germany,Western Europe,Walter de Gruyter GmbH,2009-2020,Applied Mathematics (Q4); Computational Mathematics (Q4); Computational Theory and Mathematics (Q4); Computer Networks and Communications (Q4)
1376,22798,Qinghua Daxue Xuebao/Journal of Tsinghua University,journal,10000054,"0,175",Q4,33,128,518,3001,273,518,0.63,23.45,China,Asiatic Region,Tsinghua University Press,1993-2020,Engineering (miscellaneous) (Q3); Applied Mathematics (Q4); Computer Science Applications (Q4)
1377,20000195009,International Journal of Electronics and Telecommunications,journal,"20818491, 23001933","0,174",Q4,18,109,229,2177,191,229,0.93,19.97,Poland,Eastern Europe,"Polish Academy of Sciences, Committee of Electronics and Telecommunications",2010-2020,Computer Networks and Communications (Q4); Electrical and Electronic Engineering (Q4)
1378,21100211105,Internetworking Indonesia Journal,journal,19429703,"0,174",Q4,8,5,37,89,31,36,0.69,17.8,United States,Northern America,Internetworking Indonesia,2009-2019,Computer Science (miscellaneous) (Q4)
1379,19700188314,Pertanika Journal of Science and Technology,journal,1287680,"0,174",Q4,15,121,686,3828,442,685,0.79,31.64,Malaysia,Asiatic Region,Universiti Putra Malaysia,2010-2020,Agricultural and Biological Sciences (miscellaneous) (Q4); Chemical Engineering (miscellaneous) (Q4); Computer Science (miscellaneous) (Q4); Environmental Science (miscellaneous) (Q4)
1380,17700155820,WSEAS Transactions on Systems and Control,journal,"22242856, 19918763","0,174",Q4,16,79,170,1986,121,170,0.87,25.14,Greece,Western Europe,World Scientific and Engineering Academy and Society,2008-2020,Artificial Intelligence (Q4); Control and Optimization (Q4); Control and Systems Engineering (Q4); Mathematics (miscellaneous) (Q4)
1381,13608,Xitong Fangzhen Xuebao / Journal of System Simulation,journal,1004731X,"0,174",Q4,28,269,1300,4964,423,1300,0.33,18.45,China,Asiatic Region,Acta Simulata Systematica Sinica,"1998-1999, 2001-2020",Aerospace Engineering (Q4); Computer Science Applications (Q4); Modeling and Simulation (Q4)
1382,21100939572,Applied Science and Engineering Progress,journal,"26730421, 26729156","0,173",Q4,4,44,36,1083,34,32,0.94,24.61,Thailand,Asiatic Region,King Mongkut's University of Technology North Bangkok (KMUTNB),2019-2020,Engineering (miscellaneous) (Q3); Chemical Engineering (miscellaneous) (Q4); Computer Science (miscellaneous) (Q4)
1383,19700186890,Journal of Electrical Systems,journal,11125209,"0,173",Q4,16,40,155,1071,132,155,0.87,26.78,France,Western Europe,Engineering and Scientific Research Groups (ESR Groups),2009-2020,Computer Science (miscellaneous) (Q4); Electrical and Electronic Engineering (Q4)
1384,21100831436,Journal of The Institution of Engineers (India): Series B,journal,"22502114, 22502106","0,173",Q4,13,74,190,2047,165,188,0.88,27.66,India,Asiatic Region,Springer India,2012-2020,Computer Science (miscellaneous) (Q4); Electrical and Electronic Engineering (Q4)
1385,4700152823,Computers in Entertainment,journal,15443574,"0,172",Q4,30,0,44,0,52,43,1.1,0,United States,Northern America,Association for Computing Machinery (ACM),"2006-2012, 2014, 2016-2018",Computer Science Applications (Q4)
1386,25507,Informatica (Slovenia),journal,"18543871, 03505596","0,172",Q4,34,51,170,1524,135,163,0.76,29.88,Slovenia,Eastern Europe,Slovene Society Informatika,1995-2020,Artificial Intelligence (Q4); Computer Science Applications (Q4); Software (Q4); Theoretical Computer Science (Q4)
1387,26693,International Journal for Engineering Modelling,journal,"13301365, 18498671","0,172",Q4,10,14,37,305,23,37,0.34,21.79,Croatia,Eastern Europe,University of Split,"1991-1992, 1994-2020",Computer Science Applications (Q4); Mechanical Engineering (Q4); Mechanics of Materials (Q4); Modeling and Simulation (Q4); Software (Q4)
1388,19700166503,Journal of Advanced Computational Intelligence and Intelligent Informatics,journal,"13430130, 18838014","0,172",Q4,20,102,398,2456,201,393,0.51,24.08,Japan,Asiatic Region,Fuji Technology Press,2009-2020,Artificial Intelligence (Q4); Computer Vision and Pattern Recognition (Q4); Human-Computer Interaction (Q4)
1389,21100790777,Journal of Computing Science and Engineering,journal,"19764677, 20938020","0,172",Q4,16,16,47,381,36,46,0.53,23.81,South Korea,Asiatic Region,Korean Institute of Information Scientists and Engineers,2012-2020,Engineering (miscellaneous) (Q3); Computer Science Applications (Q4)
1390,21100223313,Journal of Information Hiding and Multimedia Signal Processing,journal,"20734239, 20734212","0,172",Q4,26,16,345,452,142,344,0.4,28.25,Taiwan,Asiatic Region,National Kaohsiung University of Applied Sciences,2010-2020,Computer Vision and Pattern Recognition (Q4); Software (Q4)
1391,19700181115,"ICIC Express Letters, Part B: Applications",journal,21852766,"0,171",Q4,12,149,510,2310,134,510,0.33,15.5,Japan,Asiatic Region,ICIC Express Letters Office,2010-2020,Computer Science (miscellaneous) (Q4)
1392,21100838789,International Journal of Electrical and Electronic Engineering and Telecommunications,journal,23192518,"0,171",Q4,6,58,113,1353,142,113,1.45,23.33,Poland,Eastern Europe,Warsaw University of Technology,2017-2020,Computer Networks and Communications (Q4); Electrical and Electronic Engineering (Q4); Instrumentation (Q4)
1393,20449,International Journal of Manufacturing Technology and Management,journal,"13682148, 17415195","0,171",Q4,21,32,95,927,55,90,0.52,28.97,United Kingdom,Western Europe,Inderscience Enterprises Ltd.,"2000-2013, 2020",Industrial and Manufacturing Engineering (Q3); Computer Science Applications (Q4); Electrical and Electronic Engineering (Q4); Information Systems and Management (Q4); Strategy and Management (Q4)
1394,21100199784,"Annals of the University of Craiova, Mathematics and Computer Science Series",journal,"22469958, 12236934","0,170",Q4,10,32,77,623,29,77,0.38,19.47,Romania,Eastern Europe,"Universitaria Publishing House, University of Craiova",2011-2019,Computer Science Applications (Q4); Mathematics (miscellaneous) (Q4)
1395,21100242240,International Journal of Internet Technology and Secured Transactions,journal,"17485703, 1748569X","0,170",Q4,10,42,88,1250,65,85,0.49,29.76,Switzerland,Western Europe,Inderscience Publishers,"2007, 2009-2014, 2020",Computer Networks and Communications (Q4); Computer Science Applications (Q4)
1396,21100199727,Journal of Computing and Information Technology,journal,"13301136, 18463908","0,169",Q4,27,5,66,123,37,56,0.44,24.6,Croatia,Eastern Europe,The University of Zagreb Computing Centre (SRCE),1996-2020,Computer Science (miscellaneous) (Q4)
1397,21100826383,Indonesian Journal of Electrical Engineering and Informatics,journal,20893272,"0,168",Q4,8,75,183,2548,172,183,0.94,33.97,Indonesia,Asiatic Region,Institute of Advanced Engineering and Science (IAES),2017-2020,Artificial Intelligence (Q4); Computer Networks and Communications (Q4); Computer Science (miscellaneous) (Q4); Control and Optimization (Q4); Control and Systems Engineering (Q4); Electrical and Electronic Engineering (Q4); Hardware and Architecture (Q4); Information Systems (Q4)
1398,21100840337,Baghdad Science Journal,journal,"24117986, 20788665","0,167",Q4,6,167,301,3763,191,301,0.73,22.53,Iraq,Middle East,University of Baghdad,2017-2020,"Agricultural and Biological Sciences (miscellaneous) (Q4); Biochemistry, Genetics and Molecular Biology (miscellaneous) (Q4); Chemistry (miscellaneous) (Q4); Computer Science (miscellaneous) (Q4); Mathematics (miscellaneous) (Q4); Physics and Astronomy (miscellaneous) (Q4)"
1399,21100223167,Computacion y Sistemas,journal,14055546,"0,167",Q4,13,126,339,3335,242,328,0.63,26.47,Mexico,Latin America,Centro de Investigacion en Computacion (CIC) del Instituto Politecnico Nacional (IPN),2012-2020,Computer Science (miscellaneous) (Q4)
1400,21100199535,International Journal of Arts and Technology,journal,"17548861, 17548853","0,167",Q4,17,21,42,607,24,41,0.54,28.9,Switzerland,Western Europe,Inderscience Publishers,"2008-2014, 2020",Visual Arts and Performing Arts (Q1); Computer Science Applications (Q4)
1401,54666,International Journal of Networking and Virtual Organisations,journal,"14709503, 17415225","0,167",Q4,19,48,125,1982,71,122,0.51,41.29,United Kingdom,Western Europe,Inderscience Enterprises Ltd.,"2002-2013, 2019-2020",Computer Networks and Communications (Q4); Computer Science Applications (Q4); Information Systems and Management (Q4); Strategy and Management (Q4)
1402,21100931880,Uniciencia,journal,22153470,"0,167",Q4,2,24,16,695,6,16,0.38,28.96,Costa Rica,Latin America,Universidad Nacional,2019-2020,"Social Sciences (miscellaneous) (Q3); Agricultural and Biological Sciences (miscellaneous) (Q4); Biochemistry, Genetics and Molecular Biology (miscellaneous) (Q4); Chemistry (miscellaneous) (Q4); Computer Science (miscellaneous) (Q4); Earth and Planetary Sciences (miscellaneous) (Q4); Mathematics (miscellaneous) (Q4); Physics and Astronomy (miscellaneous) (Q4)"
1403,21100904323,EAI Endorsed Transactions on Pervasive Health and Technology,journal,24117145,"0,166",Q4,3,34,36,1251,32,34,0.89,36.79,Belgium,Western Europe,European Alliance for Innovation,2018-2020,Computer Science (miscellaneous) (Q4); Health Informatics (Q4)
1404,21100854223,International Journal of Electronics Letters,journal,"21681732, 21681724","0,165",Q4,9,71,143,1536,120,143,0.92,21.63,United Kingdom,Western Europe,Taylor and Francis Ltd.,2013-2020,"Computer Networks and Communications (Q4); Electrical and Electronic Engineering (Q4); Electronic, Optical and Magnetic Materials (Q4); Instrumentation (Q4)"
1405,21100842159,International Review of Applied Sciences and Engineering,journal,"20620810, 20634269","0,165",Q4,5,36,82,899,48,81,0.62,24.97,Hungary,Eastern Europe,Akademiai Kiado,2017-2020,Engineering (miscellaneous) (Q3); Environmental Engineering (Q4); Information Systems (Q4); Management Science and Operations Research (Q4); Materials Science (miscellaneous) (Q4)
1406,19700186872,International Journal of Cognitive Informatics and Natural Intelligence,journal,"15573958, 15573966","0,164",Q4,24,24,61,740,39,61,0.68,30.83,United States,Northern America,IGI Global Publishing,2007-2020,Artificial Intelligence (Q4); Human-Computer Interaction (Q4); Software (Q4)
1407,21100223332,International Journal of Information System Modeling and Design,journal,"19478186, 19478194","0,164",Q4,16,17,53,660,32,52,0.31,38.82,United States,Northern America,IGI Publishing,2010-2020,Information Systems (Q4); Management of Technology and Innovation (Q4)
1408,21100432483,ITE Transactions on Media Technology and Applications,journal,21867364,"0,164",Q4,12,34,83,744,65,71,0.97,21.88,Japan,Asiatic Region,Institute of Image Information and Television Engineers,2013-2020,Media Technology (Q3); Computer Graphics and Computer-Aided Design (Q4); Signal Processing (Q4)
1409,21100265343,CALL-EJ,journal,21879036,"0,163",Q4,5,30,45,1354,27,44,0.46,45.13,Japan,Asiatic Region,,2013-2020,Language and Linguistics (Q2); Linguistics and Language (Q2); Computer Science Applications (Q4)
1410,16040,Dongbei Daxue Xuebao/Journal of Northeastern University,journal,10053026,"0,163",Q4,20,288,1026,4113,317,1026,0.29,14.28,China,Asiatic Region,Northeastern University,1998-2020,Applied Mathematics (Q4); Computer Science Applications (Q4); Engineering (miscellaneous) (Q4)
1411,21100872796,International Journal of Semantic Computing,journal,"17937108, 1793351X","0,163",Q4,17,23,91,751,76,81,0.82,32.65,Singapore,Asiatic Region,World Scientific Publishing Co. Pte Ltd,2007-2020,Linguistics and Language (Q2); Artificial Intelligence (Q4); Computer Networks and Communications (Q4); Computer Science Applications (Q4); Information Systems (Q4); Software (Q4)
1412,21100411629,Web Intelligence,journal,"24056464, 24056456","0,163",Q4,23,21,75,715,53,71,0.89,34.05,Netherlands,Western Europe,IOS Press,2015-2020,Artificial Intelligence (Q4); Computer Networks and Communications (Q4); Software (Q4)
1413,21100944556,Journal of the Acoustical Society of Korea,journal,"12254428, 22873775","0,162",Q4,2,75,85,1142,9,85,0.11,15.23,South Korea,Asiatic Region,Acoustical Society of Korea,2019-2020,Acoustics and Ultrasonics (Q4); Applied Mathematics (Q4); Instrumentation (Q4); Signal Processing (Q4); Speech and Hearing (Q4)
1414,21100898972,Somatechnics,journal,"20440146, 20440138","0,162",Q4,2,23,37,834,15,28,0.41,36.26,United Kingdom,Western Europe,Edinburgh University Press,2018-2020,Arts and Humanities (miscellaneous) (Q3); Law (Q3); Sociology and Political Science (Q3); Anatomy (Q4); Human-Computer Interaction (Q4); Human Factors and Ergonomics (Q4)
1415,19900191876,Transinformacao,journal,1033786,"0,162",Q4,8,25,86,870,36,85,0.47,34.8,Brazil,Latin America,Pontificia Universidade Catolica de Campinas,2010-2020,Museology (Q2); Communication (Q3); Library and Information Sciences (Q3); Information Systems (Q4)
1416,21100259509,E-Informatica Software Engineering Journal,journal,"18977979, 20844840","0,161",Q4,8,5,25,281,29,25,1.11,56.2,Poland,Eastern Europe,Wroclaw University of Technology,2012-2020,Software (Q4)
1417,16740,Fujitsu Scientific and Technical Journal,journal,162523,"0,161",Q4,21,15,174,132,100,161,0.42,8.8,Japan,Asiatic Region,Fujitsu Ltd,"1968, 1970-2020",Electrical and Electronic Engineering (Q4); Hardware and Architecture (Q4); Human-Computer Interaction (Q4)
1418,21100202935,Ingenierie des Systemes d'Information,journal,"16331311, 21167125","0,161",Q4,8,96,162,2433,232,155,1.75,25.34,France,Western Europe,Lavoisier,2012-2020,Information Systems (Q4)
1419,11900154399,International Journal of Data Warehousing and Mining,journal,"15483924, 15483932","0,161",Q4,23,26,48,847,32,48,0.84,32.58,United States,Northern America,IGI Publishing,2005-2020,Hardware and Architecture (Q4); Software (Q4)
1420,21100925733,International Journal of Public Administration in the Digital Age,journal,"23344539, 23344520","0,161",Q4,2,0,16,0,10,16,0.63,0,United States,Northern America,IGI Global Publishing,2019,Library and Information Sciences (Q3); Computer Science Applications (Q4); Public Administration (Q4)
1421,21100932470,Jordanian Journal of Computers and Information Technology,journal,"24151076, 24139351","0,161",Q4,3,19,20,752,20,20,1,39.58,Jordan,Middle East,Scientific Research Support Fund of Jordan,2019-2020,Computer Science (miscellaneous) (Q4)
1422,11700154336,Journal of Computer Science,journal,15493636,"0,161",Q4,28,155,342,4748,248,342,0.67,30.63,United States,Northern America,Science Publications,2008-2020,Artificial Intelligence (Q4); Computer Networks and Communications (Q4); Software (Q4)
1423,87936,Moshi Shibie yu Rengong Zhineng/Pattern Recognition and Artificial Intelligence,journal,10036059,"0,161",Q4,22,112,352,3424,281,352,0.79,30.57,China,Asiatic Region,,2001-2020,Artificial Intelligence (Q4); Computer Vision and Pattern Recognition (Q4); Software (Q4)
1424,145041,Informatik-Spektrum,journal,1706012,"0,160",Q4,18,83,177,989,87,130,0.4,11.92,Germany,Western Europe,Springer Verlag,"1985, 1987, 1999, 2005-2020",Computer Science Applications (Q4); Information Systems (Q4)
1425,21100241217,International Journal of Information Technologies and Systems Approach,journal,"19355718, 1935570X","0,160",Q4,11,8,30,325,21,30,0.65,40.63,United States,Northern America,IGI Global Publishing,2008-2020,Computer Science (miscellaneous) (Q4)
1426,25495,Journal Europeen des Systemes Automatises,journal,12696935,"0,160",Q4,20,107,139,2693,102,138,0.87,25.17,France,Western Europe,Lavoisier,"1996-2014, 2016-2020",Industrial and Manufacturing Engineering (Q3); Computer Science Applications (Q4); Control and Systems Engineering (Q4); Electrical and Electronic Engineering (Q4)
1427,21100207605,International Journal of Agricultural and Environmental Information Systems,journal,"19473206, 19473192","0,159",Q4,14,19,55,593,42,55,0.91,31.21,United States,Northern America,IGI Global Publishing,2010-2020,Information Systems (Q4)
1428,21100836264,International Journal of Computer Networks and Communications,journal,"09752293, 09749322","0,159",Q4,8,43,136,1245,97,136,0.77,28.95,India,Asiatic Region,Academy and Industry Research Collaboration Center (AIRCC),2016-2020,Computer Networks and Communications (Q4); Hardware and Architecture (Q4)
1429,21100268400,International Journal for Technology in Mathematics Education,journal,"17442710, 20452519","0,158",Q4,8,0,46,0,26,37,0.53,0,United Kingdom,Western Europe,"Centre for Teaching Mathematics, University of Plymouth",2012-2018,Computational Theory and Mathematics (Q4); Computer Science Applications (Q4); Education (Q4)
1430,20400195003,International Journal of Advanced Intelligence Paradigms,journal,"17550386, 17550394","0,158",Q4,12,80,167,2095,116,162,0.63,26.19,United Kingdom,Western Europe,Inderscience Enterprises Ltd,"2008-2014, 2018",Applied Mathematics (Q4); Computer Science (miscellaneous) (Q4); Engineering (miscellaneous) (Q4)
1431,21100858129,International Journal of Applied Metaheuristic Computing,journal,"19478283, 19478291","0,158",Q4,4,15,44,515,37,44,0.84,34.33,United States,Northern America,IGI Global Publishing,"2016, 2018-2020",Computational Mathematics (Q4); Computational Theory and Mathematics (Q4); Computer Science Applications (Q4); Control and Optimization (Q4); Decision Sciences (miscellaneous) (Q4); Modeling and Simulation (Q4); Statistics and Probability (Q4)
1432,20400195011,International Journal of Autonomous and Adaptive Communications Systems,journal,"17548640, 17548632","0,158",Q4,13,28,61,688,37,61,0.54,24.57,United Kingdom,Western Europe,Inderscience Enterprises Ltd,2008-2014,Computer Science (miscellaneous) (Q4); Electrical and Electronic Engineering (Q4)
1433,21100820619,Periodica polytechnica Electrical engineering and computer science,journal,"20645279, 20645260","0,158",Q4,13,43,93,1195,91,90,1.07,27.79,Hungary,Eastern Europe,Budapest University of Technology and Economics,2012-2020,Computer Networks and Communications (Q4); Computer Science Applications (Q4); Electrical and Electronic Engineering (Q4); Information Systems (Q4); Signal Processing (Q4); Software (Q4)
1434,11700154713,Perspectivas em Ciencia da Informacao,journal,"19815344, 14139936","0,158",Q4,9,42,156,1443,35,154,0.11,34.36,Brazil,Latin America,Escola de Ciencia da Informacao da UFMG,2008-2020,Museology (Q2); Communication (Q3); Library and Information Sciences (Q3); Information Systems (Q4)
1435,14500154739,Journal of Computational Methods in Sciences and Engineering,journal,14727978,"0,157",Q4,17,107,304,2294,113,300,0.34,21.44,Netherlands,Western Europe,IOS Press,2001-2020,Computational Mathematics (Q4); Computer Science Applications (Q4); Engineering (miscellaneous) (Q4)
1436,101377,Journal of Imaging Science and Technology,journal,"19433522, 10623701","0,157",Q4,42,63,173,1738,85,155,0.5,27.59,United States,Northern America,Society for Imaging Science and Technology,1993-2020,"Atomic and Molecular Physics, and Optics (Q4); Chemistry (miscellaneous) (Q4); Computer Science Applications (Q4); Electronic, Optical and Magnetic Materials (Q4)"
1437,22782,Reliable Computing,journal,"13853139, 15731340","0,157",Q4,33,0,22,0,7,22,0,0,Netherlands,Western Europe,Springer Netherlands,"1995-2008, 2010-2018",Applied Mathematics (Q4); Computational Mathematics (Q4); Software (Q4)
1438,22382,Huazhong Keji Daxue Xuebao (Ziran Kexue Ban)/Journal of Huazhong University of Science and Technology (Natural Science Edition),journal,16714512,"0,156",Q4,16,264,833,4296,355,833,0.41,16.27,China,Asiatic Region,Huazhong University of Science and Technology,2002-2020,Computer Science (miscellaneous) (Q4)
1439,20000195053,"International Journal of Circuits, Systems and Signal Processing",journal,19984464,"0,156",Q4,13,146,270,3478,146,270,0.64,23.82,United States,Northern America,North Atlantic University Union NAUN,2011-2020,Electrical and Electronic Engineering (Q4); Signal Processing (Q4)
1440,21100198230,International Journal of Intelligent Systems Technologies and Applications,journal,"17408865, 17408873","0,156",Q4,17,34,84,1037,60,83,0.78,30.5,Switzerland,Western Europe,Inderscience Publishers,"2005-2009, 2011-2014, 2020",Computer Science (miscellaneous) (Q4)
1441,27358,New Review of Information Networking,journal,"13614576, 17407869","0,156",Q4,14,4,24,131,22,23,0.63,32.75,United Kingdom,Western Europe,Taylor and Francis Ltd.,"1995-2008, 2010-2020",Computer Networks and Communications (Q4); Education (Q4); Human-Computer Interaction (Q4); Information Systems (Q4)
1442,21100837465,Pakistan Journal of Engineering and Applied Sciences,journal,"19951302, 24150584","0,156",Q4,3,10,28,251,14,28,0.5,25.1,Pakistan,Asiatic Region,"University of Engineering and Technology, Lahore",2017-2020,Chemical Engineering (miscellaneous) (Q4); Computer Science (miscellaneous) (Q4); Engineering (miscellaneous) (Q4); Environmental Engineering (Q4); Materials Science (miscellaneous) (Q4); Mathematics (miscellaneous) (Q4); Water Science and Technology (Q4)
1443,21100833036,Texto Livre,journal,19833652,"0,156",Q4,4,49,126,1687,44,114,0.44,34.43,Brazil,Latin America,Universidade Federal de Minas Gerais,2017-2020,Language and Linguistics (Q2); Linguistics and Language (Q2); Communication (Q3); Computer Science Applications (Q4); Education (Q4)
1444,21100824863,Electronic Communications of the EASST,journal,18632122,"0,155",Q4,21,0,29,0,14,27,0.54,0,Germany,Western Europe,,2006-2019,Computational Theory and Mathematics (Q4); Software (Q4)
1445,27686,Xi'an Dianzi Keji Daxue Xuebao/Journal of Xidian University,journal,10012400,"0,155",Q4,17,117,518,2035,204,518,0.42,17.39,China,Asiatic Region,Science Press,2001-2020,Computer Science Applications (Q4); Electrical and Electronic Engineering (Q4)
1446,19600157016,Annales Mathematicae et Informaticae,journal,"17875021, 17876117","0,154",Q4,14,33,59,560,19,59,0.38,16.97,Hungary,Eastern Europe,Eszterhazy Karoly College,1997-2020,Computer Science (miscellaneous) (Q4); Mathematics (miscellaneous) (Q4)
1447,19700186854,International Journal of Web Portals,journal,"19380208, 19380194","0,154",Q4,8,10,27,372,35,27,1.68,37.2,United States,Northern America,IGI Global Publishing,2009-2020,Computer Science Applications (Q4)
1448,12100154817,International Journal of Wireless and Mobile Computing,journal,"17411092, 17411084","0,154",Q4,18,89,262,2109,122,262,0.5,23.7,United Kingdom,Western Europe,Inderscience Enterprises Ltd,"2006-2014, 2020",Computer Science (miscellaneous) (Q4); Electrical and Electronic Engineering (Q4)
1449,21100211768,International Journal of Computational Vision and Robotics,journal,"1752914X, 17529131","0,153",Q4,11,35,118,1046,79,113,0.63,29.89,United Kingdom,Western Europe,Inderscience Enterprises Ltd.,"2012-2014, 2017, 2020",Computer Science Applications (Q4); Computer Vision and Pattern Recognition (Q4)
1450,21100220382,International Journal of Computer Aided Engineering and Technology,journal,"17572665, 17572657","0,153",Q4,12,61,138,1460,60,135,0.48,23.93,Switzerland,Western Europe,Inderscience Publishers,"2010-2014, 2020",Computer Science Applications (Q4); Engineering (miscellaneous) (Q4); Software (Q4)
1451,19400156805,International Journal of Information and Computer Security,journal,"17441765, 17441773","0,153",Q4,14,48,77,1544,61,75,0.84,32.17,United Kingdom,Western Europe,Inderscience Enterprises Ltd.,"2007-2014, 2020","Computer Networks and Communications (Q4); Hardware and Architecture (Q4); Safety, Risk, Reliability and Quality (Q4); Software (Q4)"
1452,11900154401,International Journal of Technology and Human Interaction,journal,"15483916, 15483908","0,153",Q4,19,24,68,1137,47,68,0.59,47.38,United States,Northern America,IGI Publishing,2005-2020,Human-Computer Interaction (Q4); Information Systems (Q4)
1453,19700182903,Journal of Theoretical and Applied Information Technology,journal,"18173195, 19928645","0,153",Q4,29,416,1811,15247,1148,1811,0.6,36.65,Pakistan,Asiatic Region,Little Lion Scientific,"2005, 2008-2020",Computer Science (miscellaneous) (Q4); Theoretical Computer Science (Q4)
1454,21100942928,"Revista de Internet, Derecho y Politica",journal,16998154,"0,153",Q4,2,24,27,588,9,22,0.33,24.5,Spain,Western Europe,Universitat Oberta de Catalunya,2019-2020,Law (Q3); Sociology and Political Science (Q3); Computer Science (miscellaneous) (Q4)
1455,21100972600,Technology Innovation Management Review,journal,19270321,"0,153",Q4,2,71,9,2892,9,7,1,40.73,Canada,Northern America,Carleton University,2019-2020,Computer Science Applications (Q4); Management of Technology and Innovation (Q4)
1456,21100855995,International Journal of Cloud Computing,journal,"20439997, 20439989","0,152",Q4,4,27,61,588,28,59,0.43,21.78,United Kingdom,Western Europe,Inderscience Enterprises Ltd.,2017-2020,Computer Networks and Communications (Q4); Computer Science Applications (Q4); Computer Science (miscellaneous) (Q4); Software (Q4)
1457,21100890383,International Journal of Computing and Digital Systems,journal,2210142X,"0,152",Q4,6,99,105,3029,85,105,0.81,30.6,Bahrain,Middle East,University of Bahrain,2018-2020,Artificial Intelligence (Q4); Computer Graphics and Computer-Aided Design (Q4); Computer Networks and Communications (Q4); Human-Computer Interaction (Q4); Information Systems (Q4); Management of Technology and Innovation (Q4)
1458,21100242605,International Journal of Pervasive Computing and Communications,journal,"1742738X, 17427371","0,152",Q4,15,62,47,2050,51,47,1.32,33.06,United Kingdom,Western Europe,Emerald Group Publishing Ltd.,"2005, 2007-2020",Computer Science (miscellaneous) (Q4); Theoretical Computer Science (Q4)
1459,6400153175,International Journal of Services Operations and Informatics,journal,"1741539X, 17415403","0,152",Q4,13,10,40,355,29,40,0.76,35.5,United Kingdom,Western Europe,Inderscience Enterprises Ltd.,2006-2013,Computer Science Applications (Q4); Information Systems (Q4); Management Information Systems (Q4); Management Science and Operations Research (Q4)
1460,23031,Iraqi Journal of Science,journal,672904,"0,152",Q4,4,389,321,8746,139,321,0.43,22.48,Iraq,Middle East,University of Baghdad,"1979-1986, 2018-2020","Biochemistry, Genetics and Molecular Biology (miscellaneous) (Q4); Biotechnology (Q4); Chemistry (miscellaneous) (Q4); Computer Science (miscellaneous) (Q4); Geology (Q4)"
1461,21100786316,Bio-Algorithms and Med-Systems,journal,"1896530X, 18959091","0,151",Q4,8,29,68,942,39,68,0.62,32.48,Germany,Western Europe,Walter de Gruyter,2012-2020,"Biochemistry, Genetics and Molecular Biology (miscellaneous) (Q4); Computer Science (miscellaneous) (Q4); Health Informatics (Q4); Medicine (miscellaneous) (Q4)"
1462,14115,Canadian Journal of Information and Library Science,journal,1195096X,"0,151",Q4,18,5,34,305,11,32,0.15,61,Canada,Northern America,University of Toronto Press,1993-2019,Library and Information Sciences (Q3); Information Systems (Q4)
1463,21100199341,"International Journal of Data Mining, Modelling and Management",journal,"17591163, 17591171","0,151",Q4,14,19,53,848,34,52,0.57,44.63,Switzerland,Western Europe,Inderscience Publishers,2008-2014,Computer Science Applications (Q4); Management Information Systems (Q4); Modeling and Simulation (Q4)
1464,21100227425,International Journal of E-Health and Medical Communications,journal,"19473168, 1947315X","0,151",Q4,12,24,62,861,57,62,0.86,35.88,United States,Northern America,IGI Global Publishing,2010-2020,Computer Science Applications (Q4); Health Informatics (Q4)
1465,21100223145,"Journal of Music, Technology and Education",journal,"17527074, 17527066","0,151",Q4,11,6,52,175,17,45,0.29,29.17,United Kingdom,Western Europe,Intellect Ltd.,2012-2019,Music (Q2); Computer Science Applications (Q4); Education (Q4)
1466,21100229111,Journal of Telecommunications and Information Technology,journal,"15094553, 18998852","0,151",Q4,12,46,153,1447,104,141,0.79,31.46,Poland,Eastern Europe,National Institute of Telecommunications,2012-2020,Computer Networks and Communications (Q4); Electrical and Electronic Engineering (Q4)
1467,18400156714,Journal of Web Engineering,journal,15409589,"0,151",Q4,13,45,76,1399,48,72,0.74,31.09,United States,Northern America,River Publishers,2008-2019,Computer Networks and Communications (Q4); Information Systems (Q4); Software (Q4)
1468,21100198475,Electronic Letters on Computer Vision and Image Analysis,journal,15775097,"0,150",Q4,11,17,31,456,31,31,1.2,26.82,Spain,Western Europe,Centre de Visio per Computador,2011-2020,Computer Vision and Pattern Recognition (Q4); Software (Q4)
1469,21100201505,International Journal of Advances in Soft Computing and its Applications,journal,20748523,"0,150",Q4,18,15,97,311,76,97,0.79,20.73,Jordan,Middle East,,2009-2020,Computer Science Applications (Q4)
1470,19700186848,International Journal of Grid and High Performance Computing,journal,"19380259, 19380267","0,150",Q4,12,18,65,545,34,65,0.55,30.28,United States,Northern America,IGI Global Publishing,2009-2020,Computer Networks and Communications (Q4)
1471,25574,Jisuanji Fuzhu Sheji Yu Tuxingxue Xuebao/Journal of Computer-Aided Design and Computer Graphics,journal,10039775,"0,150",Q4,26,213,770,5836,391,770,0.55,27.4,China,Asiatic Region,Institute of Computing Technology,2001-2020,Computer Graphics and Computer-Aided Design (Q4); Software (Q4)
1472,21100262198,Journal of Formalized Reasoning,journal,19725787,"0,150",Q4,8,1,9,23,10,9,1.67,23,Italy,Western Europe,Alma Mater Studiorum  (Bologna),2013-2019,Computer Science (miscellaneous) (Q4); Mathematics (miscellaneous) (Q4)
1473,21100899617,Canadian Journal of Learning and Technology,journal,14996685,"0,149",Q4,2,14,30,538,12,29,0.4,38.43,Canada,Northern America,Canadian Network for Innovation in Education,2018-2020,Computer Science Applications (Q4); Education (Q4); Management of Technology and Innovation (Q4)
1474,24162,Computing and Informatics,journal,13359150,"0,149",Q4,28,26,181,807,102,181,0.4,31.04,Slovakia,Eastern Europe,Slovak Academy of Sciences,2000-2020,Computational Theory and Mathematics (Q4); Computer Networks and Communications (Q4); Hardware and Architecture (Q4); Software (Q4)
1475,24258,Inteligencia Artificial,journal,11373601,"0,149",Q4,12,20,47,630,31,46,0.85,31.5,Spain,Western Europe,Asociacion Espanola de Inteligencia Artificial,"2004-2010, 2012-2020",Artificial Intelligence (Q4); Software (Q4)
1476,21100440516,International Journal of Computer Information Systems and Industrial Management Applications,journal,21507988,"0,149",Q4,6,36,80,1408,70,80,0.33,39.11,United States,Northern America,,2015-2020,Artificial Intelligence (Q4); Computer Vision and Pattern Recognition (Q4); Information Systems (Q4); Management Information Systems (Q4); Signal Processing (Q4); Strategy and Management (Q4)
1477,5800179618,International Journal of Internet Protocol Technology,journal,"17438209, 17438217","0,149",Q4,15,29,79,531,46,77,0.53,18.31,United Kingdom,Western Europe,Inderscience Enterprises Ltd,"2006-2014, 2020",Computer Networks and Communications (Q4)
1478,19700201512,IPSJ Transactions on System LSI Design Methodology,journal,18826687,"0,149",Q4,12,10,21,170,14,19,0.5,17,Japan,Asiatic Region,Information Processing Society of Japan,2008-2020,Computer Science Applications (Q4); Electrical and Electronic Engineering (Q4)
1479,21100195304,Procesamiento de Lenguaje Natural,journal,"19897553, 11355948","0,149",Q4,14,39,104,630,49,104,0.56,16.15,Spain,Western Europe,Sociedad Espanola para el Procesamiento del Lenguaje Natural,2011-2020,Language and Linguistics (Q2); Linguistics and Language (Q3); Computer Science Applications (Q4)
1480,4700152722,Technical Services Quarterly,journal,7317131,"0,149",Q4,17,66,179,546,31,168,0.2,8.27,United States,Northern America,Routledge,1984-2020,Library and Information Sciences (Q3); Computer Science Applications (Q4)
1481,21100241782,Ibersid,journal,"2174081X, 18880967","0,148",Q4,3,8,47,252,10,47,0.31,31.5,Spain,Western Europe,Universidad de Zaragoza,2012-2019,Communication (Q3); Library and Information Sciences (Q3); Computer Networks and Communications (Q4); Information Systems (Q4)
1482,21100327713,International Journal of Automation and Smart Technology,journal,22239766,"0,148",Q4,10,10,65,289,38,64,0.51,28.9,Taiwan,Asiatic Region,Chinese Institute of Automation Engineers (CIAE),2011-2020,Artificial Intelligence (Q4); Control and Systems Engineering (Q4); Electrical and Electronic Engineering (Q4); Hardware and Architecture (Q4); Human-Computer Interaction (Q4); Signal Processing (Q4)
1483,21100872775,International Journal of Vehicle Performance,journal,"17453194, 17453208","0,148",Q4,6,19,65,985,41,60,0.88,51.84,United Kingdom,Western Europe,Inderscience Enterprises Ltd.,2013-2020,"Automotive Engineering (Q4); Computer Science Applications (Q4); Fuel Technology (Q4); Mechanical Engineering (Q4); Mechanics of Materials (Q4); Modeling and Simulation (Q4); Safety, Risk, Reliability and Quality (Q4)"
1484,21100204931,Sistemi Intelligenti,journal,"11209550, 19738226","0,148",Q4,7,15,77,625,15,70,0.29,41.67,Italy,Western Europe,Il Mulino publishing house,1997-2020,Language and Linguistics (Q2); Linguistics and Language (Q3); Artificial Intelligence (Q4); Cognitive Neuroscience (Q4); Experimental and Cognitive Psychology (Q4)
1485,20300195016,"Transactions on Electrical Engineering, Electronics, and Communications",journal,16859545,"0,148",Q4,7,20,49,432,46,48,1.03,21.6,Thailand,Asiatic Region,"Electrical Engineering/Electronics, Computer, Communications and Information Technology Association (ECTI)",2011-2020,Computer Networks and Communications (Q4); Electrical and Electronic Engineering (Q4)
1486,21100364441,gis.Science - Die Zeitschrift fur Geoinformatik,journal,18699391,"0,147",Q4,3,26,63,501,11,42,0.21,19.27,Germany,Western Europe,Wichmann Verlag,2012-2020,"Geography, Planning and Development (Q4); Information Systems (Q4)"
1487,17800156773,International Journal of Innovative Computing and Applications,journal,"17516498, 1751648X","0,147",Q4,15,25,70,499,29,67,0.41,19.96,United Kingdom,Western Europe,Inderscience Enterprises Ltd.,2007-2014,Hardware and Architecture (Q4); Software (Q4); Theoretical Computer Science (Q4)
1488,21100913338,International Journal on Technical and Physical Problems of Engineering,journal,20773528,"0,147",Q4,2,64,38,945,15,38,0.39,14.77,Romania,Eastern Europe,,2019-2020,Computer Science (miscellaneous) (Q4); Energy (miscellaneous) (Q4); Engineering (miscellaneous) (Q4)
1489,21100871307,Open Computer Science,journal,22991093,"0,147",Q4,13,39,49,1803,47,49,1.05,46.23,Germany,Western Europe,Walter de Gruyter GmbH,2011-2020,Computer Science (miscellaneous) (Q4)
1490,21100935898,Computer Science Journal of Moldova,journal,15614042,"0,146",Q4,2,6,17,104,13,17,0.76,17.33,Moldova,Eastern Europe,Institute of Mathematics and Computer Science of Moldova,2019,Artificial Intelligence (Q4); Computational Mathematics (Q4); Computational Theory and Mathematics (Q4); Computer Networks and Communications (Q4); Computer Science Applications (Q4); Control and Optimization (Q4); Modeling and Simulation (Q4); Software (Q4)
1491,21100242251,International Journal of Critical Computer-Based Systems,journal,"17578779, 17578787","0,146",Q4,10,3,47,167,21,46,0.59,55.67,Switzerland,Western Europe,Inderscience Publishers,2010-2014,Computer Science (miscellaneous) (Q4)
1492,19700202714,Journal of Information and Organizational Sciences,journal,"18463312, 18469418","0,146",Q4,13,17,47,583,41,41,0.93,34.29,Croatia,Eastern Europe,University of Zagreb,2006-2020,Library and Information Sciences (Q3); Computer Science Applications (Q4); Information Systems (Q4)
1493,24847,Revue d'Intelligence Artificielle,journal,0992499X,"0,146",Q4,14,89,133,2520,126,125,1.16,28.31,France,Western Europe,Lavoisier,1995-2020,Artificial Intelligence (Q4); Software (Q4)
1494,4700152467,Shenzhen Daxue Xuebao (Ligong Ban)/Journal of Shenzhen University Science and Engineering,journal,10002618,"0,146",Q4,10,126,268,2222,65,268,0.23,17.63,China,Asiatic Region,Editorial Office of Journal of Shenzhen University,2006-2020,Computer Science (miscellaneous) (Q4); Engineering (miscellaneous) (Q4)
1495,21100202746,TAL Traitement Automatique des Langues,journal,"12489433, 19650906","0,146",Q4,8,0,38,0,23,35,0.55,0,France,Western Europe,Association pour le Traitement Automatique des Langues (ATALA),2011-2019,Language and Linguistics (Q3); Linguistics and Language (Q3); Computer Science Applications (Q4)
1496,21100826268,Computer Science,journal,"23007036, 15082806","0,145",Q4,5,23,72,892,64,72,0.81,38.78,Poland,Eastern Europe,AGH University of Science and Technology,2017-2020,Artificial Intelligence (Q4); Computational Theory and Mathematics (Q4); Computer Graphics and Computer-Aided Design (Q4); Computer Networks and Communications (Q4); Computer Science (miscellaneous) (Q4); Computer Vision and Pattern Recognition (Q4); Modeling and Simulation (Q4)
1497,21100773724,EAI Endorsed Transactions on Energy Web,journal,2032944X,"0,145",Q4,6,63,119,1765,83,118,0.71,28.02,Belgium,Western Europe,European Alliance for Innovation,2013-2020,"Control and Systems Engineering (Q4); Energy Engineering and Power Technology (Q4); Information Systems (Q4); Marketing (Q4); Renewable Energy, Sustainability and the Environment (Q4)"
1498,4000151614,Eurasip Journal on Embedded Systems,journal,"16873955, 16873963","0,145",Q4,26,0,52,0,46,51,1.4,0,United States,Northern America,Springer Publishing Company,2006-2019,Computer Science (miscellaneous) (Q4); Control and Systems Engineering (Q4)
1499,130090,Journal of Electronic Commerce in Organizations,journal,15392937,"0,145",Q4,22,16,70,1247,44,70,0.71,77.94,United States,Northern America,IGI Publishing,2005-2020,Computer Networks and Communications (Q4); Computer Science Applications (Q4); Marketing (Q4); Strategy and Management (Q4)
1500,21100268428,Journal of ICT Research and Applications,journal,23375787,"0,145",Q4,11,12,54,348,55,54,0.86,29,Indonesia,Asiatic Region,Institut Teknologi Bandung (ITB),2013-2020,Computer Science (miscellaneous) (Q4); Electrical and Electronic Engineering (Q4); Information Systems and Management (Q4)
1501,19900191975,Journal of Uncertain Systems,journal,"17528917, 17528909","0,145",Q4,18,0,88,0,44,87,0.32,0,United Kingdom,Western Europe,World Academic Union,2011-2019,Artificial Intelligence (Q4); Computer Vision and Pattern Recognition (Q4); Control and Optimization (Q4)
1502,21100940509,Geomatics and Environmental Engineering,journal,"23007095, 18981135","0,144",Q4,3,26,28,717,15,28,0.54,27.58,Poland,Eastern Europe,AGH University of Science and Technology Press,2019-2020,"Computer Science (miscellaneous) (Q4); Computers in Earth Sciences (Q4); Earth-Surface Processes (Q4); Environmental Engineering (Q4); Geography, Planning and Development (Q4)"
1503,21100900144,Journal of Graphic Engineering and Design,journal,"2217379X, 22179860","0,144",Q4,2,10,20,191,17,20,0.85,19.1,Serbia,Eastern Europe,"University of Novi Sad - Faculty of Technical Sciences, Department of Graphic Engineering and Design",2018-2020,Computational Mechanics (Q4); Computer Graphics and Computer-Aided Design (Q4)
1504,13024,Acta Cybernetica,journal,0324721X,"0,143",Q4,18,22,66,628,24,64,0.38,28.55,Hungary,Eastern Europe,"University of Szeged, Institute of Informatics",1990-2020,Computational Theory and Mathematics (Q4); Computer Science (miscellaneous) (Q4); Computer Vision and Pattern Recognition (Q4); Electrical and Electronic Engineering (Q4); Information Systems and Management (Q4); Management Science and Operations Research (Q4); Software (Q4); Theoretical Computer Science (Q4)
1505,17700155307,Chongqing Daxue Xuebao/Journal of Chongqing University,journal,1000582X,"0,142",Q4,16,146,407,3048,122,407,0.29,20.88,China,Asiatic Region,Editorial Board of Journal of Chongqing University,2009-2020,Civil and Structural Engineering (Q4); Computer Science (miscellaneous) (Q4); Electrical and Electronic Engineering (Q4); Materials Science (miscellaneous) (Q4)
1506,21100867370,International Journal of eBusiness and eGovernment Studies,journal,21460744,"0,142",Q4,2,11,29,438,13,29,0.45,39.82,Turkey,Middle East,Social Sciences Research Society,2018-2020,Business and International Management (Q4); Computer Science Applications (Q4); Management Information Systems (Q4); Management of Technology and Innovation (Q4)
1507,21100423723,International Journal of Electronic Business,journal,"14706067, 17415063","0,142",Q4,8,6,34,392,39,34,1.35,65.33,Switzerland,Western Europe,Inderscience Publishers,"2009, 2014-2019","Business, Management and Accounting (miscellaneous) (Q4); Computer Science Applications (Q4)"
1508,21100817136,"International Journal of Sensors, Wireless Communications and Control",journal,"22103287, 22103279","0,142",Q4,6,98,95,2831,49,87,0.53,28.89,Netherlands,Western Europe,Bentham Science Publishers B.V.,2016-2020,Computer Networks and Communications (Q4); Computer Science Applications (Q4); Control and Optimization (Q4); Electrical and Electronic Engineering (Q4)
1509,21100935773,Journal of Cryptologic Research,journal,20957025,"0,142",Q4,9,33,186,1118,68,175,0.37,33.88,China,Asiatic Region,Chinese Association for Cryptologic Research,2019,Applied Mathematics (Q4); Computational Mathematics (Q4); Computer Science Applications (Q4); Electrical and Electronic Engineering (Q4); Software (Q4)
1510,21100197714,RISTI - Revista Iberica de Sistemas e Tecnologias de Informacao,journal,16469895,"0,142",Q4,14,685,600,15961,266,567,0.42,23.3,Portugal,Western Europe,Associacao Iberica de Sistemas e Tecnologias de Informacao (AISTI),2011-2020,Computer Science (miscellaneous) (Q4)
1511,21100897266,Bibliothecae.it,journal,"22807934, 22839364","0,141",Q4,1,14,44,493,3,41,0.07,35.21,Italy,Western Europe,"Universita di Bologna, Dipartimento di Beni Culturali, Alma Mater Studiorum",2018-2019,History (Q2); Information Systems (Q4); Library and Information Sciences (Q4)
1512,21100827423,IIUM Engineering Journal,journal,"1511788X, 22897860","0,141",Q4,6,44,119,983,75,119,0.69,22.34,Malaysia,Asiatic Region,International Islamic University Malaysia,2016-2020,Applied Mathematics (Q4); Chemical Engineering (miscellaneous) (Q4); Computer Science (miscellaneous) (Q4); Engineering (miscellaneous) (Q4)
1513,21100855883,International Journal of Electrical and Computer Engineering Systems,journal,"18477003, 18476996","0,141",Q4,4,11,29,325,24,29,0.68,29.55,Croatia,Eastern Europe,"J.J. Strossmayer University of Osijek, Faculty of Electrical Engineering, Computer Science and Information Technology",2016-2020,Computer Networks and Communications (Q4); Electrical and Electronic Engineering (Q4); Hardware and Architecture (Q4)
1514,16800154719,International Journal of Security and Networks,journal,"17478413, 17478405","0,141",Q4,25,25,65,666,30,65,0.45,26.64,United Kingdom,Western Europe,Inderscience Enterprises Ltd,2006-2014,"Computer Networks and Communications (Q4); Electrical and Electronic Engineering (Q4); Safety, Risk, Reliability and Quality (Q4)"
1515,21100981170,Digital Studies/ Le Champ Numerique,journal,19183666,"0,140",Q4,2,17,21,603,13,21,0.62,35.47,United Kingdom,Western Europe,Open Library of Humanities,2019-2020,Arts and Humanities (miscellaneous) (Q3); Social Sciences (miscellaneous) (Q3); Computer Science Applications (Q4)
1516,21100913891,Indian Journal of Computer Science and Engineering,journal,"09765166, 22313850","0,140",Q4,2,104,16,2356,3,16,0.19,22.65,India,Asiatic Region,Engg Journals Publications,2019-2020,Computational Mechanics (Q4); Computer Science (miscellaneous) (Q4); Engineering (miscellaneous) (Q4)
1517,19700186842,International Journal of Open Source Software and Processes,journal,"19423934, 19423926","0,140",Q4,8,11,40,576,33,40,0.88,52.36,United States,Northern America,IGI Global Publishing,"2009-2012, 2014-2019",Software (Q4)
1518,21100201512,International Journal of Decision Support System Technology,journal,"19416296, 1941630X","0,139",Q4,11,16,52,519,31,52,0.44,32.44,United States,Northern America,IGI Global Publishing,2009-2020,Computer Science (miscellaneous) (Q4); Modeling and Simulation (Q4)
1519,11700154352,Journal of the Institute of Telecommunications Professionals,journal,17559278,"0,139",Q4,12,36,108,124,5,72,0.05,3.44,United Kingdom,Western Europe,Institute of Telecommunications Professionals,2007-2019,Computer Networks and Communications (Q4); Electrical and Electronic Engineering (Q4)
1520,21100979315,Recent Advances in Computer Science and Communications,journal,"26662558, 26662566","0,139",Q4,12,147,113,4383,67,104,0.76,29.82,Netherlands,Western Europe,Bentham Science Publishers B.V.,2020,Computer Science (miscellaneous) (Q4)
1521,21100921050,International Journal of Information and Education Technology,journal,20103689,"0,137",Q4,3,155,166,3930,69,166,0.42,25.35,Singapore,Asiatic Region,,2019-2020,Computer Science Applications (Q4); Education (Q4)
1522,21100454976,"Journal of Automation, Mobile Robotics and Intelligent Systems",journal,"20802145, 18978649","0,137",Q4,8,47,111,1317,70,106,0.54,28.02,Poland,Eastern Europe,Industrial Research Institute for Automation and Measurements,2015-2020,Artificial Intelligence (Q4); Control and Systems Engineering (Q4); Signal Processing (Q4)
1523,21100815385,Archeologia e Calcolatori,journal,"23851953, 11206861","0,136",Q4,5,4,139,62,25,136,0.16,15.5,Italy,Western Europe,Consiglio Nazionale delle Ricerche,2016-2019,Archeology (Q3); Archeology (arts and humanities) (Q3); Computer Science Applications (Q4)
1524,18388,Computers in Education Journal,journal,10693769,"0,136",Q4,13,6,51,140,16,50,0.2,23.33,United States,Northern America,American Society for Engineering Education,1994-2020,Computer Science (miscellaneous) (Q4); Education (Q4)
1525,21100294000,Information and Control,journal,10020411,"0,136",Q4,9,0,151,0,76,151,0.31,0,China,Asiatic Region,Science Press,2013-2018,Artificial Intelligence (Q4); Computer Science Applications (Q4); Control and Optimization (Q4); Control and Systems Engineering (Q4); Human-Computer Interaction (Q4); Information Systems (Q4)
1526,17700155710,International Journal of Computational Materials Science and Surface Engineering,journal,"17533465, 17533473","0,136",Q4,11,19,41,569,14,39,0.33,29.95,United Kingdom,Western Europe,Inderscience Enterprises Ltd.,"2007, 2009-2014",Computer Science Applications (Q4); Engineering (miscellaneous) (Q4); Materials Science (miscellaneous) (Q4); Modeling and Simulation (Q4)
1527,27275,Journal of High Speed Networks,journal,"09266801, 18758940","0,136",Q4,21,23,71,769,61,71,0.87,33.43,Netherlands,Western Europe,IOS Press,"1992-2008, 2010-2020",Computer Networks and Communications (Q4); Hardware and Architecture (Q4); Information Systems (Q4)
1528,21100932721,ASEAN Engineering Journal,journal,25869159,"0,135",Q4,3,20,30,394,27,30,0.53,19.7,Thailand,Asiatic Region,ASEAN University Network/Southeast Asia Engineering Education Development Network,2017-2020,Chemical Engineering (miscellaneous) (Q4); Computer Science Applications (Q4); Energy Engineering and Power Technology (Q4); Engineering (miscellaneous) (Q4); Environmental Engineering (Q4); Geotechnical Engineering and Engineering Geology (Q4)
1529,21100939681,eJournal of eDemocracy and Open Government,journal,20759517,"0,135",Q4,1,13,15,625,4,13,0.27,48.08,Austria,Western Europe,Department for E-Governance and Administration,2019-2020,Computer Science Applications (Q4); Sociology and Political Science (Q4)
1530,21100200659,International Journal of Virtual and Personal Learning Environments,journal,"19478526, 19478518","0,135",Q4,10,10,22,365,19,22,1,36.5,United States,Northern America,IGI Global Publishing,2010-2020,Computer Science Applications (Q4); Education (Q4); E-learning (Q4)
1531,21100236814,Ubiquitous Learning,journal,18359795,"0,135",Q4,10,6,39,221,11,39,0.2,36.83,United States,Northern America,Common Ground Research Networks,2009-2020,Computer Science (miscellaneous) (Q4); Education (Q4); E-learning (Q4)
1532,56074,Human IT,journal,14021501,"0,134",Q4,10,0,15,0,2,14,0.17,0,Sweden,Western Europe,Hoegskolan i Boraas,"1997-2002, 2004-2010, 2012, 2014-2019",E-learning (Q4); Human-Computer Interaction (Q4); Information Systems (Q4)
1533,12100156732,International Journal of Business Data Communications and Networking,journal,"15480631, 1548064X","0,133",Q4,12,10,39,467,21,39,0.57,46.7,United States,Northern America,IGI Publishing,2005-2020,Computer Networks and Communications (Q4); Management Information Systems (Q4)
1534,17700156776,International Journal of Information and Communication Technology,journal,"14666642, 17418070","0,133",Q4,11,52,191,1088,69,189,0.34,20.92,United Kingdom,Western Europe,Inderscience Enterprises Ltd.,"2007-2014, 2020",Computer Networks and Communications (Q4); Computer Science Applications (Q4); Information Systems (Q4); Software (Q4)
1535,15700154703,International Journal of Intelligent Information and Database Systems,journal,"17515866, 17515858","0,133",Q4,12,27,51,1074,25,49,0.53,39.78,United Kingdom,Western Europe,Inderscience Enterprises Ltd.,"2007-2014, 2017",Information Systems (Q4)
1536,4700153604,Journal of China Universities of Posts and Telecommunications,journal,10058885,"0,133",Q4,24,50,191,1146,84,191,0.29,22.92,China,Asiatic Region,Beijing University of Posts and Telecommunications,2006-2020,Computer Networks and Communications (Q4); Information Systems (Q4); Signal Processing (Q4)
1537,21100812121,Serbian Journal of Electrical Engineering,journal,"14514869, 22177183","0,133",Q4,5,18,82,375,36,82,0.55,20.83,Serbia,Eastern Europe,"University of Kragujevac, Faculty of Science",2016-2020,Computer Networks and Communications (Q4); Control and Systems Engineering (Q4); Electrical and Electronic Engineering (Q4); Energy Engineering and Power Technology (Q4); Hardware and Architecture (Q4); Mechanical Engineering (Q4)
1538,21100936400,Computers and Graphics: X,journal,25901486,"0,132",Q4,2,1,8,32,9,8,1.13,32,United Kingdom,Western Europe,Elsevier Ltd.,2019-2020,Computer Graphics and Computer-Aided Design (Q4); Engineering (miscellaneous) (Q4); Human-Computer Interaction (Q4)
1539,21100899864,ECTI Transactions on Computer and Information Technology,journal,22869131,"0,132",Q4,2,20,39,676,13,39,0.33,33.8,Thailand,Asiatic Region,ECTI Association Sirindhon International Institute of Technology,2018-2020,Computer Networks and Communications (Q4); Electrical and Electronic Engineering (Q4); Information Systems (Q4); Information Systems and Management (Q4)
1540,21100285411,International Conference on Geoinformatics,journal,"2161024X, 21610258","0,132",Q4,8,0,212,0,76,209,0.3,0,United States,Northern America,International Association of Chinese Professionals in Geographic Information Sciences,"2013, 2016-2018","Computer Networks and Communications (Q4); Computer Vision and Pattern Recognition (Q4); Electrical and Electronic Engineering (Q4); Geography, Planning and Development (Q4); Information Systems (Q4); Software (Q4)"
1541,21100432792,Journal of Electronic Science and Technology,journal,1674862X,"0,132",Q4,5,37,134,961,74,124,0.82,25.97,China,Asiatic Region,University of Electronic Science and Technology of China,2015-2020,Computer Networks and Communications (Q4); Electrical and Electronic Engineering (Q4); Signal Processing (Q4)
1542,19700188800,Electronics and Communications in Japan,journal,"19429541, 19429533","0,131",Q4,13,54,270,904,94,270,0.43,16.74,United States,Northern America,Wiley-Blackwell,"1975, 2008-2020",Applied Mathematics (Q4); Computer Networks and Communications (Q4); Electrical and Electronic Engineering (Q4); Physics and Astronomy (miscellaneous) (Q4); Signal Processing (Q4)
1543,12667,High Technology Letters,journal,10066748,"0,131",Q4,11,56,176,1180,40,176,0.22,21.07,China,Asiatic Region,Institute of Scientific and Technical Information of China,"1991, 1995-2020",Biotechnology (Q4); Control and Systems Engineering (Q4); Energy (miscellaneous) (Q4); Information Systems (Q4); Materials Science (miscellaneous) (Q4)
1544,144988,Revue Francaise de Photogrammetrie et de Teledetection,journal,17689791,"0,131",Q4,7,0,54,0,7,47,0.1,0,France,Western Europe,Soc. Francaise de Photogrammetrie et de Teledetection,"2004-2015, 2017-2019",Computer Science Applications (Q4); Electrical and Electronic Engineering (Q4)
1545,17751,Beijing Youdian Xueyuan Xuebao/Journal of Beijing University of Posts And Telecommunications,journal,10005145,"0,130",Q4,15,121,397,1768,118,397,0.27,14.61,China,Asiatic Region,Beijing University Press,1998-2020,Computer Networks and Communications (Q4); Electrical and Electronic Engineering (Q4)
1546,21100198223,International Journal of Reasoning-based Intelligent Systems,journal,"17550556, 17550564","0,130",Q4,10,28,105,676,39,103,0.44,24.14,Switzerland,Western Europe,Inderscience Publishers,2011-2013,Computer Science (miscellaneous) (Q4); Engineering (miscellaneous) (Q4)
1547,19699,"International Journal of Services, Technology and Management",journal,"14606720, 1741525X","0,130",Q4,23,32,97,1262,30,95,0.25,39.44,United Kingdom,Western Europe,Inderscience Enterprises Ltd.,"2000, 2002-2014",Computer Science Applications (Q4); E-learning (Q4); Engineering (miscellaneous) (Q4); Marketing (Q4); Strategy and Management (Q4)
1548,21100830705,Journal of Information Technology Management,journal,"20085893, 24235059","0,130",Q4,3,30,93,782,28,93,0.32,26.07,Iran,Middle East,University of Tehran,2017-2020,Information Systems (Q4); Information Systems and Management (Q4); Management of Technology and Innovation (Q4)
1549,21100788880,Journal of Science and Technology of the Arts,journal,"16469798, 21830088","0,130",Q4,3,0,51,0,22,44,0.47,0,Portugal,Western Europe,Universidade Catolica Portuguesa,2016-2019,Music (Q2); Visual Arts and Performing Arts (Q2); Arts and Humanities (miscellaneous) (Q3); Conservation (Q3); Computer Science Applications (Q4)
1550,20765,Shu Ju Cai Ji Yu Chu Li/Journal of Data Acquisition and Processing,journal,10049037,"0,130",Q4,16,117,364,2677,114,364,0.32,22.88,China,Asiatic Region,Nanjing University of Aeronautics an Astronautics,2001-2020,Signal Processing (Q4); Software (Q4)
1551,19600166211,International Journal of High Performance Systems Architecture,journal,"17516536, 17516528","0,129",Q4,11,20,45,755,18,43,0.45,37.75,United Kingdom,Western Europe,Inderscience Enterprises Ltd.,2008-2014,Hardware and Architecture (Q4)
1552,21100896465,International Journal of Customer Relationship Marketing and Management,journal,"19479247, 19479255","0,128",Q4,2,11,33,762,15,33,0.45,69.27,United States,Northern America,IGI Global Publishing,2018-2020,Business and International Management (Q4); Information Systems (Q4); Information Systems and Management (Q4); Management Information Systems (Q4); Marketing (Q4)
1553,21100878578,International Journal of Cyber Warfare and Terrorism,journal,"19473435, 19473443","0,128",Q4,3,17,29,821,13,29,0.45,48.29,United States,Northern America,IGI Global Publishing,2018-2019,"Computer Networks and Communications (Q4); Hardware and Architecture (Q4); Information Systems and Management (Q4); Safety Research (Q4); Safety, Risk, Reliability and Quality (Q4); Software (Q4)"
1554,21100810444,Telfor Journal,journal,"23349905, 18213251","0,128",Q4,5,21,64,420,28,63,0.31,20,Serbia,Eastern Europe,Academic Mind,2016-2019,Media Technology (Q3); Computer Networks and Communications (Q4); Radiation (Q4); Signal Processing (Q4); Software (Q4)
1555,19900193654,Transactions of the Japan Society for Computational Engineering and Science,journal,"13449443, 13478826","0,128",Q4,5,18,56,371,11,56,0.15,20.61,Japan,Asiatic Region,Nihon Keisan Kogakkai,2011-2020,Computer Science (miscellaneous) (Q4); Engineering (miscellaneous) (Q4)
1556,21100983350,Baltic Journal of Modern Computing,journal,"22558950, 22558942","0,127",Q4,3,30,40,881,25,39,0.63,29.37,Latvia ,Eastern Europe,"University of Latvia, Institute of Mathematics and Informatics",2019-2020,Computer Science (miscellaneous) (Q4)
1557,21100896913,Cognitive Studies,journal,23922397,"0,127",Q4,2,13,31,347,12,31,0.39,26.69,Poland,Eastern Europe,"Institute of Slavic Studies, Polish Academy of Sciences",2018-2019,Linguistics and Language (Q3); Communication (Q4); Computer Networks and Communications (Q4)
1558,12754,International Journal of COMADEM,journal,13637681,"0,127",Q4,11,33,88,559,21,86,0.11,16.94,United Kingdom,Western Europe,COMADEM International,2003-2020,"Bioengineering (Q4); Electrical and Electronic Engineering (Q4); Industrial and Manufacturing Engineering (Q4); Safety, Risk, Reliability and Quality (Q4); Signal Processing (Q4); Strategy and Management (Q4)"
1559,21100902946,Proceedings of the Pakistan Academy of Sciences: Part A,journal,"25184245, 25184253","0,127",Q4,4,15,82,394,21,46,0.16,26.27,Pakistan,Asiatic Region,Pakistan Academy of Sciences,2016-2020,Computer Science (miscellaneous) (Q4); Materials Science (miscellaneous) (Q4); Physics and Astronomy (miscellaneous) (Q4)
1560,21100784448,Bulletin of TICMI,journal,15120082,"0,126",Q4,3,6,38,71,14,37,0.25,11.83,Georgia,Eastern Europe,Tbilisi State University,2016-2019,Computer Science Applications (Q4); Mathematics (miscellaneous) (Q4)
1561,21100904261,Computer Assisted Methods in Engineering and Science,journal,22993649,"0,126",Q4,8,15,34,528,8,32,0.06,35.2,Poland,Eastern Europe,Polish Academy of Sciences,2012-2019,Computational Mechanics (Q4); Computer Science Applications (Q4); Mechanical Engineering (Q4)
1562,21100937445,Journal of Education and e-Learning Research,journal,"25180169, 24109991","0,126",Q4,2,57,21,2153,10,21,0.48,37.77,United States,Northern America,Asian Online Journal Publishing Group,2019-2020,Computer Science Applications (Q4); Developmental and Educational Psychology (Q4); Education (Q4)
1563,21100925895,"Vestnik Tomskogo Gosudarstvennogo Universiteta - Upravlenie, Vychislitel'naya Tekhnika i Informatika",journal,"23112085, 19988605","0,126",Q4,2,56,50,949,10,50,0.2,16.95,Russian Federation,Eastern Europe,Tomsk State University,2019,Computer Networks and Communications (Q4); Computer Science Applications (Q4); Information Systems (Q4)
1564,21100932761,3D Printing in Medicine,journal,23656271,"0,125",Q4,0,0,1,0,0,1,0,0,United Kingdom,Western Europe,BioMed Central Ltd.,2019,"Biomedical Engineering (Q4); Computer Science Applications (Q4); Radiology, Nuclear Medicine and Imaging (Q4)"
1565,21100198457,ACM Communications in Computer Algebra,journal,"19322232, 19322240","0,125",Q4,11,15,81,237,29,79,0.4,15.8,United States,Northern America,Association for Computing Machinery (ACM),2011-2019,Computational Mathematics (Q4); Computational Theory and Mathematics (Q4)
1566,21100912972,Cutter business technology journal,journal,"24753718, 24753742","0,125",Q4,2,0,169,0,49,165,0.35,0,United States,Northern America,Cutter Consortium,2016-2019,Business and International Management (Q4); Computer Science Applications (Q4); Management of Technology and Innovation (Q4); Software (Q4); Strategy and Management (Q4)
1567,14411,International Journal of Information Technology and Management,journal,"14614111, 17415179","0,125",Q4,15,22,77,813,30,75,0.38,36.95,United Kingdom,Western Europe,Inderscience Enterprises Ltd.,2002-2014,Computer Networks and Communications (Q4); Computer Science Applications (Q4); Hardware and Architecture (Q4); Software (Q4)
1568,21100818502,Journal of Information Systems and Telecommunication,journal,"23221437, 23452773","0,125",Q4,6,18,86,596,25,86,0.36,33.11,Iran,Middle East,"Iranian Academic Center for Education, Culture and Research",2013-2020,Artificial Intelligence (Q4); Computer Networks and Communications (Q4); Computer Science Applications (Q4); Computer Vision and Pattern Recognition (Q4); Information Systems (Q4)
1569,21100793611,Lecture Notes of TICMI,journal,15120511,"0,125",Q4,1,0,2,0,0,1,0,0,Georgia,Eastern Europe,Tbilisi International Centre of Mathematics and Informatics (TICMI),"2016-2017, 2019",Applied Mathematics (Q4); Information Systems (Q4); Mathematics (miscellaneous) (Q4)
1570,21100932833,International Journal of Space Science and Engineering,journal,"20488459, 20488467","0,124",Q4,1,10,14,325,5,14,0.36,32.5,United Kingdom,Western Europe,Inderscience Enterprises Ltd.,2019,Aerospace Engineering (Q4); Computer Science Applications (Q4); Control and Systems Engineering (Q4); Space and Planetary Science (Q4)
1571,15657,International Journal of Web Engineering and Technology,journal,"17419212, 14761289","0,124",Q4,17,15,56,532,18,48,0.33,35.47,United Kingdom,Western Europe,Inderscience Enterprises Ltd.,"2003-2013, 2020",Computer Networks and Communications (Q4); Hardware and Architecture (Q4); Information Systems (Q4)
1572,19700177033,Artnodes,journal,16955951,"0,123",Q4,4,26,88,595,15,82,0.21,22.88,Spain,Western Europe,Fundacio per la Universitat Oberta de Catalunya,2009-2020,Literature and Literary Theory (Q2); Visual Arts and Performing Arts (Q2); Cultural Studies (Q3); Computer Graphics and Computer-Aided Design (Q4); Computer Science Applications (Q4)
1573,62723,VLSI Design,journal,"15635171, 1065514X","0,123",Q4,24,0,12,0,6,12,0.83,0,United States,Northern America,Hindawi Publishing Corporation,"1993-2002, 2007-2018",Computer Graphics and Computer-Aided Design (Q4); Electrical and Electronic Engineering (Q4); Hardware and Architecture (Q4)
1574,19700170833,Yingyong Kexue Xuebao/Journal of Applied Sciences,journal,2558297,"0,123",Q4,9,74,232,2247,69,232,0.33,30.36,China,Asiatic Region,Shanghai Science and Technology Press,"1988, 2010-2020",Computer Science (miscellaneous) (Q4); Engineering (miscellaneous) (Q4); Mathematics (miscellaneous) (Q4)
1575,14773,Information-Wissenschaft und Praxis,journal,"14344653, 16194292","0,122",Q4,10,40,127,312,11,123,0.09,7.8,Germany,Western Europe,Walter de Gruyter GmbH,1997-2020,Information Systems (Q4); Library and Information Sciences (Q4)
1576,21100819609,Schedae Informaticae,journal,"17323916, 20838476","0,122",Q4,4,0,13,0,3,13,0,0,Poland,Eastern Europe,Wydawnictwo Uniwersytetu Jagiellonskiego,2013-2018,Computer Science (miscellaneous) (Q4)
1577,19300157106,International Journal of Internet Manufacturing and Services,journal,"17516056, 17516048","0,121",Q4,9,27,62,594,17,60,0.29,22,United Kingdom,Western Europe,Inderscience Enterprises Ltd.,"2007-2011, 2013-2014, 2020",Computer Networks and Communications (Q4); Industrial and Manufacturing Engineering (Q4); Information Systems and Management (Q4)
1578,21100944441,Journal of Mathematical and Computational Science,journal,19275307,"0,120",Q4,2,204,50,3756,11,50,0.22,18.41,United Kingdom,Western Europe,SCIK Publishing Corporation,2019-2020,Computational Theory and Mathematics (Q4); Mathematics (miscellaneous) (Q4)
1579,21100358107,Medijske Studije,journal,"18479758, 18485030","0,120",Q4,5,13,46,560,15,41,0.31,43.08,Croatia,Eastern Europe,"University of Zagreb, Faculty of Political Science",2014-2019,Communication (Q4); Computer Science Applications (Q4)
1580,12000154321,International Journal of e-Collaboration,journal,"15483681, 15483673","0,119",Q4,23,16,40,486,22,40,0.41,30.38,United States,Northern America,IGI Publishing,2005-2020,Computer Networks and Communications (Q4); Computer Science Applications (Q4)
1581,6000152745,Leonardo Music Journal,journal,9611215,"0,119",Q4,12,25,76,513,8,65,0.15,20.52,United States,Northern America,MIT Press Journals,"2002-2012, 2014-2019",Music (Q3); Computer Science Applications (Q4); Engineering (miscellaneous) (Q4)
1582,144674,Journal of Geomatics,journal,20956045,"0,118",Q4,8,25,556,55,76,556,0.13,2.2,China,Asiatic Region,Wuhan University,"2005-2011, 2013-2019",Computer Science (miscellaneous) (Q4); Earth-Surface Processes (Q4)
1583,21100945266,Science and Innovation,journal,"24099066, 24134996","0,118",Q4,4,47,139,984,23,139,0.19,20.94,Ukraine,Eastern Europe,Publishing House Akademperiodyka,"2014-2015, 2018-2020",Computer Science Applications (Q4); Engineering (miscellaneous) (Q4); Information Systems and Management (Q4); Law (Q4); Management of Technology and Innovation (Q4)
1584,18700156728,International Journal of Vehicle Information and Communication Systems,journal,"17418208, 14710242","0,117",Q4,8,26,39,795,12,39,0.3,30.58,United Kingdom,Western Europe,Inderscience Enterprises Ltd,"2005, 2008-2009, 2011, 2013",Automotive Engineering (Q4); Computer Science Applications (Q4); Control and Systems Engineering (Q4)
1585,19400157203,Journal of WSCG,journal,"12136964, 12136972","0,117",Q4,12,44,82,1141,25,82,0.26,25.93,Czech Republic,Eastern Europe,Vaclav Skala Union Agency,2009-2020,Computational Mathematics (Q4); Computer Graphics and Computer-Aided Design (Q4); Software (Q4)
1586,23018,Logos (Netherlands),journal,"18784712, 09579656","0,117",Q4,8,28,48,406,8,38,0.18,14.5,Netherlands,Western Europe,Brill Academic Publishers,"1994, 1996-2020",Literature and Literary Theory (Q2); Media Technology (Q3); Communication (Q4); Computer Science Applications (Q4); Education (Q4); Library and Information Sciences (Q4)
1587,145264,Transactions of the Japanese Society for Artificial Intelligence,journal,13460714,"0,117",Q4,16,41,123,910,25,123,0.17,22.2,Japan,Asiatic Region,Japanese Society for Artificial Intelligence,2001-2020,Artificial Intelligence (Q4); Software (Q4)
1588,21100943609,Artifact,journal,"17493471, 17493463","0,116",Q4,2,1,7,11,2,5,0.29,11,United Kingdom,Western Europe,Intellect Ltd.,2019,Visual Arts and Performing Arts (Q2); Computer Graphics and Computer-Aided Design (Q4)
1589,21100948917,Journal of Computational Technologies,journal,"2313691X, 15607534","0,116",Q4,2,15,31,224,10,30,0.32,14.93,Russian Federation,Eastern Europe,Institute of Computational Technologies SB RAS,2019,Applied Mathematics (Q4); Computational Mathematics (Q4); Computational Theory and Mathematics (Q4); Computer Networks and Communications (Q4); Numerical Analysis (Q4); Software (Q4)
1590,6700153285,International Journal of Mobile Network Design and Innovation,journal,"17442869, 17442850","0,115",Q4,11,6,67,148,20,66,0.37,24.67,United Kingdom,Western Europe,Inderscience Enterprises Ltd,"2006-2007, 2009-2013, 2019",Artificial Intelligence (Q4); Computer Networks and Communications (Q4); Management Information Systems (Q4); Software (Q4)
1591,21100853929,International Journal of Systematic Innovation,journal,"20778767, 20777973","0,115",Q4,5,12,33,339,7,33,0.27,28.25,Taiwan,Asiatic Region,The Society of Systematic Innovation,2010-2020,Artificial Intelligence (Q4); Information Systems and Management (Q4); Management of Technology and Innovation (Q4); Organizational Behavior and Human Resource Management (Q4); Strategy and Management (Q4)
1592,7000153253,Jiefangjun Ligong Daxue Xuebao/Journal of PLA University of Science and Technology (Natural Science Edition),journal,10093443,"0,115",Q4,12,0,47,0,6,47,0,0,China,Asiatic Region,"Jiefangjun Ligong Daxue Xuebao/P L A, University of Science and Technology",2007-2017,Atmospheric Science (Q4); Civil and Structural Engineering (Q4); Information Systems (Q4)
1593,21100258621,International Journal of Technologies in Learning,journal,"23272686, 23270144","0,114",Q4,3,7,16,219,2,16,0.08,31.29,United States,Northern America,Common Ground Research Networks,2013-2020,Computer Science Applications (Q4); Education (Q4); E-learning (Q4)
1594,145256,Australian Educational Computing,journal,8169020,"0,113",Q4,14,5,19,310,5,19,0.07,62,Australia,Pacific Region,Australian Council for Computers in Education,2002-2020,Computer Science Applications (Q4); Education (Q4); E-learning (Q4)
1595,4900152401,NEC Technical Journal,journal,18805884,"0,112",Q4,11,0,87,0,18,81,0.16,0,Japan,Asiatic Region,NEC Media Products Ltd.,2006-2019,Electrical and Electronic Engineering (Q4); Hardware and Architecture (Q4); Information Systems (Q4); Materials Science (miscellaneous) (Q4)
1596,144797,CrossTalk,journal,"21601593, 21601577","0,111",Q4,19,0,44,0,8,36,0,0,United States,Northern America,Software Technology Support Center,2004-2017,Human-Computer Interaction (Q4); Software (Q4)
1597,21100913339,Revista de Informatica Teorica e Aplicada,journal,"21752745, 01034308","0,110",Q4,1,33,19,1003,6,19,0.32,30.39,Brazil,Latin America,Universidade Federal do Rio Grande do Sul,2019-2020,Computer Science (miscellaneous) (Q4)
1598,21100945165,Acta Informatica Pragensia,journal,18054951,"0,109",Q4,1,14,6,500,4,6,0.67,35.71,Czech Republic,Eastern Europe,University of Economics - Prague,2019-2020,Computer Science Applications (Q4); Information Systems (Q4); Library and Information Sciences (Q4); Management Information Systems (Q4)
1599,19700186899,International Journal of Applied Systemic Studies,journal,"17510597, 17510589","0,109",Q4,7,12,38,337,12,38,0.3,28.08,United Kingdom,Western Europe,Inderscience Enterprises Ltd.,2007-2013,Computer Science Applications (Q4); Control and Systems Engineering (Q4); Information Systems and Management (Q4)
1600,21100396293,International Journal of Electronic Finance,journal,"17460077, 17460069","0,109",Q4,18,7,14,345,4,14,0.29,49.29,Switzerland,Western Europe,Inderscience Publishers,"2006-2007, 2010-2013",Computer Networks and Communications (Q4); Computer Science Applications (Q4); E-learning (Q4); Finance (Q4); Management of Technology and Innovation (Q4)
1601,21100903458,International Journal of Geospatial and Environmental Research,journal,23322047,"0,109",Q4,1,12,4,640,1,4,0.25,53.33,United States,Northern America,Korea-America Association for Geospatial and Environmental Sciences,2019-2020,"Earth and Planetary Sciences (miscellaneous) (Q4); Environmental Science (miscellaneous) (Q4); Geography, Planning and Development (Q4); Information Systems (Q4)"
1602,21100217007,Iranian Journal of Information Processing Management,journal,"22518231, 22518223","0,109",Q4,4,40,184,1154,25,184,0.13,28.85,Iran,Middle East,Iranian Research Institute for Information Science and Technology,2012-2019,Computer Science (miscellaneous) (Q4)
1603,21100792504,Journal of Cognitive Science,journal,"15982327, 19766939","0,108",Q4,4,5,60,156,19,57,0.18,31.2,South Korea,Asiatic Region,Institute for Cognitive Science at Seoul National University,2016-2020,Artificial Intelligence (Q4); Cognitive Neuroscience (Q4); Experimental and Cognitive Psychology (Q4); Language and Linguistics (Q4); Linguistics and Language (Q4)
1604,21100463830,Journal of Enterprise Transformation,journal,"19488297, 19488289","0,108",Q4,13,0,12,0,4,3,0.33,0,United Kingdom,Western Europe,Taylor and Francis Ltd.,2011-2018,Control and Systems Engineering (Q4); Information Systems (Q4); Information Systems and Management (Q4); Management Science and Operations Research (Q4); Organizational Behavior and Human Resource Management (Q4)
1605,19600161802,International Journal of Computational Biology and Drug Design,journal,"17560764, 17560756","0,107",Q4,13,28,70,808,23,57,0.41,28.86,United Kingdom,Western Europe,Inderscience Enterprises Ltd,"2008-2015, 2020",Computer Science Applications (Q4); Drug Discovery (Q4)
1606,20400195016,International Journal of Computers and their Applications,journal,10765204,"0,107",Q4,7,16,62,322,7,52,0.12,20.13,United States,Northern America,International Society for Computers and Their Applications (ISCA),2011-2014,Computer Science (miscellaneous) (Q4)
1607,21100899952,"Body, Space and Technology",journal,14709120,"0,106",Q4,2,14,25,320,8,24,0.32,22.86,United Kingdom,Western Europe,Open Library of Humanities,2018-2019,Arts and Humanities (miscellaneous) (Q4); Computer Graphics and Computer-Aided Design (Q4); Human-Computer Interaction (Q4)
1608,5000153603,NII Technical Reports,journal,13465597,"0,106",Q4,5,0,4,0,1,4,1,0,Japan,Asiatic Region,National Institute of Informatics,2003-2018,Computer Science Applications (Q4); Information Systems (Q4)
1609,19700201695,Vascular Cell,journal,2045824X,"0,106",Q4,32,6,4,199,0,4,0,33.17,United Kingdom,Western Europe,BioMed Central Ltd.,"2011-2018, 2020",Cell Biology (Q4); Computer Networks and Communications (Q4); Developmental Neuroscience (Q4); Neurology (Q4)
1610,21100898976,Virtual Creativity,journal,23979712,"0,106",Q4,2,24,36,246,5,30,0.19,10.25,United Kingdom,Western Europe,Intellect Ltd.,2018-2019,Arts and Humanities (miscellaneous) (Q4); Computational Theory and Mathematics (Q4); Computer Graphics and Computer-Aided Design (Q4); Human-Computer Interaction (Q4)
1611,28044,Advances in Modelling and Analysis B,journal,12404543,"0,105",Q4,7,0,63,0,51,63,0.84,0,France,Western Europe,AMSE Press,"1994-2012, 2014-2018",Modeling and Simulation (Q4); Signal Processing (Q4)
1612,145346,Machine Graphics and Vision,journal,12300535,"0,105",Q4,13,0,12,0,3,12,0.2,0,Poland,Eastern Europe,Polska Akademia Nauk,"2004-2011, 2013-2014, 2016-2018",Computer Graphics and Computer-Aided Design (Q4); Computer Vision and Pattern Recognition (Q4); Software (Q4)
1613,21100936589,Journal of ICT Standardization,journal,"2245800X, 22460853","0,104",Q4,1,11,25,200,2,23,0.08,18.18,Denmark,Western Europe,River Publishers,2019,Computer Networks and Communications (Q4); Computer Science Applications (Q4); Information Systems (Q4); Information Systems and Management (Q4); Management of Technology and Innovation (Q4)
1614,21100933317,Journal of Information Systems Security,journal,"15510123, 15510808","0,104",Q4,0,7,7,186,0,6,0,26.57,United States,Northern America,Information Institute,2019-2020,Education (Q4); Information Systems (Q4); Information Systems and Management (Q4); Management Information Systems (Q4); Safety Research (Q4); Software (Q4)
1615,145035,Mondo Digitale,journal,1720898X,"0,104",Q4,6,0,125,0,4,107,0.01,0,Italy,Western Europe,Associazione Italiana per l'Informatica ed il Calcolo Automatico,2003-2019,Media Technology (Q3); Computer Science Applications (Q4); Information Systems (Q4)
1616,21100932465,Moving Image Review and Art Journal,journal,"20456301, 20456298","0,104",Q4,1,10,13,139,1,6,0.08,13.9,United Kingdom,Western Europe,Intellect Ltd.,2019,Visual Arts and Performing Arts (Q3); Computer Graphics and Computer-Aided Design (Q4); Computer Science Applications (Q4)
1617,19148,Research Reports on Information Science and Electrical Engineering of Kyushu University,journal,13423819,"0,104",Q4,6,0,6,0,0,6,0,0,Japan,Asiatic Region,"Kyushu University, Faculty of Science","1996-2010, 2012-2019",Computer Science (miscellaneous) (Q4); Electrical and Electronic Engineering (Q4)
1618,17600155113,International Journal of Computer Science and Applications,journal,9729038,"0,103",Q4,14,4,12,101,4,12,0,25.25,United Kingdom,Western Europe,Taylor and Francis Ltd.,2009-2019,Computer Science Applications (Q4)
1619,21100325719,International Journal of Mechatronics and Automation,journal,"20451059, 20451067","0,103",Q4,15,21,20,509,2,20,0.14,24.24,Switzerland,Western Europe,Inderscience Publishers,"2011, 2014, 2020",Artificial Intelligence (Q4); Computational Mathematics (Q4); Computational Mechanics (Q4); Control and Systems Engineering (Q4); Electrical and Electronic Engineering (Q4); Industrial and Manufacturing Engineering (Q4)
1620,19700201527,IPSJ Transactions on Bioinformatics,journal,18826679,"0,103",Q4,4,3,9,77,3,8,0.17,25.67,Japan,Asiatic Region,Information Processing Society of Japan,2008-2020,"Biochemistry, Genetics and Molecular Biology (miscellaneous) (Q4); Computer Science Applications (Q4)"
1621,21100207010,Journal of Fiber Bioengineering and Informatics,journal,19408676,"0,103",Q4,13,25,40,663,2,40,0.05,26.52,China,Asiatic Region,"Textile Bioengineering and Informatics Society, The Hong Kong Polytechnic University",2012-2015,Computer Science (miscellaneous) (Q4); Materials Science (miscellaneous) (Q4)
1622,21100775395,Journal of Information Technology Education: Discussion Cases,journal,"21661324, 21661316","0,103",Q4,1,0,12,0,2,12,0,0,United States,Northern America,Informing Science Institute,2012-2017,Computer Science (miscellaneous) (Q4); Education (Q4); Sociology and Political Science (Q4)
1623,21100932524,Journal of Technology and Chinese Language Teaching,journal,1949260X,"0,102",Q4,0,11,10,369,0,10,0,33.55,United States,Northern America,Technology and Chinese Language Teaching Association,2019-2020,Computer Science Applications (Q4); Education (Q4); Language and Linguistics (Q4); Linguistics and Language (Q4)
1624,21100842538,Jusletter IT,journal,1664848X,"0,102",Q4,3,0,362,0,10,358,0.03,0,Switzerland,Western Europe,Weblaw AG,2017-2019,Computer Science (miscellaneous) (Q4); Law (Q4)
1625,21100927153,"Music, Sound and the Moving Image",journal,"17530776, 17530768","0,102",Q4,0,0,11,0,0,10,0,0,United Kingdom,Western Europe,Liverpool University Press,2019,Music (Q3); Visual Arts and Performing Arts (Q3); Communication (Q4); Computer Graphics and Computer-Aided Design (Q4)
1626,21100935279,Caracteres,journal,22544496,"0,101",Q4,0,0,31,0,0,30,0,0,Spain,Western Europe,Editorial Delirio,2019,Arts and Humanities (miscellaneous) (Q4); Communication (Q4); Computer Science Applications (Q4); Education (Q4); Language and Linguistics (Q4); Linguistics and Language (Q4)
1627,4900153227,Computer Software,journal,2896540,"0,101",Q4,7,35,71,354,6,65,0.07,10.11,Japan,Asiatic Region,Japan Society for Software Science and Technology,2000-2020,Software (Q4)
1628,21100901783,Connections,journal,"18121098, 18122973","0,101",Q4,1,30,33,0,2,31,0.06,0,Germany,Western Europe,Partnership for Peace Consortium of Defense Academies and Security Studies Institutes,2018,"Computer Networks and Communications (Q4); Law (Q4); Political Science and International Relations (Q4); Safety Research (Q4); Safety, Risk, Reliability and Quality (Q4)"
1629,21100898016,Digital Humanities Quarterly,journal,19384122,"0,101",Q4,2,0,40,0,4,39,0.1,0,United States,Northern America,,2018,Arts and Humanities (miscellaneous) (Q4); Communication (Q4); Computer Networks and Communications (Q4); Library and Information Sciences (Q4)
1630,4900152809,Digital Textile,journal,17421128,"0,101",Q4,3,0,129,0,0,20,0,0,United Kingdom,Western Europe,World Textile Publications Ltd,"2005-2013, 2016-2019",Computer Graphics and Computer-Aided Design (Q4)
1631,21100941186,Grafica,journal,"23397500, 20149298","0,101",Q4,1,17,17,324,1,17,0.06,19.06,Spain,Western Europe,Universitat Autonoma de Barcelona,2019-2020,Visual Arts and Performing Arts (Q3); Communication (Q4); Computer Graphics and Computer-Aided Design (Q4)
1632,27842,Ada User Journal,journal,13816551,"0,100",Q4,5,0,74,0,3,58,0.02,0,Portugal,Western Europe,,1999-2019,Software (Q4)
1633,21100857116,"American, British and Canadian Studies",journal,"18411487, 1841964X","0,100",Q4,2,21,55,474,4,52,0.03,22.57,Poland,Eastern Europe,De Gruyter Open Ltd.,2017-2020,Anthropology (Q4); Computer Science Applications (Q4); Cultural Studies (Q4); Language and Linguistics (Q4); Literature and Literary Theory (Q4); Sociology and Political Science (Q4)
1634,21100286449,Civil-Comp Proceedings,journal,17593433,"0,100",Q4,11,0,44,0,0,44,0,0,United Kingdom,Western Europe,Civil-Comp Press,"2003, 2005-2017",Artificial Intelligence (Q4); Civil and Structural Engineering (Q4); Computational Theory and Mathematics (Q4); Environmental Engineering (Q4)
1635,21100318403,Journal of the Institute of Image Electronics Engineers of Japan,journal,"02859831, 13480316","0,100",Q4,8,0,88,0,0,86,0,0,Japan,Asiatic Region,Institute of Image Electronics Engineers of Japan,2001-2017,Computer Science (miscellaneous) (Q4); Electrical and Electronic Engineering (Q4)
1636,18800,Kyokai Joho Imeji Zasshi/Journal of the Institute of Image Information and Television Engineers,journal,13426907,"0,100",Q4,12,28,224,242,10,216,0.05,8.64,Japan,Asiatic Region,Institute of Image Information and Television Engineers,1997-2020,Computer Science Applications (Q4); Electrical and Electronic Engineering (Q4); Media Technology (Q4)
1637,5800207596,Linguistica,journal,"2079312X, 11320214","0,100",Q4,4,17,60,520,3,54,0.02,30.59,Uruguay,Latin America,Asociación de Lingüistica y Filología de la América Latina,2012-2019,Artificial Intelligence (Q4); Language and Linguistics (Q4); Linguistics and Language (Q4)
1638,21100901898,Revista Digital de Biblioteconomia e Ciencia da Informacao,journal,1678765X,"0,100",Q4,2,33,84,1130,3,84,0.04,34.24,Brazil,Latin America,Universidade Estadual de Campinas,2018-2020,Education (Q4); Information Systems (Q4); Library and Information Sciences (Q4); Public Administration (Q4)
1639,6000153223,Technoetic Arts,journal,1477965X,"0,100",Q4,5,0,87,0,3,84,0.02,0,United Kingdom,Western Europe,Intellect Ltd.,2012-2019,Computer Science Applications (Q4); Human-Computer Interaction (Q4); Philosophy (Q4); Visual Arts and Performing Arts (Q4)
1640,21100900060,"Tekst, Kniga, Knigoizdaniye",journal,"23062061, 23113774","0,100",Q4,1,27,51,542,1,51,0.02,20.07,Russian Federation,Eastern Europe,Tomsk State University - Faculty of Philology,2018-2020,Communication (Q4); Information Systems (Q4); Library and Information Sciences (Q4); Media Technology (Q4); Visual Arts and Performing Arts (Q4)
