customer_id,tenure_months,monthly_charges,total_charges,contract_type,payment_method,has_tech_support,has_online_security,num_support_tickets,avg_monthly_usage,churn
CUST-0001,9,76.46,688.14,Month-to-month,Electronic check,1,1,2,92,0
CUST-0002,25,88.75,2218.75,Two Year,Credit card,0,1,2,111,0
CUST-0003,68,81.44,5537.92,One Year,Mailed check,0,0,4,126,0
CUST-0004,49,109.22,5351.78,Month-to-month,Electronic check,0,0,2,126,1
CUST-0005,11,77.99,857.89,Month-to-month,Electronic check,0,1,1,86,1
CUST-0006,53,73.09,3873.77,Month-to-month,Bank transfer,0,0,1,99,0
CUST-0007,54,67.05,3620.7,Month-to-month,Electronic check,1,1,0,123,0
CUST-0008,67,62.76,4204.92,Month-to-month,Bank transfer,1,1,2,83,0
CUST-0009,15,91.68,1375.2,Month-to-month,Electronic check,0,0,0,85,1
CUST-0010,35,46.01,1610.35,One Year,Credit card,0,0,0,110,0
CUST-0011,25,66.51,1662.7500000000002,Month-to-month,Electronic check,0,0,3,105,0
CUST-0012,16,101.45,1623.2,Two Year,Mailed check,0,0,0,70,0
CUST-0013,61,43.07,2627.27,Month-to-month,Electronic check,0,1,0,111,1
CUST-0014,59,44.51,2626.0899999999997,Two Year,Mailed check,0,1,3,105,0
CUST-0015,17,31.71,539.07,Month-to-month,Credit card,0,1,2,114,0
CUST-0016,10,54.79,547.9,Month-to-month,Credit card,1,1,5,118,1
CUST-0017,3,88.09,264.27,Month-to-month,Electronic check,0,1,1,105,1
CUST-0018,28,29.28,819.84,Month-to-month,Mailed check,0,0,3,89,1
CUST-0019,5,99.57,497.84999999999997,Month-to-month,Electronic check,1,1,3,95,1
CUST-0020,32,115.6,3699.2,Two Year,Electronic check,1,0,0,95,0
CUST-0021,2,99.23,198.46,One Year,Electronic check,0,1,1,82,1
CUST-0022,14,54.43,762.02,Month-to-month,Mailed check,0,1,2,111,1
CUST-0023,5,98.48,492.40000000000003,Month-to-month,Electronic check,0,0,0,114,1
CUST-0024,60,45.02,2701.2000000000003,Month-to-month,Mailed check,0,0,1,112,0
CUST-0025,68,79.22,5386.96,Month-to-month,Electronic check,0,1,3,112,1
CUST-0026,8,83.37,666.96,Month-to-month,Credit card,1,1,2,111,0
CUST-0027,50,66.2,3310.0,Month-to-month,Bank transfer,1,1,2,85,0
CUST-0028,48,66.09,3172.32,One Year,Electronic check,1,1,1,143,0
CUST-0029,66,35.22,2324.52,One Year,Electronic check,1,0,1,116,0
CUST-0030,62,58.62,3634.44,Month-to-month,Electronic check,0,1,1,62,1
CUST-0031,15,108.2,1623.0,Month-to-month,Bank transfer,1,1,2,110,0
CUST-0032,56,105.43,5904.08,One Year,Bank transfer,0,1,3,111,0
CUST-0033,72,114.93,8274.960000000001,Month-to-month,Bank transfer,1,0,0,96,0
CUST-0034,3,35.35,106.05000000000001,One Year,Electronic check,0,1,2,100,1
CUST-0035,20,24.34,486.8,Month-to-month,Electronic check,0,0,4,84,1
CUST-0036,64,61.86,3959.04,Two Year,Mailed check,0,1,5,91,0
CUST-0037,54,47.1,2543.4,Month-to-month,Bank transfer,0,0,0,132,0
CUST-0038,28,101.66,2846.48,Two Year,Credit card,0,1,2,80,0
CUST-0039,57,117.99,6725.429999999999,Month-to-month,Electronic check,1,0,1,139,0
CUST-0040,31,116.09,3598.79,One Year,Bank transfer,1,1,1,42,0
CUST-0041,49,77.36,3790.64,Two Year,Electronic check,1,0,3,97,0
CUST-0042,48,99.81,4790.88,Month-to-month,Bank transfer,1,1,1,86,0
CUST-0043,40,71.4,2856.0,Two Year,Mailed check,1,1,1,131,0
CUST-0044,39,37.79,1473.81,Two Year,Credit card,1,1,3,136,0
CUST-0045,45,52.31,2353.9500000000003,Month-to-month,Mailed check,0,1,2,167,0
CUST-0046,19,87.25,1657.75,Month-to-month,Mailed check,1,1,0,105,0
CUST-0047,65,86.85,5645.25,Month-to-month,Bank transfer,0,0,1,83,0
CUST-0048,57,86.5,4930.5,Month-to-month,Electronic check,0,0,0,82,1
CUST-0049,35,92.75,3246.25,Month-to-month,Electronic check,0,0,4,133,1
CUST-0050,54,100.46,5424.839999999999,Two Year,Mailed check,1,1,0,71,0
CUST-0051,18,68.2,1227.6000000000001,Month-to-month,Mailed check,0,1,0,139,0
CUST-0052,14,64.79,907.0600000000001,Month-to-month,Mailed check,0,0,1,40,1
CUST-0053,31,86.47,2680.57,Month-to-month,Credit card,1,1,1,66,0
CUST-0054,18,80.48,1448.64,One Year,Mailed check,1,1,3,114,0
CUST-0055,54,82.44,4451.76,Two Year,Mailed check,1,0,0,30,0
CUST-0056,69,108.63,7495.469999999999,One Year,Electronic check,0,1,3,159,0
CUST-0057,51,93.08,4747.08,Month-to-month,Electronic check,0,0,4,105,1
CUST-0058,54,104.36,5635.44,Month-to-month,Credit card,0,1,2,121,0
CUST-0059,1,118.7,118.7,Month-to-month,Mailed check,1,1,1,110,1
CUST-0060,14,65.17,912.38,Month-to-month,Bank transfer,0,1,1,106,1
CUST-0061,58,100.24,5813.92,Month-to-month,Electronic check,0,1,0,95,0
CUST-0062,4,118.57,474.28,Month-to-month,Mailed check,0,0,2,121,1
CUST-0063,71,114.63,8138.73,One Year,Electronic check,0,1,3,81,0
CUST-0064,4,54.13,216.52,Two Year,Bank transfer,0,1,1,123,0
CUST-0065,11,98.2,1080.2,Month-to-month,Mailed check,1,0,0,59,0
CUST-0066,61,41.31,2519.9100000000003,Two Year,Mailed check,1,1,3,102,0
CUST-0067,4,54.97,219.88,Two Year,Electronic check,0,0,0,77,0
CUST-0068,49,111.88,5482.12,Month-to-month,Bank transfer,1,1,0,49,0
CUST-0069,53,55.54,2943.62,Two Year,Electronic check,0,1,4,120,0
CUST-0070,44,108.73,4784.12,One Year,Bank transfer,1,1,2,118,0
CUST-0071,37,70.87,2622.19,Two Year,Mailed check,0,0,2,89,0
CUST-0072,6,51.23,307.38,Two Year,Mailed check,1,1,0,111,0
CUST-0073,72,51.24,3689.28,Two Year,Credit card,0,1,3,104,1
CUST-0074,39,36.03,1405.17,Month-to-month,Bank transfer,1,1,3,102,1
CUST-0075,43,76.1,3272.2999999999997,One Year,Electronic check,0,0,1,98,0
CUST-0076,34,23.92,813.2800000000001,Month-to-month,Electronic check,0,1,5,75,1
CUST-0077,59,48.97,2889.23,Month-to-month,Mailed check,1,1,1,86,0
CUST-0078,43,108.82,4679.259999999999,Two Year,Credit card,1,0,1,96,0
CUST-0079,23,27.69,636.87,Month-to-month,Bank transfer,1,0,3,133,0
CUST-0080,1,22.26,22.26,Month-to-month,Bank transfer,0,1,5,69,1
CUST-0081,56,31.17,1745.52,Month-to-month,Credit card,0,1,2,143,0
CUST-0082,20,119.67,2393.4,Month-to-month,Electronic check,0,0,0,61,1
CUST-0083,54,67.06,3621.2400000000002,Month-to-month,Mailed check,0,1,2,95,0
CUST-0084,69,119.03,8213.07,One Year,Mailed check,0,1,1,88,0
CUST-0085,63,93.62,5898.06,Month-to-month,Bank transfer,0,0,2,91,1
CUST-0086,51,106.95,5454.45,Month-to-month,Mailed check,1,1,1,108,1
CUST-0087,69,50.01,3450.69,Two Year,Mailed check,1,0,1,112,0
CUST-0088,36,63.86,2298.96,Month-to-month,Mailed check,0,0,4,72,0
CUST-0089,24,83.93,2014.3200000000002,One Year,Credit card,0,0,0,131,0
CUST-0090,10,33.51,335.09999999999997,Month-to-month,Electronic check,1,1,2,135,0
CUST-0091,49,28.96,1419.04,Month-to-month,Bank transfer,0,1,1,102,0
CUST-0092,22,89.43,1967.46,Month-to-month,Credit card,1,1,1,133,0
CUST-0093,26,31.63,822.38,Month-to-month,Bank transfer,1,0,3,91,1
CUST-0094,55,54.37,2990.35,Month-to-month,Credit card,0,1,0,81,0
CUST-0095,7,62.97,440.78999999999996,One Year,Mailed check,1,1,2,134,0
CUST-0096,38,119.64,4546.32,One Year,Credit card,1,1,0,47,0
CUST-0097,59,119.46,7048.139999999999,Month-to-month,Electronic check,0,1,0,88,0
CUST-0098,40,68.49,2739.6,Month-to-month,Bank transfer,0,1,0,109,0
CUST-0099,52,94.86,4932.72,Month-to-month,Mailed check,0,1,2,105,0
CUST-0100,31,51.09,1583.7900000000002,One Year,Electronic check,1,1,3,115,1
CUST-0101,67,103.28,6919.76,Month-to-month,Electronic check,0,1,3,151,0
CUST-0102,25,77.67,1941.75,One Year,Mailed check,1,0,1,80,0
CUST-0103,56,24.82,1389.92,Month-to-month,Bank transfer,0,1,0,96,0
CUST-0104,18,66.31,1193.58,One Year,Mailed check,1,0,1,87,0
CUST-0105,46,36.11,1661.06,Month-to-month,Electronic check,1,0,2,76,0
CUST-0106,46,94.13,4329.98,Month-to-month,Electronic check,0,1,2,99,0
CUST-0107,36,26.34,948.24,One Year,Electronic check,0,1,3,106,0
CUST-0108,17,59.91,1018.4699999999999,Month-to-month,Electronic check,0,1,1,151,0
CUST-0109,13,59.06,767.78,Month-to-month,Bank transfer,0,0,2,141,0
CUST-0110,68,44.73,3041.64,Month-to-month,Mailed check,1,1,1,80,0
CUST-0111,21,24.66,517.86,One Year,Mailed check,0,0,1,63,0
CUST-0112,11,44.24,486.64000000000004,One Year,Mailed check,0,0,3,91,0
CUST-0113,9,46.18,415.62,Month-to-month,Mailed check,1,1,0,103,0
CUST-0114,31,112.11,3475.41,Month-to-month,Credit card,1,1,3,85,1
CUST-0115,13,50.34,654.4200000000001,Two Year,Credit card,0,1,3,105,0
CUST-0116,19,51.41,976.79,One Year,Bank transfer,1,1,0,45,0
CUST-0117,45,24.8,1116.0,Month-to-month,Electronic check,1,1,2,58,1
CUST-0118,58,52.88,3067.04,Month-to-month,Mailed check,0,0,2,83,0
CUST-0119,1,66.65,66.65,Month-to-month,Mailed check,0,0,3,86,1
CUST-0120,55,25.32,1392.6,Month-to-month,Credit card,1,0,1,70,0
CUST-0121,67,97.36,6523.12,Two Year,Electronic check,0,0,3,72,0
CUST-0122,17,20.0,340.0,Month-to-month,Mailed check,0,1,4,103,0
CUST-0123,6,53.13,318.78000000000003,Month-to-month,Mailed check,1,0,1,102,0
CUST-0124,52,24.98,1298.96,Month-to-month,Mailed check,0,1,1,148,1
CUST-0125,35,26.12,914.2,One Year,Electronic check,1,0,4,124,1
CUST-0126,68,94.56,6430.08,Two Year,Electronic check,0,1,2,119,0
CUST-0127,55,32.85,1806.75,Month-to-month,Bank transfer,0,1,0,104,0
CUST-0128,2,99.01,198.02,One Year,Mailed check,0,1,4,143,1
CUST-0129,15,61.36,920.4,Month-to-month,Electronic check,0,1,1,128,1
CUST-0130,34,105.91,3600.94,Two Year,Credit card,0,0,2,163,0
CUST-0131,21,50.26,1055.46,Month-to-month,Bank transfer,0,0,0,116,0
CUST-0132,41,24.9,1020.9,Month-to-month,Electronic check,1,0,0,106,0
CUST-0133,25,35.37,884.2499999999999,One Year,Credit card,1,1,1,89,0
CUST-0134,59,43.33,2556.47,Month-to-month,Mailed check,1,0,0,79,1
CUST-0135,29,88.21,2558.0899999999997,Two Year,Electronic check,1,1,1,68,0
CUST-0136,8,40.59,324.72,Two Year,Mailed check,1,1,3,58,0
CUST-0137,3,108.22,324.65999999999997,Two Year,Electronic check,1,0,1,106,0
CUST-0138,64,66.65,4265.6,Month-to-month,Bank transfer,0,0,1,103,1
CUST-0139,3,109.98,329.94,Month-to-month,Mailed check,0,1,0,120,1
CUST-0140,18,109.39,1969.02,Two Year,Mailed check,1,0,2,163,0
CUST-0141,54,25.86,1396.44,Two Year,Bank transfer,1,0,3,92,0
CUST-0142,31,68.78,2132.18,Month-to-month,Electronic check,1,1,0,61,1
CUST-0143,68,112.53,7652.04,Two Year,Bank transfer,1,0,2,109,0
CUST-0144,29,57.28,1661.1200000000001,Two Year,Electronic check,1,1,1,95,0
CUST-0145,38,25.81,980.78,One Year,Mailed check,0,0,1,118,0
CUST-0146,18,56.1,1009.8000000000001,Two Year,Credit card,1,1,1,111,0
CUST-0147,11,84.68,931.48,Two Year,Bank transfer,0,0,1,93,0
CUST-0148,14,75.91,1062.74,Month-to-month,Credit card,0,0,1,71,1
CUST-0149,26,58.7,1526.2,Month-to-month,Electronic check,1,0,3,93,1
CUST-0150,67,84.15,5638.05,Month-to-month,Electronic check,1,1,0,96,0
CUST-0151,16,108.06,1728.96,Month-to-month,Electronic check,0,1,2,87,0
CUST-0152,12,102.87,1234.44,Month-to-month,Bank transfer,1,1,0,113,0
CUST-0153,39,58.79,2292.81,One Year,Mailed check,0,1,6,95,0
CUST-0154,23,67.12,1543.7600000000002,One Year,Bank transfer,0,1,1,128,0
CUST-0155,56,52.98,2966.8799999999997,Month-to-month,Electronic check,0,0,3,101,0
CUST-0156,58,83.61,4849.38,One Year,Mailed check,0,1,2,114,1
CUST-0157,52,79.66,4142.32,Month-to-month,Mailed check,0,1,3,101,0
CUST-0158,49,108.87,5334.63,One Year,Bank transfer,1,0,3,93,0
CUST-0159,54,35.91,1939.1399999999999,Two Year,Bank transfer,0,0,1,78,0
CUST-0160,18,52.84,951.1200000000001,Month-to-month,Electronic check,1,1,2,71,0
CUST-0161,66,49.62,3274.9199999999996,Month-to-month,Electronic check,0,1,2,93,1
CUST-0162,43,119.56,5141.08,One Year,Electronic check,0,1,1,73,0
CUST-0163,45,20.87,939.1500000000001,Month-to-month,Electronic check,0,0,1,81,1
CUST-0164,17,79.27,1347.59,Two Year,Electronic check,0,0,2,46,0
CUST-0165,52,72.14,3751.28,Month-to-month,Electronic check,1,1,2,99,0
CUST-0166,55,66.83,3675.65,One Year,Mailed check,0,1,1,105,0
CUST-0167,56,44.38,2485.28,Month-to-month,Mailed check,1,0,1,85,0
CUST-0168,43,113.38,4875.34,One Year,Bank transfer,0,0,3,106,0
CUST-0169,62,57.12,3541.44,Month-to-month,Credit card,0,0,2,83,0
CUST-0170,38,108.27,4114.26,Month-to-month,Credit card,1,1,2,135,0
CUST-0171,3,20.05,60.150000000000006,Month-to-month,Electronic check,0,1,2,136,1
CUST-0172,63,27.72,1746.36,Two Year,Mailed check,0,0,0,104,0
CUST-0173,17,82.36,1400.12,Month-to-month,Electronic check,1,0,1,94,0
CUST-0174,71,26.99,1916.29,Month-to-month,Electronic check,0,1,2,63,0
CUST-0175,54,68.18,3681.7200000000003,Month-to-month,Bank transfer,1,1,3,136,1
CUST-0176,48,39.39,1890.72,Month-to-month,Credit card,0,1,1,62,0
CUST-0177,49,41.84,2050.1600000000003,Month-to-month,Bank transfer,0,1,1,77,0
CUST-0178,10,74.21,742.0999999999999,Month-to-month,Mailed check,1,0,2,74,0
CUST-0179,50,93.92,4696.0,One Year,Credit card,0,1,1,130,0
CUST-0180,54,98.4,5313.6,One Year,Bank transfer,0,0,2,83,0
CUST-0181,35,77.14,2699.9,Month-to-month,Credit card,0,1,1,109,0
CUST-0182,4,73.84,295.36,Month-to-month,Mailed check,1,0,1,104,0
CUST-0183,12,116.02,1392.24,Month-to-month,Bank transfer,1,0,2,116,0
CUST-0184,50,70.73,3536.5,Month-to-month,Credit card,0,0,3,107,1
CUST-0185,30,81.67,2450.1,Two Year,Mailed check,1,1,4,108,0
CUST-0186,37,49.82,1843.34,One Year,Credit card,0,1,1,111,0
CUST-0187,68,70.6,4800.799999999999,Two Year,Electronic check,0,1,1,103,0
CUST-0188,27,73.48,1983.96,One Year,Electronic check,0,1,2,126,1
CUST-0189,53,104.48,5537.4400000000005,Month-to-month,Mailed check,1,0,1,95,0
CUST-0190,37,27.39,1013.4300000000001,Month-to-month,Electronic check,0,1,3,40,1
CUST-0191,32,32.89,1052.48,Month-to-month,Bank transfer,0,0,3,112,1
CUST-0192,69,69.97,4827.93,One Year,Electronic check,0,1,0,126,0
CUST-0193,72,47.19,3397.68,Two Year,Electronic check,1,1,5,99,1
CUST-0194,62,81.83,5073.46,Month-to-month,Bank transfer,0,0,1,103,1
CUST-0195,37,81.23,3005.51,One Year,Electronic check,0,1,2,108,1
CUST-0196,43,102.03,4387.29,Month-to-month,Electronic check,0,1,3,102,1
CUST-0197,14,74.34,1040.76,Two Year,Electronic check,1,0,1,103,0
CUST-0198,49,44.14,2162.86,Two Year,Electronic check,1,0,2,126,0
CUST-0199,33,63.46,2094.18,Month-to-month,Credit card,0,0,2,125,0
CUST-0200,39,57.29,2234.31,Two Year,Mailed check,0,1,0,70,0
CUST-0201,41,118.51,4858.91,Month-to-month,Credit card,0,1,1,121,0
CUST-0202,54,94.8,5119.2,One Year,Electronic check,0,1,3,156,0
CUST-0203,15,61.25,918.75,Month-to-month,Mailed check,1,0,1,136,0
CUST-0204,39,67.26,2623.1400000000003,Two Year,Mailed check,0,0,0,62,0
CUST-0205,38,52.0,1976.0,Month-to-month,Bank transfer,1,0,2,126,0
CUST-0206,1,56.34,56.34,Month-to-month,Electronic check,1,0,3,73,1
CUST-0207,60,112.26,6735.6,Two Year,Credit card,0,0,1,101,0
CUST-0208,42,113.42,4763.64,Two Year,Bank transfer,0,1,1,160,0
CUST-0209,45,77.49,3487.0499999999997,Month-to-month,Electronic check,1,1,1,88,1
CUST-0210,20,75.5,1510.0,One Year,Electronic check,0,1,0,92,0
CUST-0211,67,84.34,5650.780000000001,Month-to-month,Electronic check,0,0,1,86,1
CUST-0212,14,51.6,722.4,Month-to-month,Mailed check,0,1,1,153,0
CUST-0213,66,45.59,3008.94,Two Year,Electronic check,1,0,3,145,0
CUST-0214,69,113.29,7817.01,Month-to-month,Electronic check,1,0,2,121,0
CUST-0215,55,35.79,1968.45,Two Year,Bank transfer,0,1,3,88,0
CUST-0216,1,62.24,62.24,Month-to-month,Mailed check,0,0,1,106,1
CUST-0217,11,87.8,965.8,One Year,Credit card,1,0,4,93,1
CUST-0218,66,115.09,7595.9400000000005,Month-to-month,Electronic check,0,1,2,41,1
CUST-0219,3,87.94,263.82,Month-to-month,Electronic check,1,1,1,96,0
CUST-0220,40,39.13,1565.2,Month-to-month,Bank transfer,1,1,2,81,0
CUST-0221,37,111.07,4109.59,Month-to-month,Mailed check,0,1,2,67,1
CUST-0222,36,48.08,1730.8799999999999,One Year,Mailed check,0,1,1,94,0
CUST-0223,27,72.42,1955.3400000000001,Month-to-month,Electronic check,1,1,4,92,0
CUST-0224,20,75.67,1513.4,One Year,Bank transfer,0,0,1,79,0
CUST-0225,5,83.59,417.95000000000005,One Year,Mailed check,0,0,3,110,1
CUST-0226,40,21.2,848.0,Two Year,Electronic check,1,0,3,101,0
CUST-0227,53,101.14,5360.42,One Year,Credit card,0,1,3,126,0
CUST-0228,45,26.29,1183.05,One Year,Credit card,0,0,2,96,0
CUST-0229,14,56.12,785.68,Month-to-month,Electronic check,0,0,2,134,1
CUST-0230,34,116.63,3965.42,Two Year,Credit card,0,1,1,70,0
CUST-0231,16,84.44,1351.04,One Year,Bank transfer,0,0,1,107,0
CUST-0232,18,101.68,1830.2400000000002,Month-to-month,Bank transfer,1,0,1,120,0
CUST-0233,24,96.59,2318.16,One Year,Mailed check,0,0,2,105,0
CUST-0234,60,73.32,4399.2,Month-to-month,Bank transfer,0,0,2,93,0
CUST-0235,9,42.58,383.21999999999997,Month-to-month,Bank transfer,1,1,3,43,0
CUST-0236,41,85.0,3485.0,One Year,Bank transfer,0,1,1,121,0
CUST-0237,48,80.38,3858.24,Month-to-month,Electronic check,1,0,2,76,1
CUST-0238,46,79.33,3649.18,Month-to-month,Electronic check,0,0,2,80,1
CUST-0239,26,20.91,543.66,Two Year,Mailed check,0,1,3,112,0
CUST-0240,32,57.8,1849.6,Two Year,Mailed check,1,1,0,86,0
CUST-0241,11,74.07,814.77,Two Year,Credit card,1,1,0,147,0
CUST-0242,39,104.78,4086.42,Month-to-month,Bank transfer,0,0,2,82,0
CUST-0243,61,60.49,3689.8900000000003,Two Year,Bank transfer,0,0,3,126,1
CUST-0244,18,97.55,1755.8999999999999,Month-to-month,Credit card,0,0,1,141,1
CUST-0245,16,37.74,603.84,Two Year,Electronic check,1,1,2,119,0
CUST-0246,20,100.66,2013.1999999999998,One Year,Electronic check,1,1,3,113,1
CUST-0247,21,78.35,1645.35,Month-to-month,Electronic check,1,0,1,82,0
CUST-0248,4,117.7,470.8,Month-to-month,Electronic check,0,0,0,107,1
CUST-0249,60,43.84,2630.4,One Year,Mailed check,0,0,3,110,1
CUST-0250,12,50.58,606.96,Month-to-month,Mailed check,0,0,4,103,1
CUST-0251,49,64.07,3139.43,One Year,Credit card,0,1,2,111,0
CUST-0252,7,48.81,341.67,Month-to-month,Credit card,0,0,0,113,1
CUST-0253,18,71.74,1291.32,Two Year,Electronic check,0,0,1,137,0
CUST-0254,59,73.87,4358.33,Month-to-month,Bank transfer,1,1,0,79,0
CUST-0255,1,25.66,25.66,One Year,Electronic check,1,1,3,80,0
CUST-0256,52,103.02,5357.04,Two Year,Mailed check,1,0,2,114,0
CUST-0257,31,119.65,3709.15,Month-to-month,Bank transfer,1,1,2,92,0
CUST-0258,28,33.58,940.24,Month-to-month,Electronic check,0,0,0,71,0
CUST-0259,71,111.65,7927.150000000001,One Year,Electronic check,1,1,1,79,0
CUST-0260,54,42.01,2268.54,One Year,Bank transfer,1,0,1,116,0
CUST-0261,40,55.22,2208.8,Month-to-month,Credit card,1,1,3,66,0
CUST-0262,52,45.78,2380.56,Month-to-month,Electronic check,0,1,1,97,0
CUST-0263,46,115.31,5304.26,Two Year,Bank transfer,1,1,1,79,0
CUST-0264,40,116.84,4673.6,Month-to-month,Mailed check,1,1,0,126,1
CUST-0265,51,80.19,4089.69,Month-to-month,Credit card,1,1,1,111,0
CUST-0266,47,118.09,5550.2300000000005,Month-to-month,Electronic check,0,1,2,86,0
CUST-0267,61,91.34,5571.74,Month-to-month,Credit card,0,0,1,90,0
CUST-0268,70,78.23,5476.1,Two Year,Credit card,0,1,1,119,0
CUST-0269,35,77.66,2718.1,Two Year,Credit card,1,0,1,117,0
CUST-0270,17,59.04,1003.68,Two Year,Bank transfer,1,1,2,107,0
CUST-0271,48,34.61,1661.28,Two Year,Credit card,1,1,1,91,0
CUST-0272,4,39.41,157.64,One Year,Electronic check,1,0,0,64,1
CUST-0273,6,31.24,187.44,Month-to-month,Mailed check,0,0,2,106,1
CUST-0274,67,116.19,7784.73,One Year,Mailed check,0,1,2,161,0
CUST-0275,65,74.12,4817.8,One Year,Bank transfer,1,1,1,72,0
CUST-0276,46,105.6,4857.599999999999,Month-to-month,Electronic check,1,1,1,83,1
CUST-0277,60,77.41,4644.599999999999,One Year,Credit card,0,1,1,99,0
CUST-0278,10,56.18,561.8,One Year,Electronic check,1,0,1,79,1
CUST-0279,14,66.73,934.22,One Year,Bank transfer,1,0,1,78,0
CUST-0280,68,62.3,4236.4,Two Year,Mailed check,0,0,2,73,0
CUST-0281,14,95.44,1336.1599999999999,Month-to-month,Electronic check,0,0,4,89,1
CUST-0282,50,91.49,4574.5,Month-to-month,Electronic check,1,1,3,113,0
CUST-0283,40,116.8,4672.0,One Year,Mailed check,1,0,2,108,0
CUST-0284,39,21.57,841.23,Two Year,Electronic check,1,0,0,123,0
CUST-0285,38,59.75,2270.5,Month-to-month,Mailed check,1,1,3,94,0
CUST-0286,20,103.01,2060.2000000000003,One Year,Credit card,1,1,0,93,0
CUST-0287,28,109.66,3070.48,Month-to-month,Mailed check,1,0,2,90,0
CUST-0288,22,114.01,2508.2200000000003,Month-to-month,Mailed check,0,1,3,107,0
CUST-0289,1,85.63,85.63,Month-to-month,Electronic check,0,1,1,115,1
CUST-0290,2,27.95,55.9,Month-to-month,Bank transfer,1,0,0,92,0
CUST-0291,37,78.19,2893.0299999999997,Month-to-month,Bank transfer,0,0,3,91,1
CUST-0292,52,95.57,4969.639999999999,Two Year,Credit card,1,1,0,94,0
CUST-0293,34,76.14,2588.76,Month-to-month,Electronic check,1,0,1,136,1
CUST-0294,27,118.34,3195.1800000000003,Two Year,Bank transfer,0,1,4,49,0
CUST-0295,7,118.88,832.16,Two Year,Credit card,0,1,1,126,0
CUST-0296,4,21.37,85.48,One Year,Electronic check,1,1,2,96,0
CUST-0297,29,80.03,2320.87,Month-to-month,Electronic check,1,1,2,120,0
CUST-0298,36,57.47,2068.92,Month-to-month,Credit card,1,0,2,93,0
CUST-0299,32,68.3,2185.6,Month-to-month,Mailed check,1,0,1,129,1
CUST-0300,20,28.54,570.8,Month-to-month,Credit card,0,1,1,104,0
CUST-0301,53,22.56,1195.6799999999998,Month-to-month,Credit card,1,0,0,144,0
CUST-0302,42,94.03,3949.26,Two Year,Electronic check,0,1,2,59,0
CUST-0303,51,78.88,4022.8799999999997,Month-to-month,Mailed check,1,0,2,91,0
CUST-0304,47,53.3,2505.1,One Year,Bank transfer,0,0,1,91,0
CUST-0305,72,77.63,5589.36,One Year,Bank transfer,1,0,1,132,0
CUST-0306,50,32.16,1607.9999999999998,Month-to-month,Electronic check,1,1,1,91,0
CUST-0307,51,50.78,2589.78,Two Year,Mailed check,1,1,2,114,0
CUST-0308,59,76.84,4533.56,One Year,Bank transfer,1,0,4,83,0
CUST-0309,3,78.77,236.31,Month-to-month,Electronic check,0,0,1,66,1
CUST-0310,62,92.5,5735.0,Month-to-month,Bank transfer,0,1,0,118,0
CUST-0311,61,40.3,2458.2999999999997,Month-to-month,Bank transfer,0,0,0,138,1
CUST-0312,19,42.85,814.15,One Year,Electronic check,0,0,1,125,0
CUST-0313,36,78.18,2814.4800000000005,One Year,Bank transfer,0,1,2,66,0
CUST-0314,3,85.42,256.26,Two Year,Credit card,0,1,1,117,0
CUST-0315,56,113.24,6341.44,Two Year,Electronic check,1,1,2,110,0
CUST-0316,64,58.14,3720.96,Month-to-month,Mailed check,1,0,1,123,1
CUST-0317,71,88.37,6274.27,Two Year,Credit card,0,0,3,111,0
CUST-0318,26,78.58,2043.08,Month-to-month,Electronic check,1,1,0,117,0
CUST-0319,57,45.23,2578.1099999999997,Two Year,Electronic check,0,1,0,100,0
CUST-0320,59,51.45,3035.55,One Year,Mailed check,1,1,2,131,0
CUST-0321,61,112.87,6885.070000000001,One Year,Credit card,0,0,6,101,1
CUST-0322,18,32.0,576.0,Month-to-month,Mailed check,1,1,1,101,0
CUST-0323,34,100.87,3429.58,Month-to-month,Credit card,0,0,4,128,1
CUST-0324,67,107.56,7206.52,Two Year,Electronic check,1,1,1,64,0
CUST-0325,19,97.95,1861.05,Month-to-month,Electronic check,0,0,1,80,0
CUST-0326,67,47.27,3167.09,One Year,Bank transfer,0,1,4,67,0
CUST-0327,37,24.73,915.01,Month-to-month,Electronic check,1,0,0,154,0
CUST-0328,8,46.12,368.96,One Year,Mailed check,1,0,1,120,0
CUST-0329,63,31.77,2001.51,Month-to-month,Credit card,0,0,1,155,0
CUST-0330,2,95.87,191.74,Month-to-month,Bank transfer,1,0,1,98,1
CUST-0331,58,22.94,1330.52,Two Year,Electronic check,1,0,1,87,0
CUST-0332,31,79.61,2467.91,Month-to-month,Electronic check,0,0,4,89,1
CUST-0333,17,90.16,1532.72,Month-to-month,Credit card,1,1,2,113,0
CUST-0334,21,62.88,1320.48,Month-to-month,Bank transfer,0,1,1,131,0
CUST-0335,36,24.58,884.8799999999999,Two Year,Mailed check,0,1,1,97,0
CUST-0336,24,65.88,1581.12,One Year,Bank transfer,0,1,1,92,0
CUST-0337,43,24.17,1039.3100000000002,Month-to-month,Electronic check,0,0,0,72,0
CUST-0338,8,104.9,839.2,One Year,Mailed check,0,0,2,75,1
CUST-0339,48,108.95,5229.6,Month-to-month,Mailed check,0,1,2,92,0
CUST-0340,19,72.03,1368.57,One Year,Credit card,1,0,1,102,0
CUST-0341,44,60.27,2651.88,Two Year,Credit card,1,1,3,121,1
CUST-0342,2,88.8,177.6,Month-to-month,Bank transfer,0,0,4,116,1
CUST-0343,42,54.24,2278.08,One Year,Credit card,0,0,1,80,1
CUST-0344,23,83.71,1925.33,Month-to-month,Electronic check,1,1,1,124,0
CUST-0345,49,33.61,1646.8899999999999,Two Year,Mailed check,1,1,0,96,0
CUST-0346,60,25.26,1515.6000000000001,Month-to-month,Electronic check,1,1,0,94,0
CUST-0347,10,63.72,637.2,Two Year,Bank transfer,1,1,2,107,0
CUST-0348,70,30.98,2168.6,Month-to-month,Bank transfer,0,1,1,83,0
CUST-0349,51,38.59,1968.0900000000001,Two Year,Bank transfer,0,0,0,92,1
CUST-0350,63,116.35,7330.049999999999,Month-to-month,Mailed check,0,1,2,66,0
CUST-0351,43,61.94,2663.42,Month-to-month,Electronic check,1,0,3,87,1
CUST-0352,72,25.41,1829.52,Month-to-month,Electronic check,0,0,2,52,1
CUST-0353,50,74.77,3738.5,Two Year,Electronic check,0,1,0,115,0
CUST-0354,15,36.84,552.6,Month-to-month,Electronic check,1,0,0,140,0
CUST-0355,2,25.51,51.02,Two Year,Bank transfer,0,1,2,145,0
CUST-0356,8,80.62,644.96,Two Year,Electronic check,0,0,2,170,1
CUST-0357,64,20.05,1283.2,Month-to-month,Bank transfer,0,1,1,88,0
CUST-0358,48,65.63,3150.24,Month-to-month,Credit card,0,1,2,124,0
CUST-0359,58,66.81,3874.98,Month-to-month,Mailed check,1,0,3,111,0
CUST-0360,27,26.06,703.62,Two Year,Bank transfer,1,0,0,89,0
CUST-0361,17,108.22,1839.74,Month-to-month,Electronic check,1,0,2,83,0
CUST-0362,52,65.07,3383.6399999999994,Month-to-month,Electronic check,0,0,2,105,0
CUST-0363,11,54.71,601.8100000000001,Two Year,Credit card,1,1,1,101,0
CUST-0364,69,108.29,7472.01,Month-to-month,Mailed check,1,0,2,129,1
CUST-0365,40,114.38,4575.2,Month-to-month,Electronic check,1,1,2,81,1
CUST-0366,1,31.02,31.02,Month-to-month,Electronic check,0,1,0,97,0
CUST-0367,2,31.27,62.54,Month-to-month,Electronic check,1,0,1,97,1
CUST-0368,5,58.76,293.8,One Year,Credit card,0,1,2,151,1
CUST-0369,59,72.36,4269.24,Month-to-month,Mailed check,1,1,1,136,0
CUST-0370,42,69.69,2926.98,Month-to-month,Electronic check,0,0,2,122,1
CUST-0371,7,76.11,532.77,One Year,Electronic check,0,0,1,71,0
CUST-0372,38,67.79,2576.0200000000004,Month-to-month,Bank transfer,0,1,2,127,0
CUST-0373,38,51.37,1952.06,One Year,Bank transfer,1,1,4,145,0
CUST-0374,42,102.54,4306.68,Month-to-month,Mailed check,0,0,0,98,1
CUST-0375,38,107.01,4066.38,Month-to-month,Electronic check,1,0,0,67,1
CUST-0376,68,115.1,7826.799999999999,Two Year,Mailed check,0,1,2,118,0
CUST-0377,48,32.54,1561.92,Two Year,Credit card,1,1,0,93,0
CUST-0378,33,58.74,1938.42,Month-to-month,Electronic check,0,0,1,75,1
CUST-0379,33,30.03,990.99,Month-to-month,Mailed check,0,0,1,45,1
CUST-0380,23,29.7,683.1,Month-to-month,Bank transfer,1,1,2,82,0
CUST-0381,29,22.26,645.5400000000001,One Year,Credit card,0,1,2,119,0
CUST-0382,57,29.66,1690.6200000000001,Month-to-month,Electronic check,0,1,4,79,1
CUST-0383,39,67.96,2650.4399999999996,Month-to-month,Electronic check,0,1,0,95,0
CUST-0384,2,79.39,158.78,One Year,Credit card,0,1,0,71,0
CUST-0385,50,73.46,3672.9999999999995,Month-to-month,Mailed check,1,1,2,143,0
CUST-0386,72,24.33,1751.7599999999998,Month-to-month,Electronic check,1,0,2,97,0
CUST-0387,45,57.76,2599.2,One Year,Electronic check,1,1,3,103,0
CUST-0388,57,68.17,3885.69,Month-to-month,Electronic check,1,1,3,103,0
CUST-0389,15,42.29,634.35,One Year,Electronic check,1,0,2,62,0
CUST-0390,6,62.44,374.64,Month-to-month,Mailed check,0,1,3,137,1
CUST-0391,57,43.86,2500.02,Month-to-month,Electronic check,1,0,3,93,0
CUST-0392,28,43.2,1209.6000000000001,Two Year,Mailed check,0,1,4,111,0
CUST-0393,15,37.26,558.9,One Year,Electronic check,1,1,2,75,0
CUST-0394,43,55.24,2375.32,Month-to-month,Electronic check,0,1,1,63,0
CUST-0395,30,62.04,1861.2,Month-to-month,Credit card,0,0,2,120,0
CUST-0396,51,105.55,5383.05,Month-to-month,Electronic check,0,0,3,79,1
CUST-0397,70,94.13,6589.099999999999,Month-to-month,Credit card,0,0,1,107,0
CUST-0398,8,97.41,779.28,Month-to-month,Bank transfer,1,1,0,109,0
CUST-0399,5,91.84,459.20000000000005,Month-to-month,Electronic check,0,1,0,130,1
CUST-0400,67,26.56,1779.52,Two Year,Electronic check,0,1,2,60,0
CUST-0401,20,101.17,2023.4,Two Year,Electronic check,0,0,1,83,1
CUST-0402,53,22.84,1210.52,Two Year,Credit card,1,1,0,72,0
CUST-0403,12,116.76,1401.1200000000001,Two Year,Credit card,1,0,2,152,0
CUST-0404,38,57.38,2180.44,One Year,Mailed check,1,0,0,108,0
CUST-0405,10,102.71,1027.1,Two Year,Bank transfer,0,1,4,111,0
CUST-0406,12,104.35,1252.1999999999998,Month-to-month,Bank transfer,0,1,3,100,1
CUST-0407,31,84.54,2620.7400000000002,Month-to-month,Electronic check,1,1,1,113,0
CUST-0408,70,68.54,4797.8,Two Year,Electronic check,0,0,2,112,0
CUST-0409,66,61.99,4091.34,Month-to-month,Bank transfer,1,0,1,50,0
CUST-0410,52,85.42,4441.84,Month-to-month,Credit card,1,0,4,122,0
CUST-0411,27,113.04,3052.0800000000004,One Year,Electronic check,0,0,2,131,1
CUST-0412,56,58.12,3254.72,Month-to-month,Bank transfer,1,1,1,82,0
CUST-0413,38,72.44,2752.72,One Year,Mailed check,1,0,2,123,0
CUST-0414,37,59.54,2202.98,Month-to-month,Mailed check,0,1,3,115,1
CUST-0415,40,84.59,3383.6000000000004,Month-to-month,Electronic check,1,1,4,64,0
CUST-0416,4,42.6,170.4,Two Year,Bank transfer,1,0,0,105,0
CUST-0417,34,93.96,3194.64,Month-to-month,Electronic check,0,1,1,118,0
CUST-0418,38,68.91,2618.58,Two Year,Credit card,1,1,3,82,0
CUST-0419,42,26.7,1121.3999999999999,Month-to-month,Electronic check,1,0,2,85,1
CUST-0420,54,95.67,5166.18,One Year,Electronic check,1,1,3,61,0
CUST-0421,7,103.04,721.2800000000001,Two Year,Mailed check,0,0,2,114,0
CUST-0422,15,70.47,1057.05,Two Year,Mailed check,0,1,3,81,0
CUST-0423,19,23.16,440.04,Two Year,Electronic check,1,0,0,56,0
CUST-0424,19,26.85,510.15000000000003,Month-to-month,Bank transfer,1,1,2,64,0
CUST-0425,20,89.8,1796.0,One Year,Credit card,0,1,2,90,0
CUST-0426,16,39.78,636.48,Two Year,Mailed check,1,1,2,106,0
CUST-0427,26,31.86,828.36,Two Year,Mailed check,0,1,4,121,0
CUST-0428,48,33.12,1589.7599999999998,One Year,Electronic check,0,1,2,66,0
CUST-0429,38,75.68,2875.84,Two Year,Electronic check,0,0,1,89,0
CUST-0430,58,60.49,3508.42,Month-to-month,Electronic check,0,1,1,127,0
CUST-0431,27,38.44,1037.8799999999999,One Year,Bank transfer,0,1,0,111,0
CUST-0432,60,31.22,1873.1999999999998,One Year,Bank transfer,1,0,2,107,0
CUST-0433,54,45.62,2463.48,Month-to-month,Credit card,0,0,2,45,0
CUST-0434,47,70.75,3325.25,Month-to-month,Mailed check,0,0,0,137,0
CUST-0435,48,82.98,3983.04,Month-to-month,Bank transfer,0,0,2,52,0
CUST-0436,46,110.23,5070.58,Month-to-month,Mailed check,1,1,2,119,0
CUST-0437,61,33.71,2056.31,Month-to-month,Credit card,0,1,3,105,1
CUST-0438,45,93.01,4185.45,One Year,Mailed check,0,1,3,82,0
CUST-0439,9,65.15,586.35,Month-to-month,Bank transfer,1,1,3,76,1
CUST-0440,8,97.69,781.52,Month-to-month,Credit card,1,0,1,120,0
CUST-0441,54,115.02,6211.08,Two Year,Bank transfer,1,1,3,128,0
CUST-0442,37,85.79,3174.23,One Year,Credit card,0,0,1,113,1
CUST-0443,65,63.3,4114.5,Two Year,Bank transfer,1,1,3,83,0
CUST-0444,35,88.34,3091.9,Month-to-month,Electronic check,1,0,3,84,0
CUST-0445,5,53.08,265.4,Month-to-month,Credit card,0,1,0,86,0
CUST-0446,13,38.81,504.53000000000003,Two Year,Mailed check,0,0,2,76,0
CUST-0447,41,117.28,4808.4800000000005,Month-to-month,Credit card,0,0,1,100,0
CUST-0448,35,78.71,2754.85,One Year,Electronic check,0,1,3,137,1
CUST-0449,16,82.71,1323.36,Two Year,Mailed check,1,1,2,59,1
CUST-0450,13,99.0,1287.0,One Year,Mailed check,0,0,0,145,0
CUST-0451,24,27.91,669.84,Month-to-month,Mailed check,1,1,0,78,1
CUST-0452,68,22.2,1509.6,One Year,Bank transfer,0,1,1,80,0
CUST-0453,61,45.86,2797.46,One Year,Electronic check,1,0,0,71,0
CUST-0454,10,110.48,1104.8,One Year,Electronic check,0,0,3,119,0
CUST-0455,64,62.01,3968.64,Month-to-month,Electronic check,0,1,4,65,0
CUST-0456,56,88.1,4933.599999999999,Month-to-month,Bank transfer,0,1,2,119,0
CUST-0457,17,74.04,1258.68,Month-to-month,Credit card,0,1,2,145,0
CUST-0458,27,95.98,2591.46,Month-to-month,Electronic check,0,0,0,71,1
CUST-0459,28,59.57,1667.96,Two Year,Mailed check,0,0,1,126,0
CUST-0460,35,82.16,2875.6,Month-to-month,Credit card,1,1,1,101,0
CUST-0461,24,103.05,2473.2,Two Year,Electronic check,0,0,1,106,1
CUST-0462,59,43.9,2590.1,Two Year,Electronic check,0,0,0,95,0
CUST-0463,13,79.86,1038.18,Month-to-month,Bank transfer,0,1,3,71,0
CUST-0464,45,26.95,1212.75,Month-to-month,Mailed check,0,1,2,86,0
CUST-0465,55,95.4,5247.0,Month-to-month,Bank transfer,1,1,3,104,0
CUST-0466,8,92.22,737.76,Month-to-month,Mailed check,1,1,1,150,1
CUST-0467,52,51.67,2686.84,Month-to-month,Credit card,0,1,5,132,1
CUST-0468,42,25.07,1052.94,Month-to-month,Mailed check,1,0,2,121,0
CUST-0469,30,78.61,2358.3,Month-to-month,Credit card,0,1,2,116,0
CUST-0470,71,104.1,7391.099999999999,Month-to-month,Credit card,0,1,0,152,0
CUST-0471,15,87.94,1319.1,Two Year,Mailed check,1,1,3,105,1
CUST-0472,10,92.68,926.8000000000001,Month-to-month,Electronic check,0,1,0,102,0
CUST-0473,23,93.06,2140.38,Month-to-month,Electronic check,0,0,1,75,0
CUST-0474,28,103.39,2894.92,One Year,Mailed check,0,1,3,132,0
CUST-0475,56,69.46,3889.7599999999998,Month-to-month,Credit card,1,0,1,91,0
CUST-0476,3,43.77,131.31,Month-to-month,Electronic check,1,0,1,108,1
CUST-0477,21,30.39,638.19,Month-to-month,Mailed check,0,1,2,77,1
CUST-0478,47,34.46,1619.6200000000001,Two Year,Mailed check,1,0,2,130,0
CUST-0479,59,88.75,5236.25,Month-to-month,Electronic check,1,0,2,101,0
CUST-0480,8,57.34,458.72,Month-to-month,Credit card,1,1,3,110,1
CUST-0481,61,99.05,6042.05,Month-to-month,Bank transfer,0,1,1,78,0
CUST-0482,1,60.33,60.33,Month-to-month,Mailed check,1,0,3,115,1
CUST-0483,66,118.35,7811.099999999999,Month-to-month,Mailed check,0,1,1,102,0
CUST-0484,67,88.84,5952.280000000001,Month-to-month,Electronic check,1,0,1,136,0
CUST-0485,21,31.6,663.6,Month-to-month,Credit card,0,0,0,79,0
CUST-0486,65,117.93,7665.450000000001,Two Year,Credit card,1,0,0,125,0
CUST-0487,68,66.92,4550.56,Month-to-month,Electronic check,1,1,3,100,1
CUST-0488,9,39.37,354.33,Month-to-month,Electronic check,0,1,3,100,1
CUST-0489,13,70.06,910.78,Two Year,Electronic check,0,0,2,120,0
CUST-0490,21,38.78,814.38,Month-to-month,Bank transfer,1,0,2,102,1
CUST-0491,38,49.67,1887.46,Month-to-month,Bank transfer,1,0,0,81,0
CUST-0492,41,66.81,2739.21,One Year,Mailed check,1,0,2,136,0
CUST-0493,28,84.19,2357.3199999999997,Month-to-month,Credit card,1,1,1,100,0
CUST-0494,12,95.52,1146.24,Two Year,Electronic check,0,1,1,103,0
CUST-0495,72,60.05,4323.599999999999,Two Year,Bank transfer,0,1,0,125,0
CUST-0496,37,20.99,776.63,One Year,Credit card,0,1,0,143,0
CUST-0497,48,39.54,1897.92,Two Year,Electronic check,1,0,0,140,0
CUST-0498,63,115.37,7268.31,Month-to-month,Credit card,1,1,4,78,1
CUST-0499,20,85.43,1708.6000000000001,Month-to-month,Credit card,1,1,0,86,0
CUST-0500,39,34.41,1341.9899999999998,Two Year,Bank transfer,0,0,1,96,0
CUST-0501,36,84.51,3042.36,Two Year,Bank transfer,0,1,0,88,0
CUST-0502,2,42.06,84.12,Month-to-month,Bank transfer,1,0,2,126,1
CUST-0503,47,21.75,1022.25,Month-to-month,Electronic check,0,1,1,80,0
CUST-0504,53,35.53,1883.0900000000001,One Year,Electronic check,1,1,2,103,0
CUST-0505,14,117.75,1648.5,One Year,Mailed check,1,0,2,111,0
CUST-0506,23,43.71,1005.33,One Year,Mailed check,0,0,2,76,0
CUST-0507,12,96.87,1162.44,Month-to-month,Credit card,1,0,0,111,0
CUST-0508,32,85.08,2722.56,Month-to-month,Credit card,1,1,2,147,0
CUST-0509,39,106.16,4140.24,Month-to-month,Electronic check,1,1,1,106,1
CUST-0510,50,30.88,1544.0,Month-to-month,Electronic check,0,0,1,112,1
CUST-0511,17,63.91,1086.47,Two Year,Mailed check,1,1,1,77,0
CUST-0512,45,91.34,4110.3,Two Year,Electronic check,1,0,1,68,1
CUST-0513,36,98.57,3548.5199999999995,Two Year,Mailed check,0,0,0,86,0
CUST-0514,59,98.08,5786.72,Month-to-month,Credit card,0,1,1,94,0
CUST-0515,21,71.61,1503.81,One Year,Electronic check,1,0,2,99,1
CUST-0516,38,22.13,840.9399999999999,One Year,Mailed check,0,1,4,123,0
CUST-0517,64,117.86,7543.04,Month-to-month,Credit card,0,0,0,158,0
CUST-0518,4,85.25,341.0,Month-to-month,Bank transfer,0,1,2,93,0
CUST-0519,65,82.6,5369.0,Month-to-month,Mailed check,1,1,3,117,0
CUST-0520,71,73.64,5228.44,Month-to-month,Credit card,0,0,0,109,0
CUST-0521,1,30.87,30.87,Month-to-month,Mailed check,0,0,2,81,0
CUST-0522,61,52.8,3220.7999999999997,Month-to-month,Bank transfer,1,0,1,73,0
CUST-0523,17,38.15,648.55,Month-to-month,Credit card,0,0,1,113,1
CUST-0524,72,38.55,2775.6,Month-to-month,Credit card,0,1,3,105,1
CUST-0525,62,112.67,6985.54,Month-to-month,Credit card,0,1,0,153,0
CUST-0526,43,65.97,2836.71,Month-to-month,Electronic check,1,1,0,59,1
CUST-0527,67,51.62,3458.54,Month-to-month,Credit card,1,1,1,57,1
CUST-0528,60,106.72,6403.2,Two Year,Bank transfer,1,1,0,110,0
CUST-0529,23,117.25,2696.75,One Year,Mailed check,1,1,2,76,0
CUST-0530,28,107.07,2997.96,Month-to-month,Electronic check,1,0,0,124,0
CUST-0531,54,45.21,2441.34,One Year,Bank transfer,0,0,3,91,0
CUST-0532,69,71.43,4928.67,One Year,Credit card,1,0,3,94,0
CUST-0533,34,100.31,3410.54,Month-to-month,Mailed check,1,0,3,94,0
CUST-0534,70,59.45,4161.5,One Year,Electronic check,0,1,3,72,0
CUST-0535,28,83.69,2343.3199999999997,Month-to-month,Electronic check,0,0,2,100,1
CUST-0536,37,69.24,2561.8799999999997,Month-to-month,Credit card,0,1,3,140,0
CUST-0537,67,44.22,2962.74,Month-to-month,Bank transfer,0,0,2,123,1
CUST-0538,72,53.09,3822.4800000000005,Month-to-month,Electronic check,0,0,1,135,1
CUST-0539,2,30.42,60.84,Two Year,Electronic check,1,1,2,89,1
CUST-0540,64,108.12,6919.68,Month-to-month,Credit card,0,1,0,100,0
CUST-0541,60,79.75,4785.0,Month-to-month,Credit card,1,1,1,32,1
CUST-0542,60,40.13,2407.8,One Year,Electronic check,1,0,1,108,0
CUST-0543,68,39.61,2693.48,Month-to-month,Electronic check,1,0,2,74,0
CUST-0544,23,67.04,1541.92,Month-to-month,Electronic check,0,1,1,83,0
CUST-0545,27,84.46,2280.4199999999996,Month-to-month,Electronic check,1,0,2,98,0
CUST-0546,57,68.16,3885.12,One Year,Bank transfer,1,1,0,109,0
CUST-0547,48,66.74,3203.5199999999995,One Year,Bank transfer,0,0,3,130,1
CUST-0548,54,112.8,6091.2,One Year,Bank transfer,0,1,0,89,0
CUST-0549,50,70.5,3525.0,Month-to-month,Mailed check,1,0,1,92,0
CUST-0550,55,62.5,3437.5,Month-to-month,Bank transfer,0,1,1,86,0
CUST-0551,64,38.79,2482.56,Two Year,Electronic check,0,1,1,97,0
CUST-0552,26,26.98,701.48,Month-to-month,Mailed check,0,1,3,109,1
CUST-0553,36,83.12,2992.32,One Year,Electronic check,0,0,4,152,1
CUST-0554,66,117.01,7722.660000000001,Two Year,Bank transfer,1,1,1,132,0
CUST-0555,19,75.41,1432.79,Two Year,Electronic check,0,0,1,130,1
CUST-0556,27,88.9,2400.3,One Year,Electronic check,0,0,2,54,0
CUST-0557,72,92.8,6681.599999999999,Month-to-month,Credit card,0,1,0,97,0
CUST-0558,32,68.81,2201.92,Two Year,Bank transfer,0,0,3,120,1
CUST-0559,13,88.54,1151.02,Month-to-month,Electronic check,1,1,1,93,0
CUST-0560,36,91.23,3284.28,Month-to-month,Bank transfer,1,1,4,92,1
CUST-0561,57,61.22,3489.54,Month-to-month,Bank transfer,1,1,1,130,1
CUST-0562,52,65.09,3384.6800000000003,Month-to-month,Bank transfer,1,1,2,67,0
CUST-0563,3,28.59,85.77,One Year,Electronic check,1,1,3,112,1
CUST-0564,22,45.93,1010.46,Month-to-month,Credit card,1,0,0,105,0
CUST-0565,33,112.06,3697.98,Month-to-month,Electronic check,1,0,3,142,0
CUST-0566,65,25.06,1628.8999999999999,Month-to-month,Electronic check,0,0,1,122,0
CUST-0567,18,114.2,2055.6,One Year,Bank transfer,0,0,1,103,0
CUST-0568,50,96.76,4838.0,Month-to-month,Bank transfer,1,0,1,107,0
CUST-0569,18,41.63,749.34,Month-to-month,Bank transfer,1,0,1,125,1
CUST-0570,53,39.59,2098.27,Month-to-month,Electronic check,0,1,0,110,0
CUST-0571,5,43.91,219.54999999999998,Two Year,Electronic check,0,0,2,116,0
CUST-0572,32,42.95,1374.4,One Year,Credit card,1,0,0,133,0
CUST-0573,50,63.99,3199.5,Month-to-month,Electronic check,1,1,3,117,1
CUST-0574,26,113.82,2959.3199999999997,Two Year,Electronic check,1,1,3,109,1
CUST-0575,62,35.72,2214.64,Month-to-month,Electronic check,1,1,1,120,0
CUST-0576,2,81.86,163.72,Month-to-month,Credit card,0,0,3,68,1
CUST-0577,14,33.4,467.59999999999997,Month-to-month,Mailed check,1,1,0,60,0
CUST-0578,24,63.52,1524.48,Month-to-month,Mailed check,1,1,1,113,0
CUST-0579,34,95.67,3252.78,Two Year,Credit card,1,0,1,124,0
CUST-0580,10,81.27,812.6999999999999,Two Year,Electronic check,0,0,0,103,0
CUST-0581,36,106.49,3833.64,One Year,Mailed check,1,0,2,89,0
CUST-0582,70,76.63,5364.099999999999,Month-to-month,Mailed check,0,0,1,124,0
CUST-0583,55,36.58,2011.8999999999999,Month-to-month,Electronic check,1,1,1,124,1
CUST-0584,28,52.56,1471.68,Month-to-month,Credit card,1,1,2,103,1
CUST-0585,68,113.82,7739.759999999999,One Year,Bank transfer,0,1,4,95,0
CUST-0586,38,59.99,2279.62,Two Year,Mailed check,0,1,2,117,0
CUST-0587,33,21.51,709.83,Month-to-month,Electronic check,0,0,0,78,1
CUST-0588,47,79.48,3735.5600000000004,Month-to-month,Electronic check,0,0,3,108,1
CUST-0589,5,46.87,234.35,Two Year,Bank transfer,1,0,2,132,0
CUST-0590,5,91.02,455.09999999999997,One Year,Mailed check,0,1,2,81,1
CUST-0591,27,62.24,1680.48,Month-to-month,Mailed check,0,1,1,144,0
CUST-0592,61,86.87,5299.070000000001,Two Year,Mailed check,1,1,2,118,0
CUST-0593,60,23.86,1431.6,Month-to-month,Electronic check,0,0,0,65,1
CUST-0594,69,100.8,6955.2,Month-to-month,Electronic check,0,1,0,122,1
CUST-0595,24,76.77,1842.48,Month-to-month,Credit card,0,0,2,54,1
CUST-0596,45,27.93,1256.85,Month-to-month,Mailed check,1,1,1,97,0
CUST-0597,25,88.67,2216.75,Month-to-month,Bank transfer,0,0,4,129,1
CUST-0598,32,67.73,2167.36,Month-to-month,Electronic check,1,0,1,128,0
CUST-0599,67,109.18,7315.06,Month-to-month,Mailed check,0,0,0,99,1
CUST-0600,34,74.45,2531.3,One Year,Credit card,1,0,0,109,0
CUST-0601,72,49.4,3556.7999999999997,Month-to-month,Bank transfer,1,1,0,74,1
CUST-0602,18,54.94,988.92,Month-to-month,Electronic check,1,1,1,66,0
CUST-0603,61,52.39,3195.79,One Year,Electronic check,0,1,5,94,0
CUST-0604,57,70.49,4017.93,Month-to-month,Credit card,1,1,1,93,0
CUST-0605,61,96.77,5902.969999999999,One Year,Credit card,0,1,2,90,0
CUST-0606,13,112.33,1460.29,Month-to-month,Credit card,1,1,0,126,0
CUST-0607,16,49.34,789.44,Month-to-month,Mailed check,1,1,2,152,1
CUST-0608,26,31.55,820.3000000000001,Month-to-month,Bank transfer,0,1,2,84,0
CUST-0609,26,103.87,2700.62,One Year,Electronic check,0,1,1,91,0
CUST-0610,8,50.3,402.4,One Year,Credit card,0,0,1,114,0
CUST-0611,47,47.76,2244.72,One Year,Electronic check,0,0,1,103,0
CUST-0612,23,60.99,1402.77,Month-to-month,Electronic check,1,0,0,136,1
CUST-0613,55,60.78,3342.9,Month-to-month,Credit card,1,0,1,53,0
CUST-0614,62,118.03,7317.86,Month-to-month,Electronic check,0,1,2,111,0
CUST-0615,30,38.4,1152.0,Month-to-month,Mailed check,1,0,1,125,0
CUST-0616,10,86.08,860.8,Month-to-month,Electronic check,0,0,1,101,1
CUST-0617,66,48.09,3173.94,Month-to-month,Electronic check,0,0,3,106,1
CUST-0618,11,23.5,258.5,Month-to-month,Mailed check,1,0,2,69,0
CUST-0619,8,52.62,420.96,Two Year,Credit card,1,0,1,88,0
CUST-0620,39,105.33,4107.87,One Year,Mailed check,0,1,1,96,0
CUST-0621,57,81.91,4668.87,Two Year,Electronic check,1,1,2,100,0
CUST-0622,30,66.51,1995.3000000000002,Two Year,Electronic check,1,1,1,145,0
CUST-0623,66,77.28,5100.4800000000005,One Year,Bank transfer,0,0,0,116,0
CUST-0624,26,54.63,1420.38,One Year,Credit card,0,0,1,90,1
CUST-0625,32,31.68,1013.76,Two Year,Electronic check,1,1,0,111,1
CUST-0626,9,44.44,399.96,Month-to-month,Electronic check,0,0,1,94,0
CUST-0627,41,114.17,4680.97,Month-to-month,Electronic check,0,0,2,91,0
CUST-0628,29,107.31,3111.9900000000002,Month-to-month,Bank transfer,1,1,2,108,0
CUST-0629,57,71.96,4101.719999999999,Month-to-month,Electronic check,0,0,2,89,1
CUST-0630,53,70.55,3739.1499999999996,Month-to-month,Bank transfer,0,0,1,68,1
CUST-0631,26,22.18,576.68,Month-to-month,Bank transfer,1,1,1,139,1
CUST-0632,9,109.96,989.64,Two Year,Electronic check,1,0,1,91,0
CUST-0633,9,102.94,926.46,Two Year,Bank transfer,0,0,3,52,1
CUST-0634,29,90.17,2614.93,Month-to-month,Bank transfer,1,0,0,131,0
CUST-0635,35,92.47,3236.45,Month-to-month,Credit card,1,0,2,129,0
CUST-0636,25,96.16,2404.0,Month-to-month,Bank transfer,1,1,1,104,0
CUST-0637,45,93.33,4199.85,One Year,Mailed check,0,1,1,78,0
CUST-0638,2,100.77,201.54,One Year,Bank transfer,0,0,1,66,0
CUST-0639,12,73.58,882.96,Month-to-month,Bank transfer,0,0,1,39,1
CUST-0640,60,73.92,4435.2,One Year,Bank transfer,0,0,1,94,0
CUST-0641,39,66.18,2581.0200000000004,One Year,Credit card,1,0,3,102,0
CUST-0642,64,74.51,4768.64,Two Year,Mailed check,1,0,0,118,0
CUST-0643,2,114.91,229.82,Month-to-month,Credit card,1,0,0,147,1
CUST-0644,12,110.65,1327.8000000000002,Month-to-month,Electronic check,0,1,3,105,1
CUST-0645,39,23.04,898.56,Month-to-month,Electronic check,1,0,1,86,1
CUST-0646,39,65.53,2555.67,Month-to-month,Mailed check,0,1,1,102,1
CUST-0647,54,44.37,2395.98,Two Year,Mailed check,0,1,3,111,0
CUST-0648,29,78.93,2288.9700000000003,One Year,Mailed check,1,1,0,90,0
CUST-0649,13,84.91,1103.83,Month-to-month,Electronic check,0,0,2,91,1
CUST-0650,65,24.85,1615.25,Month-to-month,Electronic check,1,0,0,108,0
CUST-0651,26,29.58,769.0799999999999,Two Year,Credit card,1,0,0,105,0
CUST-0652,72,62.66,4511.5199999999995,One Year,Credit card,1,1,5,135,1
CUST-0653,56,58.89,3297.84,Month-to-month,Electronic check,1,0,1,96,0
CUST-0654,58,118.46,6870.679999999999,Month-to-month,Electronic check,0,0,2,71,1
CUST-0655,14,80.11,1121.54,One Year,Electronic check,0,0,2,160,1
CUST-0656,69,23.21,1601.49,Month-to-month,Bank transfer,0,1,1,98,0
CUST-0657,43,112.6,4841.8,One Year,Electronic check,0,1,0,94,0
CUST-0658,27,81.41,2198.0699999999997,Month-to-month,Electronic check,0,0,2,139,1
CUST-0659,31,65.53,2031.43,One Year,Electronic check,0,1,1,91,0
CUST-0660,1,71.44,71.44,Month-to-month,Electronic check,1,1,2,110,0
CUST-0661,30,47.32,1419.6,Month-to-month,Credit card,1,1,0,146,1
CUST-0662,26,102.1,2654.6,Month-to-month,Electronic check,1,0,5,75,1
CUST-0663,33,74.25,2450.25,Month-to-month,Electronic check,0,0,1,121,0
CUST-0664,8,108.21,865.68,One Year,Credit card,1,0,1,76,0
CUST-0665,30,94.96,2848.7999999999997,Two Year,Electronic check,0,0,0,77,0
CUST-0666,10,78.96,789.5999999999999,Month-to-month,Credit card,0,1,2,104,0
CUST-0667,15,86.12,1291.8000000000002,One Year,Mailed check,1,0,2,121,0
CUST-0668,59,96.56,5697.04,Month-to-month,Electronic check,0,1,0,107,0
CUST-0669,68,53.16,3614.8799999999997,Two Year,Bank transfer,1,1,2,87,0
CUST-0670,24,40.54,972.96,Month-to-month,Electronic check,0,1,0,126,1
CUST-0671,23,31.84,732.32,Month-to-month,Electronic check,1,0,0,126,1
CUST-0672,21,51.97,1091.37,Month-to-month,Bank transfer,0,1,1,43,0
CUST-0673,68,104.47,7103.96,Month-to-month,Mailed check,1,0,1,84,0
CUST-0674,44,50.56,2224.6400000000003,Month-to-month,Credit card,0,0,1,121,1
CUST-0675,53,44.08,2336.24,Month-to-month,Credit card,0,0,0,83,0
CUST-0676,39,70.68,2756.5200000000004,Month-to-month,Electronic check,0,1,1,140,0
CUST-0677,32,74.37,2379.84,Two Year,Electronic check,0,1,0,150,1
CUST-0678,69,47.26,3260.94,Month-to-month,Electronic check,1,0,2,117,1
CUST-0679,35,119.41,4179.349999999999,Two Year,Electronic check,0,0,3,109,1
CUST-0680,22,101.45,2231.9,Month-to-month,Mailed check,0,0,0,120,0
CUST-0681,70,37.09,2596.3,One Year,Credit card,1,1,0,127,0
CUST-0682,21,108.35,2275.35,One Year,Mailed check,1,1,1,86,0
CUST-0683,50,49.41,2470.5,One Year,Bank transfer,1,0,1,69,0
CUST-0684,55,57.81,3179.55,Month-to-month,Mailed check,1,1,0,105,1
CUST-0685,9,71.27,641.43,One Year,Credit card,1,0,2,76,0
CUST-0686,48,110.33,5295.84,Month-to-month,Mailed check,1,0,1,145,0
CUST-0687,9,79.87,718.83,Month-to-month,Electronic check,0,1,2,62,0
CUST-0688,17,86.46,1469.82,Month-to-month,Electronic check,1,0,1,121,0
CUST-0689,60,119.42,7165.2,Month-to-month,Bank transfer,0,1,2,125,0
CUST-0690,16,75.41,1206.56,Month-to-month,Bank transfer,1,1,0,107,0
CUST-0691,38,53.1,2017.8,Two Year,Electronic check,1,0,1,98,0
CUST-0692,58,87.41,5069.78,One Year,Credit card,0,1,3,101,1
CUST-0693,36,78.96,2842.56,Month-to-month,Electronic check,1,1,2,129,0
CUST-0694,71,117.67,8354.57,Two Year,Electronic check,1,0,4,67,0
CUST-0695,42,66.92,2810.64,Month-to-month,Mailed check,1,1,1,119,0
CUST-0696,70,53.65,3755.5,Month-to-month,Electronic check,0,1,1,50,1
CUST-0697,53,27.51,1458.03,Month-to-month,Mailed check,0,1,2,132,0
CUST-0698,40,116.66,4666.4,Month-to-month,Bank transfer,1,1,4,106,1
CUST-0699,8,91.48,731.84,One Year,Electronic check,1,0,0,90,1
CUST-0700,26,68.44,1779.44,One Year,Electronic check,0,0,3,117,1
CUST-0701,34,82.8,2815.2,One Year,Electronic check,0,0,1,111,1
CUST-0702,43,52.0,2236.0,Month-to-month,Mailed check,0,1,2,62,0
CUST-0703,27,78.76,2126.52,One Year,Electronic check,0,1,2,110,1
CUST-0704,35,112.18,3926.3,Month-to-month,Bank transfer,0,0,2,132,0
CUST-0705,21,80.16,1683.36,Month-to-month,Credit card,1,0,2,78,0
CUST-0706,65,110.14,7159.1,One Year,Electronic check,0,1,3,101,0
CUST-0707,35,97.15,3400.25,Two Year,Credit card,1,0,3,97,0
CUST-0708,55,100.13,5507.15,One Year,Electronic check,0,1,2,122,0
CUST-0709,26,21.56,560.56,Month-to-month,Electronic check,0,0,2,68,0
CUST-0710,24,91.03,2184.7200000000003,One Year,Electronic check,1,1,2,138,1
CUST-0711,52,68.77,3576.04,Month-to-month,Bank transfer,0,0,1,100,0
CUST-0712,70,115.74,8101.799999999999,Month-to-month,Electronic check,0,1,3,90,0
CUST-0713,53,107.88,5717.639999999999,One Year,Electronic check,0,0,1,71,0
CUST-0714,59,82.4,4861.6,Month-to-month,Electronic check,1,0,2,130,0
CUST-0715,18,99.03,1782.54,Month-to-month,Electronic check,0,0,3,81,1
CUST-0716,20,39.53,790.6,Two Year,Electronic check,1,1,2,104,0
CUST-0717,36,86.85,3126.6,Month-to-month,Credit card,0,0,2,127,1
CUST-0718,68,29.62,2014.16,Two Year,Bank transfer,0,0,2,80,0
CUST-0719,33,60.44,1994.52,Month-to-month,Credit card,1,0,3,117,1
CUST-0720,47,61.45,2888.15,Two Year,Mailed check,1,1,0,90,0
CUST-0721,69,66.0,4554.0,Month-to-month,Electronic check,0,0,0,84,1
CUST-0722,61,65.59,4000.9900000000002,One Year,Bank transfer,0,0,1,55,1
CUST-0723,28,21.63,605.64,Two Year,Electronic check,0,1,1,113,0
CUST-0724,66,117.51,7755.660000000001,One Year,Bank transfer,0,0,1,43,0
CUST-0725,41,75.47,3094.27,Month-to-month,Mailed check,0,1,1,104,1
CUST-0726,15,96.0,1440.0,One Year,Mailed check,1,0,0,115,0
CUST-0727,41,40.14,1645.74,Month-to-month,Credit card,1,0,3,108,0
CUST-0728,65,81.69,5309.849999999999,Month-to-month,Mailed check,1,0,0,95,0
CUST-0729,38,60.89,2313.82,Month-to-month,Electronic check,1,1,1,107,0
CUST-0730,52,24.56,1277.12,One Year,Mailed check,0,0,2,91,0
CUST-0731,7,45.79,320.53,One Year,Electronic check,1,1,0,82,0
CUST-0732,5,22.78,113.9,Month-to-month,Credit card,0,0,0,100,1
CUST-0733,1,89.63,89.63,Month-to-month,Credit card,1,0,2,62,1
CUST-0734,41,35.67,1462.47,Month-to-month,Electronic check,0,0,1,84,1
CUST-0735,64,118.67,7594.88,Month-to-month,Bank transfer,1,0,2,120,1
CUST-0736,36,115.61,4161.96,Month-to-month,Bank transfer,0,1,2,106,0
CUST-0737,25,77.56,1939.0,One Year,Electronic check,1,1,0,119,1
CUST-0738,39,43.27,1687.5300000000002,Two Year,Electronic check,0,1,1,111,0
CUST-0739,51,82.43,4203.93,Month-to-month,Mailed check,1,1,0,79,0
CUST-0740,39,86.7,3381.3,Month-to-month,Bank transfer,1,0,2,116,0
CUST-0741,40,31.9,1276.0,Month-to-month,Bank transfer,1,0,3,99,0
CUST-0742,44,103.17,4539.4800000000005,Month-to-month,Bank transfer,1,0,2,43,0
CUST-0743,2,64.71,129.42,Month-to-month,Mailed check,0,0,1,87,1
CUST-0744,34,64.8,2203.2,Month-to-month,Bank transfer,1,0,2,114,0
CUST-0745,67,90.82,6084.94,Two Year,Credit card,0,0,3,137,1
CUST-0746,53,51.35,2721.55,Two Year,Electronic check,0,0,5,113,0
CUST-0747,35,64.24,2248.3999999999996,Month-to-month,Mailed check,1,0,2,91,0
CUST-0748,62,62.04,3846.48,One Year,Electronic check,1,0,0,84,1
CUST-0749,3,50.85,152.55,One Year,Bank transfer,1,0,1,119,1
CUST-0750,21,77.3,1623.3,One Year,Bank transfer,1,1,0,60,0
CUST-0751,9,117.99,1061.9099999999999,One Year,Credit card,1,0,2,122,0
CUST-0752,22,115.54,2541.88,Month-to-month,Electronic check,1,1,0,48,0
CUST-0753,59,47.95,2829.05,Month-to-month,Mailed check,0,0,2,103,0
CUST-0754,60,38.98,2338.7999999999997,Month-to-month,Electronic check,1,0,2,96,0
CUST-0755,46,78.14,3594.44,Month-to-month,Mailed check,0,1,1,156,0
CUST-0756,63,67.41,4246.83,Month-to-month,Mailed check,0,0,1,51,1
CUST-0757,65,31.47,2045.55,One Year,Electronic check,1,0,1,92,0
CUST-0758,6,104.02,624.12,Month-to-month,Credit card,1,0,3,127,1
CUST-0759,33,45.17,1490.6100000000001,Month-to-month,Electronic check,0,0,3,90,1
CUST-0760,12,89.03,1068.3600000000001,Month-to-month,Electronic check,0,0,1,136,1
CUST-0761,69,114.64,7910.16,Month-to-month,Credit card,1,1,0,73,0
CUST-0762,49,67.86,3325.14,Month-to-month,Credit card,1,1,2,72,0
CUST-0763,13,31.96,415.48,Two Year,Electronic check,0,0,2,82,0
CUST-0764,59,51.54,3040.86,Month-to-month,Electronic check,1,0,1,88,0
CUST-0765,22,44.15,971.3,One Year,Electronic check,0,1,0,101,0
CUST-0766,9,34.91,314.18999999999994,Month-to-month,Bank transfer,1,1,1,80,1
CUST-0767,62,36.26,2248.12,One Year,Bank transfer,1,1,1,104,0
CUST-0768,15,76.05,1140.75,Month-to-month,Bank transfer,0,0,0,136,1
CUST-0769,11,64.99,714.89,Month-to-month,Electronic check,1,1,2,81,1
CUST-0770,38,31.06,1180.28,One Year,Electronic check,0,0,1,116,1
CUST-0771,39,92.39,3603.21,Month-to-month,Mailed check,1,1,3,158,1
CUST-0772,45,20.58,926.0999999999999,One Year,Mailed check,0,1,2,114,0
CUST-0773,18,55.68,1002.24,Month-to-month,Bank transfer,1,1,2,94,1
CUST-0774,36,39.68,1428.48,Month-to-month,Electronic check,1,0,3,72,0
CUST-0775,55,106.65,5865.75,Month-to-month,Mailed check,0,1,2,110,0
CUST-0776,4,43.25,173.0,One Year,Electronic check,1,0,3,94,0
CUST-0777,32,61.53,1968.96,Two Year,Mailed check,0,0,2,80,0
CUST-0778,17,59.58,1012.86,Month-to-month,Credit card,1,0,1,86,0
CUST-0779,69,42.57,2937.33,Two Year,Mailed check,1,0,1,65,0
CUST-0780,59,35.13,2072.67,Month-to-month,Bank transfer,0,1,3,94,0
CUST-0781,34,66.77,2270.18,Two Year,Mailed check,0,0,1,82,0
CUST-0782,59,86.22,5086.98,Month-to-month,Credit card,0,0,4,149,1
CUST-0783,62,71.92,4459.04,Month-to-month,Electronic check,0,0,1,114,1
CUST-0784,41,49.82,2042.6200000000001,Two Year,Bank transfer,0,0,2,63,0
CUST-0785,53,78.39,4154.67,One Year,Mailed check,0,1,4,42,0
CUST-0786,57,39.35,2242.9500000000003,Month-to-month,Electronic check,1,1,2,114,1
CUST-0787,65,37.99,2469.35,Month-to-month,Electronic check,1,1,3,91,0
CUST-0788,38,72.24,2745.12,One Year,Electronic check,1,1,0,62,1
CUST-0789,2,76.63,153.26,One Year,Electronic check,0,0,2,148,0
CUST-0790,15,66.54,998.1000000000001,One Year,Bank transfer,0,1,5,128,1
CUST-0791,58,100.3,5817.4,Month-to-month,Electronic check,1,1,1,79,1
CUST-0792,65,61.02,3966.3,Two Year,Mailed check,1,1,1,91,0
CUST-0793,39,20.91,815.49,Two Year,Electronic check,0,0,0,133,0
CUST-0794,28,94.1,2634.7999999999997,One Year,Bank transfer,0,1,0,69,0
CUST-0795,24,35.11,842.64,Month-to-month,Credit card,0,0,2,69,1
CUST-0796,51,64.81,3305.31,Month-to-month,Bank transfer,0,1,0,107,0
CUST-0797,39,78.37,3056.4300000000003,One Year,Credit card,0,0,3,104,0
CUST-0798,9,57.02,513.1800000000001,One Year,Bank transfer,0,0,0,79,1
CUST-0799,6,104.98,629.88,Two Year,Electronic check,1,0,2,102,1
CUST-0800,47,83.73,3935.3100000000004,Two Year,Credit card,0,1,1,94,0
CUST-0801,69,80.94,5584.86,Month-to-month,Mailed check,1,0,0,66,0
CUST-0802,46,24.54,1128.84,One Year,Bank transfer,0,1,3,56,0
CUST-0803,50,28.12,1406.0,Month-to-month,Credit card,1,0,0,106,0
CUST-0804,4,103.75,415.0,Month-to-month,Electronic check,1,0,1,105,0
CUST-0805,19,61.13,1161.47,Month-to-month,Bank transfer,0,1,1,144,0
CUST-0806,45,40.53,1823.8500000000001,One Year,Bank transfer,0,0,0,117,0
CUST-0807,40,72.89,2915.6,Two Year,Bank transfer,1,0,2,127,0
CUST-0808,18,31.93,574.74,One Year,Credit card,0,0,1,84,0
CUST-0809,57,24.7,1407.8999999999999,One Year,Mailed check,0,0,2,122,0
CUST-0810,61,59.38,3622.1800000000003,Month-to-month,Electronic check,1,0,2,127,0
CUST-0811,16,46.44,743.04,Month-to-month,Electronic check,0,1,0,72,0
CUST-0812,21,54.2,1138.2,Month-to-month,Credit card,1,0,3,67,1
CUST-0813,56,54.88,3073.28,Month-to-month,Credit card,0,0,1,104,0
CUST-0814,63,79.28,4994.64,Month-to-month,Electronic check,1,0,0,95,0
CUST-0815,70,95.9,6713.0,One Year,Mailed check,1,0,1,81,0
CUST-0816,29,112.17,3252.93,Two Year,Bank transfer,0,0,2,175,0
CUST-0817,29,61.46,1782.34,One Year,Bank transfer,0,0,1,67,0
CUST-0818,39,116.32,4536.48,Month-to-month,Electronic check,0,1,2,118,1
CUST-0819,37,22.04,815.48,Month-to-month,Electronic check,0,0,0,126,1
CUST-0820,37,25.32,936.84,Month-to-month,Electronic check,0,0,0,103,0
CUST-0821,1,21.89,21.89,Two Year,Electronic check,1,0,2,119,0
CUST-0822,58,57.56,3338.48,Month-to-month,Credit card,0,0,2,128,0
CUST-0823,11,111.0,1221.0,Month-to-month,Bank transfer,1,1,1,114,0
CUST-0824,59,80.73,4763.070000000001,Month-to-month,Bank transfer,0,1,0,154,0
CUST-0825,4,88.43,353.72,Two Year,Bank transfer,1,1,1,75,0
CUST-0826,29,34.0,986.0,One Year,Mailed check,0,0,1,106,0
CUST-0827,68,47.64,3239.52,Month-to-month,Mailed check,0,0,0,76,0
CUST-0828,68,48.97,3329.96,Two Year,Credit card,1,0,0,135,0
CUST-0829,58,54.94,3186.52,One Year,Bank transfer,1,1,3,118,0
CUST-0830,56,47.13,2639.28,Month-to-month,Credit card,1,0,2,76,0
CUST-0831,5,80.85,404.25,One Year,Credit card,0,0,0,52,0
CUST-0832,40,101.55,4062.0,Two Year,Credit card,1,1,1,136,0
CUST-0833,2,76.27,152.54,Two Year,Mailed check,1,1,0,139,1
CUST-0834,4,39.43,157.72,Two Year,Credit card,1,0,1,96,0
CUST-0835,7,42.52,297.64000000000004,Two Year,Credit card,0,0,1,138,1
CUST-0836,41,44.58,1827.78,Month-to-month,Bank transfer,0,0,1,118,0
CUST-0837,29,71.57,2075.5299999999997,Month-to-month,Electronic check,1,0,1,60,0
CUST-0838,53,72.88,3862.64,Month-to-month,Mailed check,1,1,4,75,1
CUST-0839,9,111.41,1002.6899999999999,Two Year,Mailed check,0,1,1,113,0
CUST-0840,18,88.04,1584.72,Month-to-month,Electronic check,1,1,1,131,0
CUST-0841,25,105.23,2630.75,One Year,Electronic check,0,0,1,90,0
CUST-0842,62,115.88,7184.5599999999995,Two Year,Mailed check,1,1,0,146,0
CUST-0843,69,58.68,4048.92,Month-to-month,Electronic check,1,0,1,121,1
CUST-0844,23,98.57,2267.1099999999997,Two Year,Mailed check,0,0,6,94,0
CUST-0845,33,81.28,2682.2400000000002,One Year,Bank transfer,0,0,1,74,0
CUST-0846,52,29.2,1518.3999999999999,Month-to-month,Bank transfer,0,0,1,115,1
CUST-0847,68,112.99,7683.32,Month-to-month,Credit card,1,0,3,90,1
CUST-0848,63,66.88,4213.44,Month-to-month,Bank transfer,1,0,3,72,0
CUST-0849,72,95.27,6859.44,Month-to-month,Electronic check,0,1,2,104,0
CUST-0850,20,83.98,1679.6000000000001,Two Year,Credit card,0,1,3,90,0
CUST-0851,41,100.67,4127.47,Month-to-month,Electronic check,0,1,1,122,0
CUST-0852,16,33.91,542.56,Month-to-month,Mailed check,0,1,0,106,0
CUST-0853,1,29.98,29.98,Month-to-month,Bank transfer,1,0,1,43,1
CUST-0854,59,24.49,1444.9099999999999,Month-to-month,Bank transfer,0,1,1,96,0
CUST-0855,3,92.57,277.71,Month-to-month,Mailed check,1,0,1,61,0
CUST-0856,37,76.94,2846.7799999999997,Month-to-month,Electronic check,0,0,0,45,1
CUST-0857,64,47.54,3042.56,Month-to-month,Credit card,0,1,1,91,0
CUST-0858,47,20.41,959.27,Two Year,Bank transfer,0,0,1,98,0
CUST-0859,18,39.61,712.98,Two Year,Credit card,1,1,1,115,0
CUST-0860,22,47.92,1054.24,Month-to-month,Electronic check,0,1,2,74,1
CUST-0861,33,115.37,3807.21,Month-to-month,Mailed check,0,1,0,91,0
CUST-0862,71,118.75,8431.25,Month-to-month,Mailed check,0,1,3,74,0
CUST-0863,4,90.9,363.6,Month-to-month,Mailed check,1,0,1,103,1
CUST-0864,36,85.77,3087.72,Month-to-month,Electronic check,1,0,2,128,1
CUST-0865,46,93.51,4301.46,One Year,Electronic check,0,1,2,80,0
CUST-0866,22,83.24,1831.28,Month-to-month,Electronic check,1,1,0,96,1
CUST-0867,61,40.5,2470.5,Two Year,Electronic check,0,0,1,125,0
CUST-0868,19,90.82,1725.58,Month-to-month,Credit card,1,0,2,106,1
CUST-0869,63,85.78,5404.14,One Year,Electronic check,0,1,3,115,0
CUST-0870,69,116.18,8016.42,Month-to-month,Electronic check,1,1,1,69,0
CUST-0871,52,38.79,2017.08,Month-to-month,Electronic check,1,0,0,86,0
CUST-0872,12,115.73,1388.76,One Year,Credit card,0,0,3,93,1
CUST-0873,37,43.95,1626.15,Month-to-month,Mailed check,0,1,1,75,1
CUST-0874,44,94.89,4175.16,Month-to-month,Bank transfer,1,1,2,123,1
CUST-0875,26,103.15,2681.9,One Year,Credit card,1,0,4,85,0
CUST-0876,23,52.59,1209.5700000000002,One Year,Bank transfer,1,1,0,125,1
CUST-0877,53,93.45,4952.85,Month-to-month,Electronic check,1,0,2,81,0
CUST-0878,13,107.69,1399.97,Month-to-month,Mailed check,0,0,2,117,1
CUST-0879,7,75.36,527.52,Month-to-month,Electronic check,0,1,2,129,0
CUST-0880,65,109.87,7141.55,Month-to-month,Mailed check,0,1,1,89,1
CUST-0881,62,30.39,1884.18,Two Year,Electronic check,0,1,0,97,0
CUST-0882,35,33.54,1173.8999999999999,Two Year,Electronic check,1,0,1,101,0
CUST-0883,63,32.82,2067.66,Month-to-month,Credit card,0,1,1,85,0
CUST-0884,11,105.8,1163.8,Two Year,Credit card,0,0,1,78,0
CUST-0885,28,60.31,1688.68,One Year,Credit card,0,0,1,85,0
CUST-0886,16,99.63,1594.08,Month-to-month,Electronic check,0,0,4,116,1
CUST-0887,59,22.11,1304.49,Month-to-month,Mailed check,0,1,2,89,0
CUST-0888,69,107.75,7434.75,Month-to-month,Bank transfer,1,1,2,122,0
CUST-0889,51,75.33,3841.83,One Year,Mailed check,1,1,2,154,0
CUST-0890,9,26.33,236.96999999999997,Two Year,Electronic check,1,0,0,128,0
CUST-0891,26,38.52,1001.5200000000001,Month-to-month,Credit card,1,0,2,138,0
CUST-0892,9,112.84,1015.5600000000001,Two Year,Electronic check,1,1,2,82,0
CUST-0893,9,72.21,649.89,Month-to-month,Bank transfer,1,0,0,77,0
CUST-0894,11,94.8,1042.8,Two Year,Bank transfer,1,0,2,122,0
CUST-0895,51,37.54,1914.54,Month-to-month,Mailed check,0,1,0,98,1
CUST-0896,26,42.8,1112.8,One Year,Credit card,0,1,5,123,0
CUST-0897,17,112.62,1914.54,Month-to-month,Bank transfer,1,0,2,105,0
CUST-0898,23,114.87,2642.01,Two Year,Electronic check,0,0,3,83,1
CUST-0899,41,44.83,1838.03,Month-to-month,Electronic check,0,0,2,139,1
CUST-0900,31,50.7,1571.7,One Year,Bank transfer,0,1,0,118,0
CUST-0901,29,50.55,1465.9499999999998,Month-to-month,Electronic check,1,1,3,71,1
CUST-0902,16,39.59,633.44,One Year,Credit card,1,1,0,95,0
CUST-0903,31,24.03,744.9300000000001,One Year,Credit card,0,0,0,98,0
CUST-0904,24,106.16,2547.84,Month-to-month,Bank transfer,1,1,1,89,0
CUST-0905,58,28.93,1677.94,Two Year,Bank transfer,1,0,1,108,0
CUST-0906,67,84.82,5682.94,One Year,Electronic check,0,0,2,120,0
CUST-0907,70,96.24,6736.799999999999,Two Year,Electronic check,1,1,1,116,0
CUST-0908,48,92.06,4418.88,Month-to-month,Mailed check,0,1,1,140,0
CUST-0909,70,99.19,6943.3,Month-to-month,Electronic check,0,0,2,139,0
CUST-0910,72,110.31,7942.32,One Year,Electronic check,0,1,1,110,0
CUST-0911,27,115.06,3106.62,Month-to-month,Bank transfer,0,1,0,125,1
CUST-0912,8,90.92,727.36,Month-to-month,Electronic check,0,0,0,67,0
CUST-0913,40,63.14,2525.6,Two Year,Mailed check,0,1,3,79,0
CUST-0914,49,101.13,4955.37,Two Year,Electronic check,0,1,1,96,0
CUST-0915,34,119.28,4055.52,Month-to-month,Electronic check,1,0,1,138,0
CUST-0916,43,83.08,3572.44,Month-to-month,Credit card,0,1,2,77,0
CUST-0917,58,96.71,5609.179999999999,Month-to-month,Credit card,0,1,5,109,1
CUST-0918,56,68.58,3840.48,Month-to-month,Electronic check,1,0,2,47,0
CUST-0919,64,106.77,6833.28,Two Year,Credit card,1,1,2,101,1
CUST-0920,64,84.03,5377.92,Month-to-month,Bank transfer,0,1,3,102,0
CUST-0921,67,47.87,3207.29,Month-to-month,Electronic check,0,0,3,134,1
CUST-0922,35,66.88,2340.7999999999997,Month-to-month,Bank transfer,1,0,3,47,0
CUST-0923,12,92.83,1113.96,Month-to-month,Electronic check,1,1,1,95,1
CUST-0924,53,54.97,2913.41,Two Year,Electronic check,1,1,0,102,0
CUST-0925,2,72.59,145.18,One Year,Credit card,1,0,0,83,1
CUST-0926,17,98.05,1666.85,Month-to-month,Bank transfer,1,0,1,111,0
CUST-0927,49,83.85,4108.65,One Year,Mailed check,0,0,1,116,0
CUST-0928,47,92.35,4340.45,Two Year,Electronic check,0,0,2,134,0
CUST-0929,34,93.33,3173.22,Two Year,Bank transfer,0,1,1,102,0
CUST-0930,57,56.17,3201.69,Month-to-month,Credit card,0,0,0,117,1
CUST-0931,5,108.25,541.25,Month-to-month,Electronic check,0,1,0,136,1
CUST-0932,4,34.3,137.2,Month-to-month,Credit card,1,0,2,117,0
CUST-0933,47,37.03,1740.41,Month-to-month,Bank transfer,1,1,1,98,0
CUST-0934,4,89.54,358.16,Month-to-month,Mailed check,0,0,3,110,1
CUST-0935,53,27.48,1456.44,One Year,Mailed check,0,0,0,154,0
CUST-0936,68,96.75,6579.0,One Year,Mailed check,0,0,0,122,0
CUST-0937,55,111.87,6152.85,One Year,Electronic check,0,1,2,152,0
CUST-0938,35,99.71,3489.85,Month-to-month,Electronic check,0,0,2,94,0
CUST-0939,38,26.15,993.6999999999999,Month-to-month,Mailed check,0,0,2,117,0
CUST-0940,27,35.29,952.8299999999999,One Year,Credit card,0,1,1,122,0
CUST-0941,26,101.18,2630.6800000000003,One Year,Mailed check,1,1,2,121,0
CUST-0942,26,107.3,2789.7999999999997,Month-to-month,Bank transfer,0,1,1,87,0
CUST-0943,37,94.12,3482.44,Two Year,Electronic check,0,0,1,69,0
CUST-0944,40,77.28,3091.2,Month-to-month,Electronic check,0,1,1,122,0
CUST-0945,55,79.78,4387.9,Two Year,Credit card,0,1,2,97,0
CUST-0946,5,61.11,305.55,Month-to-month,Bank transfer,0,1,1,142,1
CUST-0947,35,87.58,3065.2999999999997,Two Year,Credit card,0,0,2,102,1
CUST-0948,43,56.9,2446.7,Month-to-month,Credit card,1,0,3,120,1
CUST-0949,57,87.2,4970.400000000001,Month-to-month,Electronic check,0,0,1,100,1
CUST-0950,10,99.58,995.8,One Year,Credit card,1,1,1,106,0
CUST-0951,12,22.17,266.04,Month-to-month,Electronic check,0,0,3,119,0
CUST-0952,55,33.77,1857.3500000000001,Two Year,Electronic check,1,1,4,163,1
CUST-0953,11,25.55,281.05,Month-to-month,Electronic check,0,0,0,100,1
CUST-0954,45,63.72,2867.4,One Year,Mailed check,0,0,2,90,0
CUST-0955,49,67.77,3320.73,Two Year,Bank transfer,0,0,1,39,0
CUST-0956,62,108.49,6726.38,Month-to-month,Credit card,1,1,1,69,0
CUST-0957,60,80.15,4809.0,Two Year,Mailed check,0,1,2,124,0
CUST-0958,15,90.28,1354.2,Two Year,Electronic check,1,1,1,103,0
CUST-0959,53,71.58,3793.74,Month-to-month,Credit card,0,0,0,90,0
CUST-0960,29,69.09,2003.6100000000001,One Year,Mailed check,0,0,3,107,0
CUST-0961,24,73.55,1765.1999999999998,One Year,Electronic check,0,1,0,104,0
CUST-0962,18,89.66,1613.8799999999999,Month-to-month,Electronic check,0,1,2,94,1
CUST-0963,18,23.56,424.08,One Year,Bank transfer,1,0,0,140,0
CUST-0964,57,20.9,1191.3,Month-to-month,Mailed check,1,0,2,113,0
CUST-0965,54,51.06,2757.2400000000002,Month-to-month,Mailed check,0,0,0,97,1
CUST-0966,3,45.61,136.82999999999998,Month-to-month,Bank transfer,0,1,0,116,1
CUST-0967,27,90.76,2450.52,One Year,Electronic check,0,1,1,79,1
CUST-0968,10,90.88,908.8,Month-to-month,Electronic check,1,1,3,92,0
CUST-0969,54,79.23,4278.42,Month-to-month,Electronic check,0,1,1,104,0
CUST-0970,51,100.46,5123.46,Month-to-month,Bank transfer,1,1,3,98,1
CUST-0971,68,66.67,4533.56,Two Year,Electronic check,0,0,3,102,1
CUST-0972,71,57.06,4051.26,Month-to-month,Bank transfer,1,0,4,71,1
CUST-0973,66,94.12,6211.92,Month-to-month,Electronic check,0,1,0,111,0
CUST-0974,38,37.64,1430.32,One Year,Electronic check,1,1,0,94,0
CUST-0975,26,64.29,1671.5400000000002,Month-to-month,Credit card,1,1,3,122,1
CUST-0976,5,111.78,558.9,Two Year,Bank transfer,1,0,2,135,1
CUST-0977,49,109.21,5351.29,Month-to-month,Credit card,1,0,2,83,1
CUST-0978,47,23.66,1112.02,Month-to-month,Electronic check,1,0,2,89,1
CUST-0979,36,27.46,988.5600000000001,Month-to-month,Bank transfer,0,1,1,130,0
CUST-0980,67,27.19,1821.73,Month-to-month,Mailed check,1,0,0,80,0
CUST-0981,66,111.79,7378.14,Two Year,Mailed check,1,1,3,71,0
CUST-0982,28,52.06,1457.68,Month-to-month,Bank transfer,1,1,3,131,0
CUST-0983,21,65.35,1372.35,Two Year,Electronic check,0,0,0,106,0
CUST-0984,47,35.47,1667.09,Month-to-month,Electronic check,0,0,2,118,1
CUST-0985,62,119.61,7415.82,Two Year,Credit card,1,1,2,123,0
CUST-0986,13,70.47,916.11,One Year,Mailed check,1,0,0,116,0
CUST-0987,59,32.76,1932.84,Two Year,Credit card,1,0,2,140,0
CUST-0988,51,110.27,5623.7699999999995,One Year,Electronic check,0,0,1,109,1
CUST-0989,49,31.13,1525.37,One Year,Bank transfer,0,0,2,107,0
CUST-0990,52,81.22,4223.44,One Year,Mailed check,0,1,3,85,0
CUST-0991,61,44.13,2691.9300000000003,One Year,Electronic check,0,1,3,70,0
CUST-0992,25,47.5,1187.5,One Year,Electronic check,1,0,1,107,0
CUST-0993,35,114.76,4016.6000000000004,Month-to-month,Electronic check,0,0,1,149,1
CUST-0994,66,80.66,5323.5599999999995,Month-to-month,Credit card,0,0,1,99,0
CUST-0995,67,53.43,3579.81,Two Year,Bank transfer,1,1,1,95,0
CUST-0996,6,63.55,381.29999999999995,Two Year,Electronic check,1,0,0,81,0
CUST-0997,38,118.19,4491.22,Month-to-month,Mailed check,0,0,2,143,0
CUST-0998,10,44.18,441.8,Two Year,Credit card,0,1,0,99,0
CUST-0999,49,56.13,2750.3700000000003,Month-to-month,Mailed check,1,0,1,129,1
CUST-1000,15,92.56,1388.4,Month-to-month,Mailed check,0,1,1,46,0
CUST-1001,48,84.47,4054.56,Month-to-month,Bank transfer,0,0,0,161,1
CUST-1002,23,52.0,1196.0,Month-to-month,Electronic check,1,1,2,114,1
CUST-1003,52,34.19,1777.8799999999999,One Year,Mailed check,1,0,2,90,0
CUST-1004,9,56.57,509.13,One Year,Mailed check,1,1,0,98,0
CUST-1005,36,98.52,3546.72,Two Year,Electronic check,0,1,3,104,0
CUST-1006,63,80.54,5074.02,Month-to-month,Electronic check,0,1,1,140,1
CUST-1007,50,47.14,2357.0,Month-to-month,Credit card,1,1,2,127,0
CUST-1008,29,72.58,2104.82,Month-to-month,Electronic check,1,0,4,84,1
CUST-1009,4,78.19,312.76,Two Year,Electronic check,0,0,2,101,0
CUST-1010,16,41.07,657.12,Month-to-month,Electronic check,0,1,1,65,1
CUST-1011,45,26.82,1206.9,Two Year,Electronic check,1,1,1,71,0
CUST-1012,11,84.94,934.3399999999999,Month-to-month,Mailed check,0,0,2,114,0
CUST-1013,4,34.94,139.76,Month-to-month,Mailed check,1,1,1,135,1
CUST-1014,60,46.51,2790.6,Two Year,Credit card,1,1,1,103,0
CUST-1015,36,22.11,795.96,Two Year,Electronic check,0,0,3,90,0
CUST-1016,54,119.98,6478.92,Month-to-month,Bank transfer,0,0,2,123,0
CUST-1017,20,105.92,2118.4,One Year,Electronic check,0,0,1,71,0
CUST-1018,68,59.51,4046.68,One Year,Bank transfer,0,1,3,75,0
CUST-1019,2,33.33,66.66,Month-to-month,Bank transfer,0,1,1,55,1
CUST-1020,19,44.05,836.9499999999999,Month-to-month,Mailed check,0,1,0,86,0
CUST-1021,44,36.38,1600.72,Month-to-month,Electronic check,1,1,1,76,0
CUST-1022,1,98.42,98.42,Month-to-month,Credit card,0,0,1,119,1
CUST-1023,51,37.94,1934.9399999999998,One Year,Electronic check,0,0,0,77,1
CUST-1024,65,30.34,1972.1,Two Year,Mailed check,0,0,1,112,0
CUST-1025,26,116.76,3035.76,Month-to-month,Electronic check,0,1,1,76,0
CUST-1026,36,25.7,925.1999999999999,Two Year,Credit card,1,1,1,75,0
CUST-1027,68,113.59,7724.12,Two Year,Mailed check,1,1,3,154,0
CUST-1028,60,65.85,3950.9999999999995,Two Year,Electronic check,0,1,0,119,0
CUST-1029,26,60.26,1566.76,Month-to-month,Electronic check,1,1,1,70,0
CUST-1030,38,54.23,2060.74,Two Year,Credit card,0,1,0,115,0
CUST-1031,43,47.87,2058.41,Month-to-month,Bank transfer,1,0,1,101,0
CUST-1032,49,115.37,5653.13,Two Year,Electronic check,0,0,0,69,0
CUST-1033,57,34.59,1971.63,Month-to-month,Electronic check,0,1,2,109,1
CUST-1034,8,31.38,251.04,One Year,Electronic check,0,0,0,114,0
CUST-1035,47,40.08,1883.76,Two Year,Bank transfer,1,1,1,102,0
CUST-1036,36,82.03,2953.08,Month-to-month,Credit card,1,0,0,102,1
CUST-1037,54,54.91,2965.14,Month-to-month,Electronic check,1,1,1,115,0
CUST-1038,61,45.27,2761.4700000000003,Two Year,Mailed check,1,1,3,104,0
CUST-1039,31,21.65,671.15,Month-to-month,Electronic check,1,1,2,133,0
CUST-1040,8,22.15,177.2,One Year,Electronic check,0,0,0,126,0
CUST-1041,26,63.22,1643.72,One Year,Mailed check,1,1,5,158,0
CUST-1042,21,22.5,472.5,One Year,Credit card,0,0,0,85,0
CUST-1043,57,78.36,4466.5199999999995,Month-to-month,Bank transfer,0,0,0,118,0
CUST-1044,48,32.82,1575.3600000000001,Month-to-month,Credit card,0,1,3,63,0
CUST-1045,68,97.29,6615.72,Month-to-month,Bank transfer,0,1,1,84,0
CUST-1046,9,77.25,695.25,Month-to-month,Electronic check,0,1,2,121,1
CUST-1047,52,49.68,2583.36,Two Year,Electronic check,0,0,3,152,1
CUST-1048,7,48.3,338.09999999999997,Month-to-month,Mailed check,0,0,2,84,1
CUST-1049,15,80.99,1214.85,Two Year,Electronic check,1,1,0,85,0
CUST-1050,20,41.06,821.2,Month-to-month,Mailed check,0,1,1,106,0
CUST-1051,16,43.01,688.16,Month-to-month,Electronic check,1,0,0,104,0
CUST-1052,45,111.22,5004.9,Month-to-month,Electronic check,1,0,1,93,1
CUST-1053,15,101.9,1528.5,Month-to-month,Bank transfer,0,0,0,115,1
CUST-1054,71,91.63,6505.73,Month-to-month,Bank transfer,1,0,1,115,0
CUST-1055,53,48.01,2544.5299999999997,Month-to-month,Mailed check,0,0,1,130,1
CUST-1056,68,105.94,7203.92,One Year,Mailed check,0,0,2,130,1
CUST-1057,4,41.22,164.88,Two Year,Bank transfer,0,0,4,129,1
CUST-1058,68,106.6,7248.799999999999,One Year,Mailed check,0,0,0,106,0
CUST-1059,17,47.92,814.64,One Year,Electronic check,1,1,2,89,0
CUST-1060,68,67.76,4607.68,One Year,Electronic check,1,0,0,79,0
CUST-1061,38,38.11,1448.18,Month-to-month,Electronic check,0,0,2,95,0
CUST-1062,33,56.06,1849.98,Month-to-month,Credit card,1,1,1,108,0
CUST-1063,21,111.09,2332.89,Month-to-month,Electronic check,1,0,0,85,0
CUST-1064,65,109.53,7119.45,Month-to-month,Electronic check,1,0,2,88,1
CUST-1065,52,61.04,3174.08,One Year,Credit card,0,1,2,104,0
CUST-1066,22,32.7,719.4000000000001,Month-to-month,Bank transfer,0,1,0,111,0
CUST-1067,57,105.79,6030.030000000001,One Year,Credit card,0,1,2,97,0
CUST-1068,28,102.3,2864.4,Month-to-month,Mailed check,0,1,1,120,1
CUST-1069,32,28.46,910.72,One Year,Bank transfer,0,1,1,96,0
CUST-1070,57,72.44,4129.08,Month-to-month,Electronic check,1,0,2,133,0
CUST-1071,68,79.83,5428.44,One Year,Bank transfer,0,0,3,58,1
CUST-1072,55,22.91,1260.05,Month-to-month,Bank transfer,0,1,2,53,0
CUST-1073,40,36.94,1477.6,Two Year,Electronic check,0,1,1,103,0
CUST-1074,38,35.07,1332.66,One Year,Mailed check,0,0,0,129,1
CUST-1075,34,89.8,3053.2,One Year,Electronic check,0,0,2,81,0
CUST-1076,46,51.66,2376.3599999999997,Month-to-month,Mailed check,1,1,2,96,0
CUST-1077,37,111.62,4129.9400000000005,One Year,Credit card,1,0,0,120,0
CUST-1078,46,23.21,1067.66,One Year,Mailed check,1,1,1,149,0
CUST-1079,43,30.67,1318.8100000000002,Month-to-month,Electronic check,0,0,0,128,1
CUST-1080,53,74.66,3956.98,Month-to-month,Electronic check,1,0,3,136,0
CUST-1081,42,109.27,4589.34,Two Year,Mailed check,0,0,1,86,0
CUST-1082,69,67.45,4654.05,One Year,Mailed check,1,1,0,152,0
CUST-1083,36,88.4,3182.4,Month-to-month,Electronic check,0,0,3,105,1
CUST-1084,44,63.07,2775.08,Month-to-month,Credit card,0,1,0,67,0
CUST-1085,8,73.07,584.56,One Year,Bank transfer,0,1,1,71,0
CUST-1086,4,102.66,410.64,Month-to-month,Electronic check,1,0,2,118,0
CUST-1087,48,76.06,3650.88,Month-to-month,Electronic check,0,1,1,132,0
CUST-1088,44,71.96,3166.24,Month-to-month,Mailed check,0,1,2,119,0
CUST-1089,26,101.23,2631.98,Month-to-month,Mailed check,1,1,3,93,0
CUST-1090,6,38.26,229.56,One Year,Credit card,0,0,1,137,0
CUST-1091,45,100.95,4542.75,Month-to-month,Credit card,0,1,3,103,1
CUST-1092,42,32.22,1353.24,One Year,Electronic check,0,0,1,42,0
CUST-1093,33,32.09,1058.97,Two Year,Electronic check,1,0,0,113,0
CUST-1094,39,96.58,3766.62,Two Year,Bank transfer,0,0,1,111,0
CUST-1095,10,53.0,530.0,Month-to-month,Electronic check,0,1,1,61,0
CUST-1096,16,35.72,571.52,One Year,Credit card,1,0,0,108,0
CUST-1097,19,70.57,1340.83,One Year,Mailed check,1,1,1,79,0
CUST-1098,9,32.1,288.90000000000003,Two Year,Mailed check,0,0,2,104,0
CUST-1099,65,106.89,6947.85,Month-to-month,Electronic check,0,0,1,96,0
CUST-1100,10,28.99,289.9,One Year,Bank transfer,1,1,1,100,0
CUST-1101,46,65.88,3030.4799999999996,One Year,Credit card,0,1,3,112,0
CUST-1102,37,50.6,1872.2,One Year,Electronic check,0,1,2,92,0
CUST-1103,52,32.57,1693.64,Month-to-month,Mailed check,1,0,2,107,0
CUST-1104,42,107.22,4503.24,Month-to-month,Credit card,0,1,1,111,0
CUST-1105,36,82.55,2971.7999999999997,Two Year,Mailed check,1,1,1,144,0
CUST-1106,30,108.57,3257.1,Two Year,Electronic check,0,0,2,100,0
CUST-1107,15,26.02,390.3,Month-to-month,Credit card,1,0,3,105,1
CUST-1108,48,96.67,4640.16,Two Year,Mailed check,1,1,3,88,0
CUST-1109,27,50.24,1356.48,Month-to-month,Electronic check,0,0,2,134,0
CUST-1110,33,22.74,750.42,Month-to-month,Electronic check,1,1,3,116,0
CUST-1111,21,75.71,1589.9099999999999,Month-to-month,Credit card,0,0,1,134,1
CUST-1112,64,117.36,7511.04,Two Year,Bank transfer,1,0,0,97,0
CUST-1113,51,77.01,3927.51,Month-to-month,Electronic check,0,0,0,59,0
CUST-1114,43,113.34,4873.62,Month-to-month,Electronic check,0,0,1,90,0
CUST-1115,68,45.53,3096.04,Month-to-month,Electronic check,0,0,3,106,0
CUST-1116,7,60.96,426.72,Month-to-month,Electronic check,1,1,0,139,1
CUST-1117,35,101.02,3535.7,Month-to-month,Credit card,1,1,1,104,0
CUST-1118,39,73.56,2868.84,Month-to-month,Electronic check,0,1,1,114,1
CUST-1119,16,56.67,906.72,Month-to-month,Electronic check,0,1,1,78,1
CUST-1120,1,39.43,39.43,One Year,Electronic check,0,1,3,64,0
CUST-1121,51,26.58,1355.58,Month-to-month,Electronic check,0,1,1,85,1
CUST-1122,28,33.74,944.72,Two Year,Electronic check,1,1,1,76,0
CUST-1123,20,45.29,905.8,Two Year,Electronic check,0,0,0,139,0
CUST-1124,49,108.67,5324.83,Month-to-month,Bank transfer,0,0,2,69,0
CUST-1125,21,53.26,1118.46,Month-to-month,Electronic check,0,1,0,86,0
CUST-1126,55,48.77,2682.3500000000004,One Year,Bank transfer,0,1,1,45,0
CUST-1127,11,81.97,901.67,Month-to-month,Electronic check,0,0,2,130,0
CUST-1128,38,92.63,3519.9399999999996,One Year,Electronic check,0,0,0,82,0
CUST-1129,14,71.99,1007.8599999999999,Two Year,Mailed check,1,1,0,92,0
CUST-1130,43,43.34,1863.6200000000001,Two Year,Electronic check,0,1,1,115,0
CUST-1131,36,45.63,1642.68,Two Year,Electronic check,1,1,4,139,1
CUST-1132,7,62.74,439.18,One Year,Credit card,1,1,0,147,0
CUST-1133,51,93.61,4774.11,Month-to-month,Bank transfer,1,0,1,116,0
CUST-1134,63,69.52,4379.759999999999,One Year,Bank transfer,0,0,3,53,1
CUST-1135,45,62.4,2808.0,Two Year,Mailed check,0,1,5,109,0
CUST-1136,41,57.38,2352.58,Two Year,Bank transfer,0,0,0,106,0
CUST-1137,15,80.54,1208.1000000000001,Month-to-month,Electronic check,0,1,4,92,0
CUST-1138,42,27.42,1151.64,Month-to-month,Mailed check,0,0,1,100,0
CUST-1139,10,45.95,459.5,One Year,Credit card,0,0,2,92,1
CUST-1140,30,113.91,3417.2999999999997,Month-to-month,Electronic check,1,1,0,121,1
CUST-1141,46,23.55,1083.3,One Year,Mailed check,1,1,1,74,0
CUST-1142,12,32.9,394.79999999999995,Month-to-month,Electronic check,0,0,0,111,1
CUST-1143,62,114.53,7100.86,Month-to-month,Credit card,1,1,2,66,0
CUST-1144,47,108.47,5098.09,Month-to-month,Credit card,1,1,0,104,0
CUST-1145,33,27.14,895.62,Two Year,Bank transfer,1,0,1,120,0
CUST-1146,23,86.32,1985.36,One Year,Credit card,0,0,1,97,0
CUST-1147,48,114.17,5480.16,Two Year,Credit card,0,1,2,79,0
CUST-1148,42,27.38,1149.96,Month-to-month,Credit card,1,0,1,103,0
CUST-1149,63,66.39,4182.57,Month-to-month,Credit card,1,1,1,77,0
CUST-1150,59,117.93,6957.870000000001,Month-to-month,Mailed check,0,1,2,43,0
CUST-1151,43,114.82,4937.259999999999,Month-to-month,Mailed check,0,1,4,123,1
CUST-1152,38,105.03,3991.14,One Year,Electronic check,1,0,2,70,0
CUST-1153,10,109.73,1097.3,One Year,Electronic check,1,0,1,94,1
CUST-1154,44,95.04,4181.76,Month-to-month,Bank transfer,1,1,3,102,1
CUST-1155,7,97.34,681.38,Month-to-month,Electronic check,0,1,1,90,0
CUST-1156,23,44.99,1034.77,Month-to-month,Electronic check,1,0,0,128,0
CUST-1157,17,28.28,480.76,One Year,Mailed check,1,1,2,95,0
CUST-1158,29,56.67,1643.43,Month-to-month,Electronic check,1,1,2,94,0
CUST-1159,70,42.83,2998.1,Two Year,Bank transfer,1,0,0,157,0
CUST-1160,59,63.84,3766.5600000000004,One Year,Bank transfer,0,1,2,80,0
CUST-1161,19,115.41,2192.79,One Year,Electronic check,1,0,1,108,1
CUST-1162,41,24.39,999.99,Month-to-month,Electronic check,0,0,1,83,0
CUST-1163,52,94.88,4933.76,Month-to-month,Mailed check,1,0,2,115,0
CUST-1164,64,64.55,4131.2,Month-to-month,Mailed check,0,0,0,114,1
CUST-1165,57,75.89,4325.7300000000005,Month-to-month,Electronic check,1,1,2,38,1
CUST-1166,15,40.5,607.5,Month-to-month,Credit card,0,0,2,80,0
CUST-1167,68,91.94,6251.92,Month-to-month,Electronic check,1,0,1,79,1
CUST-1168,17,56.01,952.17,One Year,Mailed check,1,0,1,87,1
CUST-1169,61,103.74,6328.139999999999,Month-to-month,Electronic check,0,1,0,107,0
CUST-1170,37,45.59,1686.8300000000002,Month-to-month,Electronic check,1,1,4,93,1
CUST-1171,68,103.67,7049.56,One Year,Electronic check,0,0,2,115,1
CUST-1172,6,91.78,550.6800000000001,Month-to-month,Electronic check,0,0,3,149,1
CUST-1173,45,74.22,3339.9,Month-to-month,Electronic check,0,1,0,145,0
CUST-1174,34,27.28,927.52,Month-to-month,Bank transfer,1,1,6,66,1
CUST-1175,51,38.9,1983.8999999999999,Two Year,Bank transfer,0,0,2,96,0
CUST-1176,19,42.58,809.02,Month-to-month,Credit card,0,1,3,114,0
CUST-1177,51,70.18,3579.1800000000003,One Year,Credit card,0,1,3,127,0
CUST-1178,49,39.0,1911.0,Month-to-month,Credit card,0,0,5,102,0
CUST-1179,2,32.79,65.58,Month-to-month,Electronic check,1,1,0,102,1
CUST-1180,47,87.64,4119.08,Two Year,Credit card,0,1,0,96,0
CUST-1181,29,114.34,3315.86,One Year,Electronic check,0,1,4,108,0
CUST-1182,8,53.02,424.16,Month-to-month,Bank transfer,0,0,1,122,0
CUST-1183,70,108.37,7585.900000000001,Month-to-month,Credit card,0,1,0,73,1
CUST-1184,31,73.57,2280.6699999999996,Two Year,Mailed check,0,0,2,118,0
CUST-1185,62,82.22,5097.64,Month-to-month,Bank transfer,1,1,1,111,0
CUST-1186,23,88.25,2029.75,One Year,Mailed check,1,1,0,120,0
CUST-1187,18,45.39,817.02,One Year,Credit card,0,1,1,102,0
CUST-1188,3,76.03,228.09,Month-to-month,Electronic check,0,1,1,134,0
CUST-1189,40,70.51,2820.4,One Year,Mailed check,1,1,1,154,1
CUST-1190,46,41.57,1912.22,One Year,Bank transfer,0,0,3,89,1
CUST-1191,60,34.72,2083.2,Month-to-month,Electronic check,1,1,0,48,1
CUST-1192,12,117.31,1407.72,Month-to-month,Electronic check,0,1,1,126,0
CUST-1193,24,72.61,1742.6399999999999,Two Year,Bank transfer,1,1,3,100,0
CUST-1194,72,98.48,7090.56,Month-to-month,Electronic check,1,1,3,126,0
CUST-1195,53,56.42,2990.26,One Year,Mailed check,0,1,2,113,0
CUST-1196,56,63.88,3577.28,Month-to-month,Electronic check,1,1,1,94,1
CUST-1197,2,98.86,197.72,One Year,Bank transfer,0,1,1,132,0
CUST-1198,58,33.65,1951.6999999999998,Month-to-month,Electronic check,1,0,0,77,1
CUST-1199,49,119.48,5854.52,Month-to-month,Electronic check,0,0,0,125,0
CUST-1200,35,84.13,2944.5499999999997,One Year,Credit card,1,1,2,58,0
CUST-1201,32,99.97,3199.04,One Year,Credit card,0,1,0,123,0
CUST-1202,8,59.18,473.44,Month-to-month,Electronic check,1,0,1,138,0
CUST-1203,31,39.45,1222.95,Two Year,Electronic check,1,0,1,94,0
CUST-1204,18,66.16,1190.8799999999999,Two Year,Electronic check,0,0,1,127,1
CUST-1205,52,84.23,4379.96,Month-to-month,Electronic check,0,0,4,39,1
CUST-1206,36,101.18,3642.4800000000005,Two Year,Credit card,0,1,2,113,0
CUST-1207,67,34.62,2319.54,One Year,Bank transfer,0,0,1,122,0
CUST-1208,69,108.85,7510.65,Month-to-month,Electronic check,1,1,3,104,0
CUST-1209,61,56.77,3462.9700000000003,Two Year,Credit card,1,1,0,121,0
CUST-1210,17,56.04,952.68,Month-to-month,Credit card,0,1,1,117,0
CUST-1211,48,103.89,4986.72,Month-to-month,Bank transfer,1,0,3,104,0
CUST-1212,58,82.89,4807.62,Month-to-month,Mailed check,0,1,0,100,0
CUST-1213,18,81.55,1467.8999999999999,Month-to-month,Credit card,0,1,4,100,0
CUST-1214,25,40.11,1002.75,Month-to-month,Credit card,1,1,3,105,1
CUST-1215,31,68.18,2113.5800000000004,Month-to-month,Mailed check,0,0,2,109,0
CUST-1216,38,28.34,1076.92,Month-to-month,Bank transfer,1,1,2,97,0
CUST-1217,41,106.66,4373.0599999999995,Two Year,Mailed check,1,1,0,110,0
CUST-1218,58,118.64,6881.12,Two Year,Bank transfer,1,1,2,85,0
CUST-1219,35,25.86,905.1,Two Year,Mailed check,0,1,1,118,0
CUST-1220,68,54.04,3674.72,Month-to-month,Credit card,1,0,2,104,0
CUST-1221,65,64.69,4204.849999999999,One Year,Electronic check,0,0,0,91,1
CUST-1222,14,48.79,683.06,One Year,Electronic check,0,0,2,90,0
CUST-1223,71,98.55,6997.05,One Year,Electronic check,1,0,1,96,0
CUST-1224,16,87.17,1394.72,Month-to-month,Electronic check,0,1,0,141,1
CUST-1225,13,83.32,1083.1599999999999,Two Year,Bank transfer,1,1,0,110,0
CUST-1226,23,108.73,2500.79,Month-to-month,Electronic check,1,1,2,73,0
CUST-1227,48,53.74,2579.52,One Year,Mailed check,0,0,0,98,0
CUST-1228,49,56.51,2768.99,Two Year,Credit card,0,0,2,113,0
CUST-1229,23,56.49,1299.27,Month-to-month,Electronic check,1,1,5,139,1
CUST-1230,6,33.12,198.71999999999997,Month-to-month,Electronic check,1,0,0,113,0
CUST-1231,53,105.77,5605.8099999999995,One Year,Electronic check,0,1,4,109,0
CUST-1232,38,55.37,2104.06,One Year,Electronic check,1,1,1,123,0
CUST-1233,44,69.11,3040.84,One Year,Electronic check,0,0,4,98,0
CUST-1234,27,75.33,2033.9099999999999,Month-to-month,Electronic check,0,1,1,75,0
CUST-1235,65,96.53,6274.45,Two Year,Electronic check,0,1,2,83,0
CUST-1236,71,113.76,8076.96,Two Year,Bank transfer,1,1,2,68,0
CUST-1237,42,92.94,3903.48,Month-to-month,Credit card,0,0,3,121,0
CUST-1238,70,46.96,3287.2000000000003,Month-to-month,Bank transfer,0,1,1,108,0
CUST-1239,27,62.9,1698.3,Month-to-month,Credit card,0,1,1,70,0
CUST-1240,3,69.47,208.41,One Year,Bank transfer,0,1,0,163,0
CUST-1241,48,35.19,1689.12,Month-to-month,Bank transfer,0,1,2,89,0
CUST-1242,30,78.95,2368.5,Month-to-month,Bank transfer,1,1,2,100,0
CUST-1243,27,102.69,2772.63,One Year,Electronic check,0,1,1,110,0
CUST-1244,37,47.11,1743.07,Two Year,Mailed check,0,0,2,43,0
CUST-1245,21,104.32,2190.72,Month-to-month,Electronic check,0,1,2,88,0
CUST-1246,54,114.22,6167.88,Month-to-month,Electronic check,0,0,4,81,1
CUST-1247,15,21.27,319.05,One Year,Bank transfer,0,0,0,142,0
CUST-1248,30,106.11,3183.3,Month-to-month,Credit card,1,1,0,127,1
CUST-1249,31,108.92,3376.52,One Year,Mailed check,1,0,4,64,0
CUST-1250,70,49.82,3487.4,Month-to-month,Credit card,1,0,2,57,0
CUST-1251,34,86.53,2942.02,One Year,Credit card,1,0,4,92,0
CUST-1252,6,30.27,181.62,Month-to-month,Credit card,1,0,0,131,1
CUST-1253,9,67.75,609.75,One Year,Mailed check,0,1,1,125,0
CUST-1254,30,112.07,3362.1,Month-to-month,Electronic check,0,0,0,97,1
CUST-1255,55,97.87,5382.85,Month-to-month,Credit card,1,0,1,76,0
CUST-1256,10,36.46,364.6,Two Year,Electronic check,0,0,3,101,1
CUST-1257,25,44.25,1106.25,One Year,Bank transfer,1,0,2,144,0
CUST-1258,48,62.03,2977.44,Month-to-month,Mailed check,1,0,3,116,1
CUST-1259,41,78.6,3222.6,One Year,Mailed check,0,1,0,107,0
CUST-1260,65,112.32,7300.799999999999,One Year,Bank transfer,0,0,3,119,1
CUST-1261,45,57.41,2583.45,Month-to-month,Credit card,1,0,0,106,0
CUST-1262,50,100.16,5008.0,One Year,Mailed check,1,1,3,98,0
CUST-1263,62,50.34,3121.0800000000004,Month-to-month,Electronic check,1,0,3,123,1
CUST-1264,27,107.99,2915.73,Month-to-month,Mailed check,0,1,0,107,0
CUST-1265,12,96.78,1161.3600000000001,Month-to-month,Electronic check,1,1,2,94,0
CUST-1266,13,36.89,479.57,One Year,Credit card,1,0,0,123,0
CUST-1267,20,76.97,1539.4,Month-to-month,Credit card,0,1,3,120,0
CUST-1268,10,49.37,493.7,Month-to-month,Electronic check,1,0,0,146,0
CUST-1269,8,107.59,860.72,Month-to-month,Mailed check,1,0,1,82,0
CUST-1270,7,82.58,578.06,One Year,Credit card,1,0,1,94,0
CUST-1271,43,104.39,4488.77,One Year,Mailed check,0,0,1,79,1
CUST-1272,50,61.0,3050.0,One Year,Bank transfer,1,0,2,70,0
CUST-1273,70,33.31,2331.7000000000003,One Year,Electronic check,0,0,2,89,0
CUST-1274,72,88.24,6353.28,Month-to-month,Mailed check,0,0,0,62,1
CUST-1275,43,116.08,4991.44,Month-to-month,Credit card,0,1,2,108,1
CUST-1276,47,98.8,4643.599999999999,One Year,Electronic check,0,0,1,106,0
CUST-1277,63,84.92,5349.96,Two Year,Mailed check,0,1,4,85,0
CUST-1278,11,51.39,565.29,Month-to-month,Credit card,1,0,0,82,0
CUST-1279,14,56.09,785.26,Month-to-month,Credit card,1,0,3,63,1
CUST-1280,10,91.33,913.3,One Year,Electronic check,0,1,1,98,0
CUST-1281,62,34.44,2135.2799999999997,Month-to-month,Electronic check,1,0,3,97,1
CUST-1282,10,63.29,632.9,Two Year,Electronic check,1,0,0,99,0
CUST-1283,53,89.48,4742.4400000000005,Two Year,Mailed check,0,1,0,94,0
CUST-1284,72,53.44,3847.68,Month-to-month,Electronic check,0,1,3,134,1
CUST-1285,29,72.15,2092.3500000000004,Month-to-month,Bank transfer,0,1,0,126,0
CUST-1286,67,40.59,2719.53,Month-to-month,Mailed check,0,1,0,59,0
CUST-1287,12,54.2,650.4000000000001,Month-to-month,Mailed check,0,1,3,76,1
CUST-1288,35,81.79,2862.65,Month-to-month,Credit card,0,1,2,136,1
CUST-1289,3,105.77,317.31,One Year,Electronic check,1,1,1,124,0
CUST-1290,32,118.92,3805.44,One Year,Bank transfer,1,1,1,70,0
CUST-1291,46,116.33,5351.18,Month-to-month,Mailed check,0,0,1,86,1
CUST-1292,50,95.15,4757.5,Month-to-month,Bank transfer,0,1,1,92,1
CUST-1293,4,86.72,346.88,Two Year,Credit card,1,1,2,94,0
CUST-1294,7,88.61,620.27,Month-to-month,Bank transfer,1,1,1,129,1
CUST-1295,71,25.57,1815.47,One Year,Credit card,0,1,1,88,0
CUST-1296,25,38.76,969.0,Two Year,Bank transfer,1,1,1,131,0
CUST-1297,66,43.85,2894.1,One Year,Credit card,0,0,2,94,0
CUST-1298,55,72.64,3995.2,Two Year,Bank transfer,0,1,0,91,0
CUST-1299,69,40.14,2769.66,Month-to-month,Credit card,1,1,0,93,1
CUST-1300,40,111.73,4469.2,Month-to-month,Bank transfer,0,1,3,117,0
CUST-1301,22,50.03,1100.66,One Year,Credit card,0,1,2,76,0
CUST-1302,64,69.0,4416.0,One Year,Bank transfer,0,1,0,99,0
CUST-1303,3,80.28,240.84,Month-to-month,Electronic check,1,0,2,116,1
CUST-1304,68,80.18,5452.240000000001,One Year,Electronic check,0,1,2,103,0
CUST-1305,11,76.68,843.48,One Year,Bank transfer,0,0,0,108,0
CUST-1306,10,114.48,1144.8,Month-to-month,Credit card,0,1,0,81,1
CUST-1307,51,68.58,3497.58,Two Year,Bank transfer,1,0,1,102,0
CUST-1308,35,72.07,2522.45,One Year,Mailed check,1,0,2,72,1
CUST-1309,26,45.48,1182.48,Month-to-month,Electronic check,1,1,2,144,1
CUST-1310,16,23.55,376.8,Month-to-month,Credit card,0,1,0,83,0
CUST-1311,48,60.74,2915.52,Two Year,Bank transfer,0,1,1,52,0
CUST-1312,61,116.91,7131.51,Month-to-month,Electronic check,0,0,3,93,1
CUST-1313,54,68.93,3722.2200000000003,Month-to-month,Electronic check,0,1,2,93,1
CUST-1314,52,83.21,4326.92,One Year,Mailed check,1,1,1,119,0
CUST-1315,48,111.77,5364.96,Month-to-month,Mailed check,1,0,2,90,0
CUST-1316,66,26.56,1752.9599999999998,Month-to-month,Credit card,1,0,1,102,0
CUST-1317,52,54.36,2826.72,Month-to-month,Electronic check,0,0,0,139,1
CUST-1318,7,55.42,387.94,Month-to-month,Mailed check,1,0,1,93,1
CUST-1319,70,71.21,4984.7,Two Year,Electronic check,0,1,2,57,0
CUST-1320,41,76.74,3146.3399999999997,Month-to-month,Electronic check,0,0,1,96,0
CUST-1321,23,118.11,2716.53,Two Year,Credit card,0,1,1,129,0
CUST-1322,6,71.53,429.18,Month-to-month,Bank transfer,0,1,3,102,0
CUST-1323,24,29.31,703.4399999999999,One Year,Bank transfer,0,1,1,60,1
CUST-1324,4,37.95,151.8,Two Year,Credit card,0,1,1,110,0
CUST-1325,60,115.27,6916.2,Month-to-month,Bank transfer,0,0,0,122,1
CUST-1326,45,64.24,2890.7999999999997,One Year,Credit card,1,0,1,106,0
CUST-1327,65,94.42,6137.3,Two Year,Mailed check,1,1,0,139,0
CUST-1328,6,60.56,363.36,Two Year,Electronic check,0,0,2,86,0
CUST-1329,11,52.55,578.05,One Year,Mailed check,0,1,2,79,0
CUST-1330,13,40.07,520.91,Month-to-month,Electronic check,0,1,0,110,0
CUST-1331,65,53.93,3505.45,One Year,Mailed check,0,0,0,122,1
CUST-1332,48,103.26,4956.4800000000005,Month-to-month,Electronic check,0,1,1,127,0
CUST-1333,52,109.61,5699.72,One Year,Bank transfer,1,0,0,117,0
CUST-1334,66,26.52,1750.32,Month-to-month,Credit card,1,0,3,81,0
CUST-1335,26,48.23,1253.98,Month-to-month,Bank transfer,0,1,4,141,1
CUST-1336,30,82.67,2480.1,Two Year,Credit card,1,1,1,103,0
CUST-1337,49,77.96,3820.0399999999995,Two Year,Electronic check,1,1,1,112,0
CUST-1338,10,57.19,571.9,Month-to-month,Credit card,1,1,3,79,0
CUST-1339,9,91.34,822.0600000000001,Month-to-month,Bank transfer,0,1,1,118,0
CUST-1340,2,24.62,49.24,Month-to-month,Electronic check,0,0,2,112,1
CUST-1341,27,20.27,547.29,Month-to-month,Electronic check,0,0,3,81,1
CUST-1342,6,48.36,290.15999999999997,Month-to-month,Mailed check,1,0,1,68,0
CUST-1343,35,68.75,2406.25,Month-to-month,Mailed check,1,0,4,98,1
CUST-1344,11,25.94,285.34000000000003,One Year,Electronic check,0,1,3,106,1
CUST-1345,43,72.48,3116.6400000000003,One Year,Credit card,1,0,0,140,0
CUST-1346,1,53.84,53.84,Two Year,Electronic check,0,1,2,118,0
CUST-1347,13,115.42,1500.46,Month-to-month,Bank transfer,1,0,4,130,1
CUST-1348,11,90.05,990.55,Month-to-month,Bank transfer,1,1,2,82,0
CUST-1349,69,114.92,7929.4800000000005,Month-to-month,Electronic check,0,1,3,147,0
CUST-1350,31,65.03,2015.93,Two Year,Electronic check,1,1,3,120,0
CUST-1351,41,109.45,4487.45,Month-to-month,Electronic check,0,1,1,117,0
CUST-1352,71,95.77,6799.67,Month-to-month,Electronic check,1,1,1,107,0
CUST-1353,27,100.44,2711.88,One Year,Bank transfer,1,0,2,55,1
CUST-1354,31,111.02,3441.62,One Year,Electronic check,0,0,2,69,0
CUST-1355,26,35.13,913.3800000000001,Two Year,Electronic check,0,0,2,57,1
CUST-1356,45,60.0,2700.0,Two Year,Mailed check,0,1,1,81,0
CUST-1357,53,103.3,5474.9,Month-to-month,Bank transfer,0,1,4,102,1
CUST-1358,18,84.12,1514.16,Month-to-month,Electronic check,0,1,3,109,1
CUST-1359,55,97.32,5352.599999999999,Month-to-month,Mailed check,1,0,0,100,0
CUST-1360,36,93.99,3383.64,Month-to-month,Credit card,1,0,0,122,0
CUST-1361,46,76.47,3517.62,One Year,Credit card,1,1,1,102,0
CUST-1362,67,39.91,2673.97,One Year,Electronic check,1,0,4,92,0
CUST-1363,19,49.8,946.1999999999999,Two Year,Mailed check,0,1,1,48,1
CUST-1364,50,48.22,2411.0,One Year,Credit card,0,0,1,69,0
CUST-1365,24,80.36,1928.6399999999999,One Year,Electronic check,0,0,0,50,0
CUST-1366,48,117.09,5620.32,Month-to-month,Electronic check,1,1,2,80,0
CUST-1367,35,93.1,3258.5,Month-to-month,Electronic check,1,1,4,96,0
CUST-1368,71,31.77,2255.67,Month-to-month,Credit card,0,0,1,118,1
CUST-1369,66,22.8,1504.8,Two Year,Credit card,1,0,2,155,0
CUST-1370,2,116.14,232.28,One Year,Electronic check,1,1,1,113,1
CUST-1371,42,80.49,3380.58,Month-to-month,Electronic check,1,0,0,72,0
CUST-1372,66,23.05,1521.3,Month-to-month,Bank transfer,0,1,2,83,0
CUST-1373,10,54.21,542.1,Month-to-month,Mailed check,1,1,1,87,0
CUST-1374,5,105.33,526.65,Month-to-month,Electronic check,0,0,0,83,0
CUST-1375,6,50.88,305.28000000000003,Month-to-month,Electronic check,0,0,1,121,0
CUST-1376,35,119.75,4191.25,Month-to-month,Mailed check,1,1,1,111,0
CUST-1377,26,63.66,1655.1599999999999,Two Year,Credit card,0,1,1,63,0
CUST-1378,27,109.43,2954.61,One Year,Bank transfer,1,0,1,123,0
CUST-1379,72,95.2,6854.400000000001,Month-to-month,Mailed check,1,0,2,148,0
CUST-1380,67,38.37,2570.79,Month-to-month,Credit card,0,1,0,92,0
CUST-1381,9,115.3,1037.7,Two Year,Mailed check,0,0,3,95,1
CUST-1382,13,89.6,1164.8,Month-to-month,Electronic check,0,1,1,104,0
CUST-1383,49,31.43,1540.07,One Year,Credit card,1,0,2,130,0
CUST-1384,42,117.51,4935.42,One Year,Credit card,0,0,1,152,0
CUST-1385,59,22.51,1328.0900000000001,One Year,Mailed check,0,0,3,102,1
CUST-1386,5,101.55,507.75,Two Year,Mailed check,0,0,1,86,0
CUST-1387,72,97.24,7001.28,Two Year,Electronic check,1,0,1,94,0
CUST-1388,44,48.52,2134.88,One Year,Electronic check,0,1,1,72,0
CUST-1389,27,60.37,1629.99,Month-to-month,Mailed check,1,1,2,103,1
CUST-1390,45,29.43,1324.35,Month-to-month,Mailed check,1,0,1,93,1
CUST-1391,69,44.88,3096.7200000000003,Two Year,Electronic check,1,0,2,81,0
CUST-1392,53,118.94,6303.82,Two Year,Mailed check,1,0,2,74,0
CUST-1393,37,43.95,1626.15,One Year,Bank transfer,0,0,1,81,0
CUST-1394,44,40.04,1761.76,Month-to-month,Mailed check,0,1,3,127,1
CUST-1395,7,35.27,246.89000000000001,Month-to-month,Electronic check,0,1,0,74,1
CUST-1396,9,48.06,432.54,Month-to-month,Mailed check,1,0,0,106,0
CUST-1397,16,83.14,1330.24,Month-to-month,Electronic check,1,1,1,107,0
CUST-1398,17,26.38,448.46,Month-to-month,Electronic check,0,0,1,73,1
CUST-1399,45,75.41,3393.45,One Year,Electronic check,1,1,0,109,0
CUST-1400,67,91.68,6142.56,One Year,Electronic check,1,0,3,101,1
CUST-1401,37,26.57,983.09,One Year,Credit card,1,0,0,106,0
CUST-1402,43,105.69,4544.67,Two Year,Bank transfer,0,1,1,105,0
CUST-1403,59,26.73,1577.07,Two Year,Electronic check,0,0,2,83,0
CUST-1404,58,57.39,3328.62,Month-to-month,Mailed check,1,1,0,139,1
CUST-1405,44,53.82,2368.08,One Year,Credit card,1,1,2,43,0
CUST-1406,23,65.56,1507.88,Month-to-month,Credit card,0,0,0,120,1
CUST-1407,44,72.05,3170.2,One Year,Electronic check,1,1,2,146,1
CUST-1408,14,116.45,1630.3,Two Year,Bank transfer,0,1,3,107,0
CUST-1409,43,118.8,5108.4,Month-to-month,Bank transfer,1,1,2,132,1
CUST-1410,20,82.66,1653.1999999999998,One Year,Electronic check,0,1,0,99,1
CUST-1411,32,20.09,642.88,Month-to-month,Electronic check,1,0,0,97,0
CUST-1412,23,60.52,1391.96,Month-to-month,Electronic check,1,1,4,82,0
CUST-1413,52,35.74,1858.48,Month-to-month,Electronic check,0,0,2,95,1
CUST-1414,45,119.14,5361.3,Two Year,Credit card,0,0,2,58,0
CUST-1415,38,91.29,3469.0200000000004,One Year,Bank transfer,0,0,2,75,0
CUST-1416,68,105.35,7163.799999999999,Month-to-month,Electronic check,0,1,1,54,0
CUST-1417,69,107.0,7383.0,One Year,Electronic check,0,1,1,125,0
CUST-1418,45,104.06,4682.7,Month-to-month,Credit card,0,1,3,76,0
CUST-1419,33,90.89,2999.37,Two Year,Electronic check,1,1,2,86,0
CUST-1420,69,51.39,3545.91,Month-to-month,Electronic check,0,0,0,121,0
CUST-1421,6,45.73,274.38,Month-to-month,Electronic check,0,0,1,101,1
CUST-1422,58,67.93,3939.9400000000005,Two Year,Electronic check,1,0,2,104,0
CUST-1423,69,108.53,7488.57,One Year,Credit card,0,0,2,105,0
CUST-1424,15,117.91,1768.6499999999999,Two Year,Electronic check,0,0,1,108,0
CUST-1425,12,30.53,366.36,Two Year,Credit card,0,0,1,114,0
CUST-1426,46,33.81,1555.2600000000002,Month-to-month,Electronic check,0,0,3,102,0
CUST-1427,5,95.69,478.45,Two Year,Credit card,1,0,3,87,0
CUST-1428,52,36.95,1921.4,Two Year,Mailed check,0,1,0,144,0
CUST-1429,41,38.48,1577.6799999999998,Month-to-month,Electronic check,1,1,5,126,1
CUST-1430,33,22.25,734.25,Two Year,Mailed check,0,0,1,76,0
CUST-1431,9,96.82,871.3799999999999,One Year,Bank transfer,0,1,0,96,0
CUST-1432,68,83.29,5663.72,Month-to-month,Electronic check,0,0,1,90,1
CUST-1433,71,55.57,3945.47,One Year,Electronic check,1,1,0,74,0
CUST-1434,34,73.41,2495.94,Two Year,Mailed check,1,1,1,133,0
CUST-1435,71,79.97,5677.87,Month-to-month,Electronic check,0,0,1,129,0
CUST-1436,53,38.23,2026.1899999999998,Month-to-month,Bank transfer,0,1,2,71,1
CUST-1437,27,23.91,645.57,One Year,Bank transfer,0,1,0,112,0
CUST-1438,64,96.22,6158.08,Month-to-month,Credit card,0,1,0,72,0
CUST-1439,47,86.51,4065.9700000000003,Month-to-month,Credit card,1,1,0,105,0
CUST-1440,56,39.14,2191.84,Two Year,Electronic check,0,0,3,90,0
CUST-1441,43,105.58,4539.94,Month-to-month,Mailed check,0,1,3,88,1
CUST-1442,50,77.09,3854.5,Month-to-month,Credit card,0,0,1,77,0
CUST-1443,60,81.94,4916.4,Two Year,Bank transfer,0,1,1,82,0
CUST-1444,55,58.94,3241.7,Two Year,Mailed check,0,1,0,52,0
CUST-1445,49,49.68,2434.32,Month-to-month,Bank transfer,1,0,0,120,0
CUST-1446,57,117.22,6681.54,Month-to-month,Bank transfer,1,1,4,131,0
CUST-1447,42,87.12,3659.04,Month-to-month,Bank transfer,0,0,1,110,0
CUST-1448,3,77.11,231.32999999999998,Two Year,Electronic check,0,0,0,124,0
CUST-1449,40,33.86,1354.4,One Year,Mailed check,1,1,2,85,0
CUST-1450,34,66.06,2246.04,Month-to-month,Electronic check,1,0,1,112,1
CUST-1451,31,63.11,1956.41,One Year,Electronic check,0,1,1,118,1
CUST-1452,2,23.82,47.64,Month-to-month,Credit card,1,0,0,99,0
CUST-1453,43,118.71,5104.53,Month-to-month,Credit card,0,1,3,97,0
CUST-1454,29,111.46,3232.3399999999997,Month-to-month,Bank transfer,1,0,1,120,0
CUST-1455,56,75.4,4222.400000000001,Month-to-month,Credit card,1,0,2,140,0
CUST-1456,50,41.43,2071.5,Two Year,Bank transfer,0,0,3,74,0
CUST-1457,38,36.88,1401.44,Month-to-month,Credit card,1,0,1,74,0
CUST-1458,68,86.97,5913.96,Two Year,Mailed check,1,1,5,100,0
CUST-1459,71,93.73,6654.83,One Year,Credit card,1,0,1,116,0
CUST-1460,29,116.51,3378.79,One Year,Mailed check,0,1,2,92,0
CUST-1461,59,89.77,5296.429999999999,Month-to-month,Electronic check,0,1,1,80,1
CUST-1462,50,96.5,4825.0,Month-to-month,Credit card,1,0,1,109,0
CUST-1463,29,55.86,1619.94,Two Year,Credit card,1,0,1,119,0
CUST-1464,22,62.87,1383.1399999999999,Month-to-month,Credit card,0,0,2,83,1
CUST-1465,5,79.43,397.15000000000003,One Year,Electronic check,1,1,1,78,1
CUST-1466,14,77.82,1089.48,Month-to-month,Electronic check,0,0,1,114,0
CUST-1467,72,68.8,4953.599999999999,Month-to-month,Bank transfer,0,1,2,98,0
CUST-1468,60,113.31,6798.6,Two Year,Bank transfer,1,0,3,101,0
CUST-1469,63,37.53,2364.39,Month-to-month,Credit card,1,1,2,76,0
CUST-1470,32,22.72,727.04,Month-to-month,Electronic check,1,0,4,156,0
CUST-1471,66,84.1,5550.599999999999,One Year,Electronic check,0,1,0,110,0
CUST-1472,13,40.6,527.8000000000001,Month-to-month,Electronic check,1,1,3,103,1
CUST-1473,18,77.63,1397.34,Month-to-month,Electronic check,1,1,2,104,0
CUST-1474,2,102.92,205.84,Month-to-month,Mailed check,0,0,1,101,1
CUST-1475,51,26.73,1363.23,Two Year,Bank transfer,0,0,4,139,0
CUST-1476,9,56.31,506.79,Two Year,Bank transfer,0,0,2,68,1
CUST-1477,57,93.58,5334.0599999999995,Two Year,Credit card,1,0,1,87,0
CUST-1478,72,73.11,5263.92,Month-to-month,Bank transfer,1,0,2,74,0
CUST-1479,43,111.96,4814.28,One Year,Mailed check,1,1,1,115,0
CUST-1480,37,38.69,1431.53,Month-to-month,Electronic check,1,0,3,96,1
CUST-1481,55,37.51,2063.0499999999997,Two Year,Credit card,0,1,1,111,0
CUST-1482,64,29.24,1871.36,Month-to-month,Bank transfer,0,0,2,94,0
CUST-1483,11,62.98,692.78,Month-to-month,Bank transfer,0,1,2,99,1
CUST-1484,12,97.13,1165.56,One Year,Bank transfer,1,0,2,117,0
CUST-1485,26,88.03,2288.78,Month-to-month,Electronic check,1,1,2,138,1
CUST-1486,18,64.56,1162.08,Month-to-month,Bank transfer,0,1,2,87,1
CUST-1487,17,45.76,777.92,One Year,Mailed check,1,1,0,68,0
CUST-1488,70,23.36,1635.2,Two Year,Credit card,0,0,3,93,0
CUST-1489,72,23.39,1684.08,Two Year,Credit card,0,0,0,41,1
CUST-1490,47,53.5,2514.5,Two Year,Electronic check,0,1,1,93,0
CUST-1491,20,85.92,1718.4,Month-to-month,Credit card,1,0,3,140,0
CUST-1492,18,77.6,1396.8,One Year,Electronic check,1,0,1,126,0
CUST-1493,4,36.33,145.32,Two Year,Credit card,0,0,3,153,0
CUST-1494,15,99.47,1492.05,One Year,Electronic check,1,0,1,119,0
CUST-1495,62,52.82,3274.84,Month-to-month,Bank transfer,1,0,0,114,0
CUST-1496,3,46.43,139.29,One Year,Electronic check,0,0,2,68,1
CUST-1497,56,54.89,3073.84,Month-to-month,Electronic check,1,1,4,62,1
CUST-1498,32,42.66,1365.12,Two Year,Electronic check,1,1,2,145,0
CUST-1499,15,57.76,866.4,Month-to-month,Bank transfer,1,1,1,64,0
CUST-1500,53,47.3,2506.8999999999996,Month-to-month,Electronic check,0,1,1,54,0
CUST-1501,13,93.21,1211.73,Month-to-month,Electronic check,0,1,2,69,0
CUST-1502,56,41.18,2306.08,Month-to-month,Electronic check,0,0,1,78,0
CUST-1503,7,33.46,234.22,Month-to-month,Electronic check,0,1,2,129,0
CUST-1504,40,76.93,3077.2000000000003,Two Year,Electronic check,0,0,1,95,1
CUST-1505,25,81.21,2030.2499999999998,One Year,Bank transfer,1,0,0,123,0
CUST-1506,11,30.55,336.05,Two Year,Electronic check,0,1,1,105,0
CUST-1507,16,61.33,981.28,Month-to-month,Electronic check,0,0,3,90,1
CUST-1508,41,112.81,4625.21,Month-to-month,Bank transfer,0,0,1,77,1
CUST-1509,26,99.33,2582.58,Month-to-month,Electronic check,0,1,0,92,0
CUST-1510,41,50.35,2064.35,Month-to-month,Mailed check,0,1,1,96,1
CUST-1511,31,72.98,2262.38,Month-to-month,Credit card,1,0,4,70,1
CUST-1512,13,101.41,1318.33,One Year,Mailed check,0,0,0,106,0
CUST-1513,45,53.78,2420.1,One Year,Bank transfer,1,1,0,77,0
CUST-1514,7,64.12,448.84000000000003,Month-to-month,Bank transfer,1,0,1,82,1
CUST-1515,27,74.1,2000.6999999999998,Month-to-month,Credit card,0,0,1,102,1
CUST-1516,58,27.49,1594.4199999999998,One Year,Electronic check,0,1,1,84,0
CUST-1517,22,116.24,2557.2799999999997,Month-to-month,Electronic check,1,0,2,81,1
CUST-1518,33,30.43,1004.1899999999999,Two Year,Credit card,1,0,2,133,0
CUST-1519,31,87.24,2704.44,Month-to-month,Bank transfer,0,1,2,79,0
CUST-1520,32,90.51,2896.32,One Year,Bank transfer,0,0,1,81,0
CUST-1521,42,64.44,2706.48,Month-to-month,Credit card,0,0,2,113,0
CUST-1522,2,86.1,172.2,One Year,Electronic check,0,0,3,87,1
CUST-1523,23,62.42,1435.66,Month-to-month,Electronic check,0,1,3,93,0
CUST-1524,62,100.87,6253.9400000000005,Month-to-month,Electronic check,1,1,1,67,0
CUST-1525,39,62.78,2448.42,One Year,Electronic check,1,1,1,134,0
CUST-1526,63,25.43,1602.09,Month-to-month,Electronic check,1,1,1,91,0
CUST-1527,5,72.54,362.70000000000005,Two Year,Mailed check,1,1,2,94,0
CUST-1528,46,42.71,1964.66,Two Year,Credit card,0,0,2,61,0
CUST-1529,27,63.37,1710.99,Month-to-month,Electronic check,0,1,1,77,1
CUST-1530,58,32.82,1903.56,Two Year,Credit card,0,0,3,92,0
CUST-1531,72,21.98,1582.56,One Year,Bank transfer,1,1,1,96,0
CUST-1532,22,114.87,2527.1400000000003,Month-to-month,Credit card,1,1,1,114,1
CUST-1533,34,114.07,3878.3799999999997,Two Year,Bank transfer,1,1,0,75,0
CUST-1534,40,103.15,4126.0,One Year,Credit card,1,0,3,119,0
CUST-1535,57,113.07,6444.99,Two Year,Mailed check,0,1,0,87,0
CUST-1536,60,111.54,6692.400000000001,One Year,Mailed check,0,1,1,157,0
CUST-1537,37,104.56,3868.7200000000003,Month-to-month,Mailed check,0,1,0,126,1
CUST-1538,22,55.68,1224.96,One Year,Bank transfer,1,0,1,90,0
CUST-1539,49,107.64,5274.36,Month-to-month,Electronic check,0,1,0,94,0
CUST-1540,8,84.5,676.0,Month-to-month,Bank transfer,0,0,3,116,1
CUST-1541,56,62.72,3512.3199999999997,Month-to-month,Credit card,1,1,0,98,1
CUST-1542,44,52.22,2297.68,Month-to-month,Electronic check,0,0,2,91,0
CUST-1543,35,101.22,3542.7,Month-to-month,Electronic check,1,0,4,69,1
CUST-1544,8,41.71,333.68,Two Year,Credit card,1,0,0,95,0
CUST-1545,54,29.65,1601.1,Month-to-month,Electronic check,1,0,3,108,0
CUST-1546,6,51.84,311.04,One Year,Credit card,0,0,1,75,0
CUST-1547,2,84.42,168.84,One Year,Credit card,0,0,1,76,1
CUST-1548,37,65.94,2439.7799999999997,Two Year,Electronic check,0,1,1,115,0
CUST-1549,1,74.44,74.44,One Year,Credit card,0,1,1,126,0
CUST-1550,23,35.21,809.83,Two Year,Mailed check,1,1,0,85,0
CUST-1551,28,68.35,1913.7999999999997,Month-to-month,Electronic check,1,0,1,87,0
CUST-1552,49,65.74,3221.2599999999998,Two Year,Electronic check,0,1,4,107,1
CUST-1553,71,106.32,7548.719999999999,Month-to-month,Electronic check,0,0,1,85,0
CUST-1554,45,61.78,2780.1,Month-to-month,Mailed check,1,1,0,47,1
CUST-1555,67,89.54,5999.18,Month-to-month,Electronic check,0,1,2,94,0
CUST-1556,55,31.6,1738.0,One Year,Bank transfer,0,1,0,80,0
CUST-1557,64,43.01,2752.64,Month-to-month,Electronic check,1,0,0,134,0
CUST-1558,50,29.49,1474.5,Month-to-month,Bank transfer,1,1,0,72,0
CUST-1559,5,59.43,297.15,Month-to-month,Electronic check,1,1,0,79,1
CUST-1560,43,96.22,4137.46,Month-to-month,Electronic check,1,0,1,84,0
CUST-1561,31,28.94,897.14,Month-to-month,Mailed check,1,1,3,63,1
CUST-1562,59,94.37,5567.83,One Year,Electronic check,1,1,1,103,0
CUST-1563,11,64.27,706.9699999999999,One Year,Mailed check,1,0,2,84,0
CUST-1564,34,58.87,2001.58,One Year,Electronic check,0,1,3,104,0
CUST-1565,45,44.54,2004.3,One Year,Bank transfer,1,1,0,68,0
CUST-1566,4,104.47,417.88,One Year,Mailed check,1,1,2,79,0
CUST-1567,8,64.15,513.2,Two Year,Bank transfer,0,0,1,99,1
CUST-1568,32,43.95,1406.4,Month-to-month,Bank transfer,0,0,1,110,1
CUST-1569,37,57.28,2119.36,Two Year,Electronic check,0,1,4,86,0
CUST-1570,36,70.29,2530.44,Month-to-month,Credit card,0,0,4,113,0
CUST-1571,36,106.95,3850.2000000000003,One Year,Electronic check,0,1,1,99,0
CUST-1572,55,81.6,4488.0,Month-to-month,Electronic check,1,0,4,96,1
CUST-1573,18,34.38,618.84,Month-to-month,Electronic check,0,0,1,65,0
CUST-1574,67,105.83,7090.61,Two Year,Mailed check,0,1,1,87,0
CUST-1575,41,37.08,1520.28,Month-to-month,Bank transfer,0,1,2,139,0
CUST-1576,58,99.23,5755.34,Month-to-month,Mailed check,1,1,2,111,0
CUST-1577,22,96.16,2115.52,Month-to-month,Credit card,1,0,2,115,0
CUST-1578,21,72.88,1530.48,Month-to-month,Mailed check,0,1,1,119,0
CUST-1579,27,64.26,1735.0200000000002,One Year,Electronic check,0,1,2,70,0
CUST-1580,63,32.63,2055.69,Month-to-month,Electronic check,1,1,1,127,0
CUST-1581,71,35.01,2485.71,Two Year,Mailed check,1,0,1,84,0
CUST-1582,72,73.24,5273.28,Two Year,Bank transfer,0,1,0,87,0
CUST-1583,56,62.0,3472.0,Month-to-month,Electronic check,0,0,3,146,0
CUST-1584,52,56.14,2919.28,One Year,Electronic check,1,1,0,134,0
CUST-1585,39,27.75,1082.25,Month-to-month,Bank transfer,1,1,2,107,1
CUST-1586,46,109.72,5047.12,Two Year,Electronic check,1,1,2,122,0
CUST-1587,61,41.58,2536.38,Month-to-month,Electronic check,0,1,1,126,0
CUST-1588,46,105.48,4852.08,Month-to-month,Credit card,1,0,3,119,1
CUST-1589,42,74.12,3113.04,One Year,Electronic check,0,1,3,124,0
CUST-1590,50,113.34,5667.0,Two Year,Electronic check,1,0,1,145,0
CUST-1591,4,47.17,188.68,Two Year,Electronic check,0,1,2,138,1
CUST-1592,24,30.46,731.04,Two Year,Electronic check,1,1,0,91,0
CUST-1593,41,47.62,1952.4199999999998,Month-to-month,Electronic check,0,1,1,104,0
CUST-1594,71,60.44,4291.24,Month-to-month,Electronic check,0,0,0,109,0
CUST-1595,38,88.67,3369.46,Month-to-month,Electronic check,1,0,1,117,1
CUST-1596,71,103.57,7353.469999999999,Two Year,Mailed check,0,0,0,99,1
CUST-1597,62,79.39,4922.18,Month-to-month,Mailed check,1,1,2,123,0
CUST-1598,55,119.24,6558.2,Two Year,Credit card,0,0,1,144,0
CUST-1599,72,29.78,2144.16,Month-to-month,Electronic check,1,1,1,99,1
CUST-1600,9,116.44,1047.96,One Year,Credit card,1,0,4,77,0
CUST-1601,71,117.31,8329.01,One Year,Electronic check,0,0,0,97,0
CUST-1602,43,46.11,1982.73,Month-to-month,Bank transfer,0,1,0,109,0
CUST-1603,23,107.1,2463.2999999999997,Month-to-month,Electronic check,1,0,1,102,0
CUST-1604,8,114.92,919.36,Month-to-month,Credit card,1,1,2,93,0
CUST-1605,42,103.29,4338.18,One Year,Electronic check,0,0,0,110,0
CUST-1606,44,112.26,4939.4400000000005,Month-to-month,Mailed check,0,0,2,111,0
CUST-1607,58,115.66,6708.28,Month-to-month,Mailed check,0,0,1,88,0
CUST-1608,1,81.7,81.7,Month-to-month,Mailed check,0,0,0,79,1
CUST-1609,2,39.29,78.58,One Year,Credit card,1,0,0,122,0
CUST-1610,6,57.6,345.6,Month-to-month,Bank transfer,1,1,2,93,0
CUST-1611,29,44.91,1302.3899999999999,Month-to-month,Electronic check,1,1,2,112,0
CUST-1612,23,102.2,2350.6,One Year,Bank transfer,0,1,1,103,0
CUST-1613,56,96.76,5418.56,Two Year,Mailed check,0,0,3,64,0
CUST-1614,37,111.68,4132.16,Month-to-month,Electronic check,1,0,1,97,0
CUST-1615,35,84.48,2956.8,Two Year,Electronic check,0,0,3,90,0
CUST-1616,65,99.92,6494.8,Month-to-month,Credit card,0,0,6,148,1
CUST-1617,7,40.3,282.09999999999997,Month-to-month,Credit card,1,0,2,99,1
CUST-1618,66,98.6,6507.599999999999,Month-to-month,Electronic check,1,1,2,38,0
CUST-1619,38,65.23,2478.7400000000002,One Year,Electronic check,0,1,1,100,0
CUST-1620,35,115.67,4048.4500000000003,Month-to-month,Bank transfer,1,1,2,102,0
CUST-1621,52,71.4,3712.8,One Year,Mailed check,1,1,1,107,0
CUST-1622,60,107.12,6427.200000000001,Two Year,Electronic check,1,1,1,86,0
CUST-1623,38,112.12,4260.56,Month-to-month,Mailed check,0,0,1,122,0
CUST-1624,70,29.39,2057.3,One Year,Credit card,0,1,2,134,0
CUST-1625,65,94.27,6127.55,Month-to-month,Bank transfer,1,0,1,86,0
CUST-1626,25,81.09,2027.25,Two Year,Bank transfer,0,1,0,72,0
CUST-1627,19,109.08,2072.52,Month-to-month,Mailed check,1,1,3,102,0
CUST-1628,55,69.71,3834.0499999999997,Month-to-month,Electronic check,0,1,3,134,0
CUST-1629,47,37.01,1739.4699999999998,Month-to-month,Credit card,1,1,1,138,0
CUST-1630,70,85.87,6010.900000000001,Month-to-month,Electronic check,0,0,0,90,0
CUST-1631,51,72.59,3702.09,Month-to-month,Bank transfer,0,0,0,102,0
CUST-1632,43,61.58,2647.94,Two Year,Mailed check,1,1,1,106,0
CUST-1633,52,20.3,1055.6000000000001,Two Year,Electronic check,1,1,1,82,0
CUST-1634,50,85.88,4294.0,Two Year,Bank transfer,1,0,3,48,0
CUST-1635,63,94.08,5927.04,One Year,Mailed check,1,1,3,106,0
CUST-1636,14,50.41,705.74,Month-to-month,Credit card,0,0,3,123,1
CUST-1637,65,46.58,3027.7,Two Year,Mailed check,1,0,2,93,0
CUST-1638,24,57.46,1379.04,Two Year,Credit card,1,0,3,97,1
CUST-1639,46,87.86,4041.56,Month-to-month,Electronic check,1,0,5,117,0
CUST-1640,17,101.77,1730.09,Month-to-month,Electronic check,1,0,3,115,1
CUST-1641,2,103.74,207.48,Month-to-month,Mailed check,1,1,1,104,0
CUST-1642,49,55.66,2727.3399999999997,Month-to-month,Electronic check,0,0,3,84,0
CUST-1643,18,114.19,2055.42,Month-to-month,Electronic check,0,1,3,90,0
CUST-1644,11,115.05,1265.55,Two Year,Electronic check,1,0,0,95,1
CUST-1645,46,113.38,5215.48,Month-to-month,Credit card,1,1,2,153,0
CUST-1646,30,107.2,3216.0,Month-to-month,Mailed check,1,1,1,110,0
CUST-1647,3,40.59,121.77000000000001,Month-to-month,Bank transfer,1,1,2,84,1
CUST-1648,68,21.87,1487.16,One Year,Bank transfer,0,1,2,100,0
CUST-1649,55,110.2,6061.0,Month-to-month,Electronic check,0,1,0,114,0
CUST-1650,56,98.63,5523.28,Month-to-month,Bank transfer,0,0,0,129,0
CUST-1651,28,102.83,2879.24,Month-to-month,Electronic check,1,1,2,110,1
CUST-1652,28,50.63,1417.64,Month-to-month,Electronic check,0,0,0,42,1
CUST-1653,52,81.01,4212.52,Month-to-month,Electronic check,0,0,0,109,0
CUST-1654,46,92.74,4266.04,Month-to-month,Electronic check,0,1,1,124,1
CUST-1655,72,116.16,8363.52,Month-to-month,Electronic check,0,1,2,87,0
CUST-1656,24,91.41,2193.84,Month-to-month,Mailed check,1,1,1,125,0
CUST-1657,10,69.45,694.5,Month-to-month,Electronic check,1,0,3,129,0
CUST-1658,47,111.42,5236.74,Month-to-month,Electronic check,0,1,1,115,0
CUST-1659,46,60.04,2761.84,One Year,Electronic check,0,1,1,78,0
CUST-1660,71,55.41,3934.1099999999997,Month-to-month,Credit card,0,0,1,117,0
CUST-1661,58,36.35,2108.3,One Year,Credit card,1,1,1,114,0
CUST-1662,2,26.16,52.32,Month-to-month,Mailed check,1,0,2,78,0
CUST-1663,20,98.71,1974.1999999999998,Month-to-month,Credit card,0,1,2,160,0
CUST-1664,53,96.27,5102.3099999999995,Month-to-month,Mailed check,1,1,1,143,1
CUST-1665,5,117.03,585.15,Month-to-month,Mailed check,0,0,3,60,0
CUST-1666,43,70.03,3011.29,Month-to-month,Electronic check,0,1,2,117,0
CUST-1667,52,105.53,5487.56,One Year,Mailed check,1,1,1,92,0
CUST-1668,40,50.89,2035.6,One Year,Electronic check,0,0,1,99,1
CUST-1669,39,95.3,3716.7,Month-to-month,Electronic check,0,1,0,66,0
CUST-1670,14,112.48,1574.72,One Year,Credit card,1,1,2,59,0
CUST-1671,56,58.84,3295.04,Month-to-month,Mailed check,1,0,1,123,0
CUST-1672,42,49.24,2068.08,Month-to-month,Credit card,1,0,0,112,0
CUST-1673,33,40.87,1348.7099999999998,Month-to-month,Electronic check,1,1,4,62,0
CUST-1674,37,38.07,1408.59,Two Year,Credit card,0,1,3,97,0
CUST-1675,55,108.97,5993.35,Month-to-month,Electronic check,0,1,2,86,0
CUST-1676,46,62.99,2897.54,One Year,Credit card,0,0,3,128,0
CUST-1677,52,112.44,5846.88,Month-to-month,Electronic check,0,1,2,73,1
CUST-1678,54,110.96,5991.839999999999,One Year,Bank transfer,1,1,0,131,0
CUST-1679,2,104.35,208.7,One Year,Bank transfer,1,0,2,109,0
CUST-1680,6,37.63,225.78000000000003,Month-to-month,Electronic check,1,0,1,96,0
CUST-1681,11,115.99,1275.8899999999999,Month-to-month,Credit card,0,1,1,96,1
CUST-1682,47,59.85,2812.9500000000003,One Year,Bank transfer,1,1,0,114,0
CUST-1683,25,92.97,2324.25,One Year,Mailed check,0,1,3,70,0
CUST-1684,47,63.46,2982.62,Two Year,Credit card,0,0,3,119,0
CUST-1685,41,81.59,3345.19,Month-to-month,Electronic check,1,0,0,85,0
CUST-1686,35,119.39,4178.65,Month-to-month,Credit card,1,0,2,103,0
CUST-1687,48,70.87,3401.76,Month-to-month,Mailed check,0,1,2,90,0
CUST-1688,45,119.9,5395.5,Two Year,Electronic check,1,0,2,120,0
CUST-1689,25,87.76,2194.0,Month-to-month,Bank transfer,0,1,1,120,0
CUST-1690,22,44.17,971.74,One Year,Electronic check,0,1,3,74,1
CUST-1691,8,38.49,307.92,Month-to-month,Credit card,1,1,3,117,1
CUST-1692,51,92.92,4738.92,Month-to-month,Electronic check,1,0,1,88,0
CUST-1693,34,112.32,3818.8799999999997,Month-to-month,Electronic check,0,1,0,83,1
CUST-1694,30,41.04,1231.2,One Year,Electronic check,0,1,0,80,0
CUST-1695,5,117.21,586.05,Month-to-month,Electronic check,1,0,2,104,1
CUST-1696,17,80.03,1360.51,Two Year,Bank transfer,0,0,2,149,1
CUST-1697,37,119.26,4412.62,Two Year,Credit card,1,1,4,95,0
CUST-1698,49,59.57,2918.93,Month-to-month,Electronic check,1,1,2,86,0
CUST-1699,57,67.14,3826.98,One Year,Electronic check,0,0,0,82,0
CUST-1700,49,54.58,2674.42,Two Year,Electronic check,0,1,7,66,0
CUST-1701,60,22.61,1356.6,Two Year,Bank transfer,0,1,2,35,0
CUST-1702,39,33.76,1316.6399999999999,Month-to-month,Mailed check,1,1,1,83,1
CUST-1703,56,59.26,3318.56,One Year,Credit card,0,0,2,91,0
CUST-1704,58,84.93,4925.9400000000005,Month-to-month,Electronic check,1,0,1,84,1
CUST-1705,25,116.29,2907.25,Two Year,Electronic check,0,0,2,78,0
CUST-1706,50,99.96,4998.0,One Year,Electronic check,0,0,1,81,0
CUST-1707,60,52.57,3154.2,Month-to-month,Mailed check,0,1,1,86,0
CUST-1708,2,28.95,57.9,One Year,Credit card,0,1,2,144,1
CUST-1709,20,52.23,1044.6,Month-to-month,Mailed check,1,1,2,99,0
CUST-1710,46,79.38,3651.4799999999996,Month-to-month,Electronic check,0,1,2,99,0
CUST-1711,6,22.04,132.24,One Year,Mailed check,0,0,0,123,1
CUST-1712,52,49.17,2556.84,Month-to-month,Electronic check,1,0,5,84,1
CUST-1713,25,109.56,2739.0,Two Year,Electronic check,0,1,2,105,0
CUST-1714,21,73.37,1540.77,Month-to-month,Bank transfer,1,1,0,89,0
CUST-1715,38,28.22,1072.36,Month-to-month,Electronic check,1,0,1,119,0
CUST-1716,20,115.14,2302.8,One Year,Credit card,1,0,2,133,0
CUST-1717,33,59.36,1958.8799999999999,One Year,Mailed check,0,0,1,121,0
CUST-1718,50,58.46,2923.0,Month-to-month,Credit card,1,1,1,74,0
CUST-1719,29,56.13,1627.77,Two Year,Electronic check,0,1,2,71,1
CUST-1720,41,102.7,4210.7,Two Year,Electronic check,0,1,1,91,0
CUST-1721,12,66.15,793.8000000000001,One Year,Electronic check,1,0,0,92,0
CUST-1722,23,41.16,946.68,Month-to-month,Bank transfer,0,1,0,116,0
CUST-1723,28,24.77,693.56,One Year,Electronic check,1,0,2,90,0
CUST-1724,9,70.92,638.28,Month-to-month,Mailed check,0,1,3,107,1
CUST-1725,58,109.39,6344.62,Two Year,Electronic check,1,1,1,102,0
CUST-1726,63,73.22,4612.86,One Year,Credit card,0,0,1,62,0
CUST-1727,6,94.3,565.8,Two Year,Mailed check,0,0,1,76,0
CUST-1728,19,25.96,493.24,Month-to-month,Credit card,0,0,2,103,1
CUST-1729,1,69.64,69.64,Month-to-month,Credit card,1,1,1,136,1
CUST-1730,28,82.37,2306.36,One Year,Credit card,1,1,2,123,0
CUST-1731,69,103.59,7147.71,Month-to-month,Bank transfer,0,1,1,89,0
CUST-1732,6,105.45,632.7,One Year,Mailed check,0,0,0,78,1
CUST-1733,8,58.59,468.72,Month-to-month,Credit card,0,0,2,128,1
CUST-1734,25,42.96,1074.0,One Year,Credit card,1,0,2,112,0
CUST-1735,41,55.7,2283.7000000000003,Month-to-month,Electronic check,1,0,3,96,1
CUST-1736,24,47.88,1149.1200000000001,Two Year,Mailed check,0,1,2,110,0
CUST-1737,16,58.86,941.76,One Year,Mailed check,0,1,2,81,0
CUST-1738,3,76.51,229.53000000000003,Month-to-month,Mailed check,1,0,0,89,0
CUST-1739,70,102.21,7154.7,Month-to-month,Credit card,0,1,4,113,1
CUST-1740,40,67.57,2702.7999999999997,Month-to-month,Credit card,0,1,2,106,0
CUST-1741,58,93.54,5425.320000000001,Month-to-month,Mailed check,1,0,1,79,0
CUST-1742,19,65.96,1253.2399999999998,Month-to-month,Electronic check,0,1,2,80,1
CUST-1743,29,118.6,3439.3999999999996,One Year,Credit card,1,1,0,83,0
CUST-1744,4,114.82,459.28,Two Year,Electronic check,0,0,2,64,0
CUST-1745,66,89.91,5934.0599999999995,Month-to-month,Bank transfer,1,1,3,89,0
CUST-1746,1,99.99,99.99,One Year,Electronic check,0,0,2,127,1
CUST-1747,17,69.1,1174.6999999999998,One Year,Mailed check,1,1,0,74,1
CUST-1748,24,21.24,509.76,Month-to-month,Electronic check,0,0,1,66,1
CUST-1749,39,93.73,3655.4700000000003,Month-to-month,Mailed check,1,0,1,66,0
CUST-1750,22,58.19,1280.1799999999998,Month-to-month,Electronic check,0,0,0,104,0
CUST-1751,26,59.23,1539.98,Two Year,Credit card,1,1,1,124,0
CUST-1752,51,107.17,5465.67,Two Year,Electronic check,0,1,2,79,0
CUST-1753,11,20.11,221.20999999999998,Two Year,Electronic check,0,1,2,66,0
CUST-1754,41,48.85,2002.8500000000001,One Year,Electronic check,0,1,1,94,0
CUST-1755,23,39.69,912.8699999999999,One Year,Mailed check,1,0,0,77,0
CUST-1756,16,33.53,536.48,Two Year,Electronic check,1,0,2,124,0
CUST-1757,9,24.35,219.15,Month-to-month,Mailed check,1,1,1,96,0
CUST-1758,22,74.81,1645.8200000000002,Month-to-month,Mailed check,1,0,1,116,1
CUST-1759,23,50.48,1161.04,Month-to-month,Electronic check,0,1,0,157,0
CUST-1760,18,104.03,1872.54,Month-to-month,Credit card,0,0,1,74,0
CUST-1761,46,24.98,1149.08,Two Year,Bank transfer,1,0,4,84,0
CUST-1762,46,70.14,3226.44,One Year,Electronic check,0,1,2,122,0
CUST-1763,46,111.18,5114.280000000001,Month-to-month,Bank transfer,1,0,1,114,0
CUST-1764,10,102.34,1023.4000000000001,Month-to-month,Electronic check,0,0,3,110,1
CUST-1765,56,31.78,1779.68,Month-to-month,Electronic check,1,0,2,54,0
CUST-1766,59,69.4,4094.6000000000004,One Year,Credit card,1,0,1,116,0
CUST-1767,16,61.01,976.16,Month-to-month,Mailed check,1,0,0,128,0
CUST-1768,43,85.44,3673.92,One Year,Bank transfer,0,1,5,87,1
CUST-1769,62,105.0,6510.0,One Year,Credit card,0,1,1,115,0
CUST-1770,36,85.19,3066.84,One Year,Mailed check,1,1,3,110,1
CUST-1771,27,70.28,1897.56,Month-to-month,Electronic check,0,0,3,81,1
CUST-1772,15,70.78,1061.7,Month-to-month,Mailed check,0,1,1,152,1
CUST-1773,27,27.95,754.65,One Year,Electronic check,1,0,0,106,0
CUST-1774,58,48.88,2835.04,Two Year,Credit card,1,1,2,121,0
CUST-1775,65,59.79,3886.35,Two Year,Electronic check,1,0,0,57,0
CUST-1776,28,110.62,3097.36,Month-to-month,Credit card,0,0,5,109,0
CUST-1777,6,66.6,399.59999999999997,Month-to-month,Mailed check,0,1,1,112,0
CUST-1778,2,81.72,163.44,Month-to-month,Credit card,0,0,2,97,0
CUST-1779,57,69.9,3984.3,Month-to-month,Mailed check,0,1,2,73,0
CUST-1780,57,83.92,4783.4400000000005,Two Year,Electronic check,0,0,0,141,0
CUST-1781,4,96.23,384.92,Two Year,Electronic check,1,0,1,93,1
CUST-1782,10,44.04,440.4,One Year,Credit card,0,1,1,58,0
CUST-1783,19,72.87,1384.5300000000002,Month-to-month,Credit card,0,0,0,88,1
CUST-1784,61,63.5,3873.5,Month-to-month,Credit card,0,0,1,79,0
CUST-1785,7,33.8,236.59999999999997,One Year,Credit card,0,0,0,109,0
CUST-1786,46,113.82,5235.719999999999,One Year,Electronic check,0,1,1,129,0
CUST-1787,27,83.73,2260.71,Month-to-month,Electronic check,1,0,1,78,0
CUST-1788,30,56.01,1680.3,Month-to-month,Bank transfer,1,0,1,144,1
CUST-1789,27,68.76,1856.5200000000002,Two Year,Mailed check,1,1,2,117,0
CUST-1790,25,103.46,2586.5,Month-to-month,Bank transfer,1,1,3,99,0
CUST-1791,72,82.01,5904.72,Month-to-month,Mailed check,0,1,1,64,1
CUST-1792,5,68.82,344.09999999999997,One Year,Electronic check,1,1,1,85,0
CUST-1793,62,99.14,6146.68,One Year,Bank transfer,0,1,1,38,0
CUST-1794,67,65.82,4409.94,One Year,Bank transfer,1,0,0,116,0
CUST-1795,62,57.93,3591.66,Two Year,Mailed check,1,1,1,74,0
CUST-1796,22,77.12,1696.64,Month-to-month,Credit card,1,0,2,109,1
CUST-1797,43,42.6,1831.8,Month-to-month,Credit card,0,1,1,98,0
CUST-1798,26,23.11,600.86,Month-to-month,Bank transfer,1,0,3,121,1
CUST-1799,62,85.46,5298.5199999999995,Two Year,Credit card,0,0,0,78,0
CUST-1800,66,63.83,4212.78,Month-to-month,Mailed check,0,1,0,108,0
CUST-1801,71,119.77,8503.67,One Year,Electronic check,0,0,1,115,0
CUST-1802,21,116.92,2455.32,One Year,Electronic check,1,1,2,80,0
CUST-1803,50,46.99,2349.5,Month-to-month,Electronic check,0,1,2,75,1
CUST-1804,28,115.66,3238.48,Two Year,Bank transfer,0,1,1,108,0
CUST-1805,49,83.74,4103.259999999999,Month-to-month,Mailed check,0,1,2,123,0
CUST-1806,20,39.23,784.5999999999999,Month-to-month,Electronic check,1,0,2,86,1
CUST-1807,30,34.14,1024.2,Month-to-month,Credit card,1,1,3,117,0
CUST-1808,48,42.4,2035.1999999999998,Month-to-month,Electronic check,0,1,1,112,0
CUST-1809,15,74.04,1110.6000000000001,One Year,Credit card,0,0,1,137,0
CUST-1810,70,34.2,2394.0,Month-to-month,Electronic check,0,0,1,119,0
CUST-1811,61,48.07,2932.27,Month-to-month,Bank transfer,1,1,0,131,0
CUST-1812,45,83.18,3743.1000000000004,One Year,Electronic check,1,0,1,91,1
CUST-1813,4,91.17,364.68,Month-to-month,Bank transfer,0,0,4,88,0
CUST-1814,10,70.2,702.0,Month-to-month,Electronic check,1,1,1,139,1
CUST-1815,17,42.19,717.23,Month-to-month,Electronic check,1,1,2,113,1
CUST-1816,29,101.57,2945.5299999999997,Month-to-month,Credit card,1,1,1,84,0
CUST-1817,66,83.39,5503.74,Month-to-month,Bank transfer,1,0,3,111,1
CUST-1818,28,113.38,3174.64,One Year,Mailed check,0,0,2,100,0
CUST-1819,34,25.37,862.58,Two Year,Mailed check,1,1,2,93,0
CUST-1820,37,66.89,2474.93,Two Year,Bank transfer,1,1,1,107,0
CUST-1821,28,36.71,1027.88,Two Year,Electronic check,1,0,1,99,1
CUST-1822,19,46.24,878.5600000000001,Month-to-month,Mailed check,1,1,1,104,0
CUST-1823,43,96.24,4138.32,Month-to-month,Electronic check,0,0,2,129,0
CUST-1824,36,46.99,1691.64,Month-to-month,Credit card,1,1,0,96,1
CUST-1825,37,109.26,4042.6200000000003,Month-to-month,Mailed check,0,0,1,88,1
CUST-1826,43,85.28,3667.04,Month-to-month,Electronic check,0,1,2,95,0
CUST-1827,70,104.48,7313.6,One Year,Electronic check,1,0,1,89,0
CUST-1828,47,83.66,3932.02,Two Year,Mailed check,1,0,1,77,0
CUST-1829,59,87.69,5173.71,One Year,Credit card,0,0,0,145,0
CUST-1830,25,52.79,1319.75,One Year,Electronic check,1,0,1,130,0
CUST-1831,65,117.67,7648.55,One Year,Mailed check,0,1,0,134,0
CUST-1832,28,79.73,2232.44,Two Year,Electronic check,1,1,2,117,0
CUST-1833,52,49.01,2548.52,Month-to-month,Electronic check,1,1,2,102,0
CUST-1834,63,21.92,1380.96,Two Year,Electronic check,0,0,2,153,0
CUST-1835,66,40.04,2642.64,Month-to-month,Credit card,1,0,3,156,0
CUST-1836,5,59.52,297.6,Month-to-month,Electronic check,0,1,2,137,1
CUST-1837,32,53.39,1708.48,Month-to-month,Electronic check,1,0,0,170,0
CUST-1838,71,82.45,5853.95,Month-to-month,Electronic check,1,0,2,70,0
CUST-1839,34,81.47,2769.98,Month-to-month,Electronic check,0,0,3,101,1
CUST-1840,10,76.18,761.8000000000001,One Year,Credit card,1,1,1,100,0
CUST-1841,44,36.27,1595.88,Two Year,Electronic check,1,1,2,108,0
CUST-1842,38,25.23,958.74,Two Year,Bank transfer,0,0,2,120,0
CUST-1843,52,38.21,1986.92,Two Year,Mailed check,0,1,2,75,0
CUST-1844,65,78.71,5116.15,Month-to-month,Bank transfer,1,1,0,105,0
CUST-1845,15,93.27,1399.05,Month-to-month,Electronic check,1,1,0,98,1
CUST-1846,45,79.05,3557.25,Month-to-month,Electronic check,0,0,2,80,1
CUST-1847,70,71.25,4987.5,Month-to-month,Electronic check,1,1,2,100,0
CUST-1848,10,92.2,922.0,Two Year,Electronic check,1,1,1,137,0
CUST-1849,37,39.3,1454.1,Two Year,Credit card,0,0,0,117,0
CUST-1850,27,72.49,1957.2299999999998,Month-to-month,Electronic check,1,0,3,53,1
CUST-1851,33,80.21,2646.93,Month-to-month,Credit card,0,1,1,82,0
CUST-1852,20,90.21,1804.1999999999998,One Year,Electronic check,1,1,0,107,0
CUST-1853,26,112.27,2919.02,One Year,Mailed check,1,0,3,109,0
CUST-1854,4,107.61,430.44,One Year,Mailed check,1,0,2,111,1
CUST-1855,67,105.16,7045.719999999999,Two Year,Electronic check,1,1,0,77,0
CUST-1856,48,81.89,3930.7200000000003,Month-to-month,Mailed check,1,0,3,61,0
CUST-1857,39,49.81,1942.5900000000001,One Year,Mailed check,1,1,0,114,0
CUST-1858,53,54.91,2910.23,Two Year,Mailed check,0,0,2,119,0
CUST-1859,51,64.93,3311.4300000000003,Month-to-month,Electronic check,0,0,3,77,1
CUST-1860,63,36.56,2303.28,One Year,Mailed check,1,1,1,58,0
CUST-1861,52,117.68,6119.360000000001,Month-to-month,Mailed check,0,0,1,75,0
CUST-1862,63,76.18,4799.34,Two Year,Mailed check,0,0,1,103,0
CUST-1863,60,29.59,1775.4,Month-to-month,Electronic check,1,0,2,95,0
CUST-1864,27,71.93,1942.1100000000001,Month-to-month,Credit card,0,1,0,112,0
CUST-1865,51,61.8,3151.7999999999997,Month-to-month,Electronic check,1,0,1,48,1
CUST-1866,70,116.95,8186.5,Month-to-month,Bank transfer,0,0,2,97,0
CUST-1867,46,43.55,2003.3,Month-to-month,Electronic check,1,0,2,117,0
CUST-1868,56,101.75,5698.0,One Year,Bank transfer,0,0,1,129,0
CUST-1869,70,114.06,7984.2,One Year,Credit card,1,0,4,86,0
CUST-1870,10,25.76,257.6,Month-to-month,Electronic check,0,0,2,85,1
CUST-1871,24,118.3,2839.2,One Year,Credit card,0,1,1,108,0
CUST-1872,71,22.17,1574.0700000000002,Month-to-month,Mailed check,0,1,2,141,0
CUST-1873,1,84.08,84.08,Month-to-month,Bank transfer,1,1,1,109,0
CUST-1874,50,58.44,2922.0,Month-to-month,Credit card,0,1,1,98,0
CUST-1875,60,46.73,2803.7999999999997,One Year,Mailed check,1,0,0,99,0
CUST-1876,17,46.41,788.9699999999999,One Year,Credit card,1,0,3,70,0
CUST-1877,17,37.42,636.14,Month-to-month,Electronic check,0,1,0,110,1
CUST-1878,1,104.14,104.14,Month-to-month,Mailed check,0,1,3,91,1
CUST-1879,34,48.7,1655.8000000000002,One Year,Mailed check,0,1,3,93,0
CUST-1880,1,101.45,101.45,Month-to-month,Mailed check,1,1,2,116,1
CUST-1881,18,76.68,1380.2400000000002,Month-to-month,Electronic check,0,0,0,103,1
CUST-1882,1,95.39,95.39,Two Year,Electronic check,1,0,2,101,1
CUST-1883,9,110.02,990.18,Month-to-month,Credit card,1,1,3,101,1
CUST-1884,65,110.29,7168.85,Month-to-month,Bank transfer,0,0,0,101,1
CUST-1885,12,106.92,1283.04,Two Year,Credit card,1,0,1,102,0
CUST-1886,69,102.05,7041.45,One Year,Bank transfer,0,0,2,97,0
CUST-1887,14,96.33,1348.62,One Year,Credit card,0,0,1,124,1
CUST-1888,67,74.09,4964.030000000001,Month-to-month,Electronic check,0,1,0,132,1
CUST-1889,5,20.7,103.5,Two Year,Mailed check,0,0,0,104,1
CUST-1890,9,43.45,391.05,Month-to-month,Credit card,0,0,3,91,1
CUST-1891,22,112.36,2471.92,One Year,Bank transfer,1,1,0,107,0
CUST-1892,8,101.94,815.52,Month-to-month,Mailed check,1,1,1,95,0
CUST-1893,50,116.29,5814.5,Month-to-month,Bank transfer,1,1,2,107,0
CUST-1894,19,73.89,1403.91,One Year,Electronic check,0,0,2,65,0
CUST-1895,37,84.74,3135.3799999999997,Month-to-month,Mailed check,0,1,2,123,0
CUST-1896,57,90.89,5180.7300000000005,One Year,Credit card,1,0,1,93,0
CUST-1897,13,64.2,834.6,Month-to-month,Electronic check,1,0,3,96,1
CUST-1898,56,23.19,1298.64,Month-to-month,Electronic check,0,1,0,111,0
CUST-1899,35,72.06,2522.1,Month-to-month,Electronic check,0,0,1,105,0
CUST-1900,50,106.44,5322.0,Month-to-month,Mailed check,0,0,0,102,1
CUST-1901,31,82.31,2551.61,Month-to-month,Electronic check,1,1,1,123,1
CUST-1902,26,43.56,1132.56,Month-to-month,Electronic check,0,1,1,106,1
CUST-1903,70,56.74,3971.8,One Year,Bank transfer,1,0,2,103,0
CUST-1904,69,53.25,3674.25,One Year,Mailed check,1,1,0,95,0
CUST-1905,57,65.25,3719.25,One Year,Electronic check,1,0,0,83,0
CUST-1906,64,88.36,5655.04,One Year,Credit card,0,0,2,67,0
CUST-1907,55,69.81,3839.55,Month-to-month,Electronic check,1,0,1,121,1
CUST-1908,33,61.33,2023.8899999999999,Two Year,Mailed check,1,1,0,81,0
CUST-1909,69,52.64,3632.16,Two Year,Mailed check,1,1,4,31,1
CUST-1910,6,106.41,638.46,One Year,Bank transfer,0,0,0,99,0
CUST-1911,29,23.96,694.84,One Year,Credit card,1,0,1,134,0
CUST-1912,21,93.99,1973.79,Month-to-month,Credit card,1,1,2,81,0
CUST-1913,31,112.76,3495.56,One Year,Electronic check,0,0,0,96,0
CUST-1914,31,59.12,1832.72,Two Year,Electronic check,0,0,0,100,1
CUST-1915,60,48.17,2890.2000000000003,One Year,Electronic check,0,1,0,109,1
CUST-1916,36,90.17,3246.12,Two Year,Bank transfer,1,0,3,91,1
CUST-1917,26,24.39,634.14,Two Year,Mailed check,1,1,2,120,0
CUST-1918,37,35.36,1308.32,Month-to-month,Mailed check,0,0,1,137,0
CUST-1919,56,20.4,1142.3999999999999,Two Year,Bank transfer,0,0,1,92,0
CUST-1920,38,101.68,3863.84,Month-to-month,Credit card,0,0,2,106,0
CUST-1921,46,117.22,5392.12,Month-to-month,Bank transfer,1,0,0,98,0
CUST-1922,25,109.44,2736.0,Month-to-month,Electronic check,0,1,2,52,0
CUST-1923,71,29.81,2116.5099999999998,Month-to-month,Bank transfer,0,1,2,110,1
CUST-1924,38,81.9,3112.2000000000003,One Year,Electronic check,0,1,1,133,0
CUST-1925,29,84.98,2464.42,Two Year,Bank transfer,0,0,1,124,0
CUST-1926,24,75.97,1823.28,Month-to-month,Electronic check,0,0,3,89,1
CUST-1927,69,119.96,8277.24,Two Year,Electronic check,0,1,1,94,1
CUST-1928,72,100.37,7226.64,Month-to-month,Electronic check,1,0,2,142,1
CUST-1929,3,99.38,298.14,Two Year,Bank transfer,1,1,0,94,0
CUST-1930,47,85.65,4025.55,One Year,Credit card,1,1,4,72,0
CUST-1931,48,73.73,3539.04,One Year,Electronic check,0,0,3,106,1
CUST-1932,35,99.19,3471.65,Month-to-month,Credit card,0,1,0,124,0
CUST-1933,38,63.58,2416.04,Month-to-month,Electronic check,0,0,1,67,1
CUST-1934,28,99.28,2779.84,Two Year,Bank transfer,0,0,1,160,1
CUST-1935,51,51.58,2630.58,One Year,Mailed check,1,0,0,91,0
CUST-1936,67,33.41,2238.47,Month-to-month,Electronic check,0,1,0,108,0
CUST-1937,19,82.04,1558.7600000000002,One Year,Credit card,1,0,1,77,0
CUST-1938,51,78.35,3995.85,Month-to-month,Credit card,1,0,0,143,0
CUST-1939,14,116.89,1636.46,Month-to-month,Electronic check,0,1,2,105,1
CUST-1940,70,110.59,7741.3,One Year,Electronic check,0,1,2,127,0
CUST-1941,19,53.05,1007.9499999999999,One Year,Credit card,0,1,1,95,1
CUST-1942,15,58.89,883.35,Month-to-month,Credit card,0,0,1,148,0
CUST-1943,60,36.91,2214.6,One Year,Mailed check,0,1,0,96,0
CUST-1944,52,92.17,4792.84,Two Year,Electronic check,1,1,1,68,0
CUST-1945,60,50.68,3040.8,Month-to-month,Credit card,0,1,2,86,0
CUST-1946,50,89.93,4496.5,Month-to-month,Credit card,1,0,1,53,0
CUST-1947,16,57.9,926.4,Month-to-month,Electronic check,1,1,1,49,0
CUST-1948,3,64.56,193.68,Month-to-month,Electronic check,1,1,4,83,1
CUST-1949,53,35.84,1899.5200000000002,Month-to-month,Bank transfer,1,0,5,116,0
CUST-1950,25,66.81,1670.25,One Year,Electronic check,0,0,1,133,0
CUST-1951,16,66.64,1066.24,Month-to-month,Credit card,1,1,1,88,0
CUST-1952,2,62.63,125.26,Month-to-month,Electronic check,0,1,1,92,1
CUST-1953,64,68.42,4378.88,Month-to-month,Credit card,0,0,2,126,1
CUST-1954,17,26.04,442.68,Month-to-month,Bank transfer,0,1,1,95,1
CUST-1955,23,77.3,1777.8999999999999,Month-to-month,Electronic check,1,1,1,87,0
CUST-1956,24,52.11,1250.6399999999999,Month-to-month,Credit card,1,1,1,77,1
CUST-1957,44,32.64,1436.16,Month-to-month,Electronic check,0,1,2,127,0
CUST-1958,27,42.32,1142.64,Two Year,Electronic check,0,1,0,62,0
CUST-1959,11,77.17,848.87,Month-to-month,Bank transfer,0,0,1,84,1
CUST-1960,30,43.53,1305.9,One Year,Mailed check,1,0,1,125,0
CUST-1961,55,28.78,1582.9,Two Year,Bank transfer,0,1,1,121,0
CUST-1962,6,107.3,643.8,Month-to-month,Electronic check,0,0,3,67,1
CUST-1963,44,35.58,1565.52,Month-to-month,Bank transfer,0,0,2,83,0
CUST-1964,59,97.67,5762.53,One Year,Electronic check,0,1,0,125,0
CUST-1965,68,39.1,2658.8,Month-to-month,Electronic check,0,1,2,68,0
CUST-1966,41,92.74,3802.3399999999997,Month-to-month,Electronic check,1,1,1,120,1
CUST-1967,4,115.01,460.04,One Year,Electronic check,1,1,0,107,1
CUST-1968,40,108.06,4322.4,One Year,Credit card,0,0,0,95,0
CUST-1969,2,57.67,115.34,Month-to-month,Bank transfer,0,0,0,113,1
CUST-1970,18,99.39,1789.02,Month-to-month,Electronic check,0,0,2,122,1
CUST-1971,66,56.16,3706.56,One Year,Credit card,0,1,1,59,0
CUST-1972,41,81.35,3335.35,Month-to-month,Mailed check,0,1,2,86,0
CUST-1973,47,112.33,5279.51,Month-to-month,Credit card,1,1,1,113,0
CUST-1974,27,71.47,1929.69,Month-to-month,Electronic check,1,0,3,92,1
CUST-1975,45,64.69,2911.0499999999997,Month-to-month,Electronic check,0,1,2,84,0
CUST-1976,48,116.05,5570.4,Month-to-month,Credit card,1,0,2,101,0
CUST-1977,3,70.58,211.74,Month-to-month,Bank transfer,1,0,1,94,0
CUST-1978,21,20.04,420.84,Month-to-month,Credit card,0,1,1,80,0
CUST-1979,19,39.34,747.46,One Year,Mailed check,1,0,1,112,0
CUST-1980,61,68.43,4174.2300000000005,Month-to-month,Bank transfer,1,1,2,42,0
CUST-1981,26,20.27,527.02,Month-to-month,Electronic check,1,1,1,69,0
CUST-1982,31,22.64,701.84,Month-to-month,Electronic check,0,1,0,144,1
CUST-1983,59,108.02,6373.179999999999,Two Year,Mailed check,1,0,1,68,0
CUST-1984,49,97.97,4800.53,Month-to-month,Mailed check,0,1,2,91,1
CUST-1985,61,59.28,3616.08,Month-to-month,Electronic check,0,1,0,128,1
CUST-1986,31,27.9,864.9,Two Year,Bank transfer,0,1,4,101,0
CUST-1987,18,46.89,844.02,Month-to-month,Credit card,1,1,2,103,0
CUST-1988,64,34.29,2194.56,Month-to-month,Electronic check,0,1,2,91,0
CUST-1989,10,47.94,479.4,One Year,Credit card,1,1,2,83,0
CUST-1990,32,106.7,3414.4,Month-to-month,Credit card,0,1,3,110,1
CUST-1991,17,49.68,844.56,Month-to-month,Electronic check,1,0,1,117,1
CUST-1992,7,53.87,377.09,Month-to-month,Bank transfer,1,0,1,87,0
CUST-1993,32,105.61,3379.52,Month-to-month,Electronic check,0,0,5,151,1
CUST-1994,69,58.98,4069.62,Two Year,Credit card,0,1,3,77,0
CUST-1995,38,57.06,2168.28,Month-to-month,Bank transfer,0,0,3,95,1
CUST-1996,27,89.45,2415.15,Month-to-month,Bank transfer,0,0,1,165,0
CUST-1997,52,74.98,3898.96,Two Year,Mailed check,1,0,2,102,0
CUST-1998,60,85.67,5140.2,Month-to-month,Mailed check,0,1,3,84,0
CUST-1999,68,61.4,4175.2,Month-to-month,Electronic check,0,0,2,91,1
CUST-2000,70,119.55,8368.5,Month-to-month,Bank transfer,1,0,2,106,1
CUST-2001,56,82.71,4631.759999999999,Month-to-month,Credit card,1,1,1,61,0
CUST-2002,70,23.53,1647.1000000000001,Month-to-month,Credit card,1,1,2,109,0
CUST-2003,48,35.3,1694.3999999999999,Month-to-month,Electronic check,0,1,1,115,0
CUST-2004,23,24.75,569.25,Two Year,Electronic check,0,1,3,123,0
CUST-2005,55,82.4,4532.0,One Year,Credit card,1,0,1,119,0
CUST-2006,49,102.76,5035.240000000001,Two Year,Electronic check,0,1,2,75,0
CUST-2007,56,113.92,6379.52,Month-to-month,Credit card,0,1,1,103,0
CUST-2008,54,44.4,2397.6,Month-to-month,Bank transfer,1,0,1,57,0
CUST-2009,67,65.25,4371.75,One Year,Credit card,0,1,1,105,0
CUST-2010,58,58.57,3397.06,One Year,Mailed check,0,1,0,76,0
CUST-2011,55,117.11,6441.05,One Year,Electronic check,0,0,2,98,0
CUST-2012,31,24.54,760.74,Two Year,Credit card,0,1,6,108,0
CUST-2013,49,63.26,3099.74,One Year,Credit card,0,0,3,59,0
CUST-2014,9,41.23,371.07,One Year,Bank transfer,1,0,2,94,0
CUST-2015,19,98.13,1864.4699999999998,One Year,Mailed check,1,1,3,142,0
CUST-2016,35,48.23,1688.05,Two Year,Mailed check,1,0,1,80,0
CUST-2017,72,34.92,2514.2400000000002,One Year,Credit card,1,1,3,93,0
CUST-2018,14,98.14,1373.96,Two Year,Electronic check,0,1,2,90,0
CUST-2019,46,48.95,2251.7000000000003,Month-to-month,Electronic check,1,0,0,107,0
CUST-2020,2,83.18,166.36,One Year,Bank transfer,1,1,1,104,0
CUST-2021,44,79.09,3479.96,One Year,Bank transfer,0,1,2,143,0
CUST-2022,35,81.24,2843.3999999999996,Month-to-month,Bank transfer,1,0,2,104,0
CUST-2023,38,43.86,1666.68,One Year,Bank transfer,0,1,2,70,0
CUST-2024,64,43.81,2803.84,Two Year,Electronic check,1,0,2,73,0
CUST-2025,40,21.54,861.5999999999999,One Year,Electronic check,1,1,2,140,0
CUST-2026,18,59.63,1073.3400000000001,Month-to-month,Electronic check,0,0,5,101,1
CUST-2027,41,71.31,2923.71,One Year,Electronic check,1,1,1,44,0
CUST-2028,42,82.42,3461.64,Month-to-month,Electronic check,0,0,1,71,0
CUST-2029,28,51.2,1433.6000000000001,Month-to-month,Credit card,0,0,0,111,1
CUST-2030,16,87.93,1406.88,Two Year,Bank transfer,0,1,1,108,0
CUST-2031,15,103.69,1555.35,Month-to-month,Credit card,0,1,0,96,0
CUST-2032,6,96.6,579.5999999999999,One Year,Bank transfer,0,0,1,93,1
CUST-2033,56,49.57,2775.92,One Year,Mailed check,0,0,1,111,0
CUST-2034,25,105.16,2629.0,Month-to-month,Electronic check,0,1,2,128,1
CUST-2035,62,84.6,5245.2,Month-to-month,Bank transfer,0,0,5,160,1
CUST-2036,16,98.23,1571.68,Two Year,Mailed check,1,0,4,90,1
CUST-2037,16,61.1,977.6,Month-to-month,Electronic check,0,0,1,133,1
CUST-2038,17,28.75,488.75,Month-to-month,Bank transfer,0,1,1,101,0
CUST-2039,18,33.46,602.28,Two Year,Bank transfer,0,1,1,102,0
CUST-2040,27,86.67,2340.09,Month-to-month,Electronic check,0,1,2,98,0
CUST-2041,17,59.61,1013.37,Month-to-month,Electronic check,1,0,0,118,1
CUST-2042,29,111.29,3227.4100000000003,Month-to-month,Credit card,0,0,0,60,0
CUST-2043,61,66.34,4046.7400000000002,Two Year,Electronic check,0,0,0,67,1
CUST-2044,48,119.98,5759.04,Two Year,Bank transfer,0,0,0,77,1
CUST-2045,53,54.75,2901.75,Month-to-month,Mailed check,1,0,1,78,0
CUST-2046,39,61.72,2407.08,One Year,Electronic check,1,1,0,155,0
CUST-2047,48,88.85,4264.799999999999,Month-to-month,Mailed check,1,1,0,106,1
CUST-2048,54,70.87,3826.9800000000005,One Year,Electronic check,0,1,1,84,0
CUST-2049,68,84.15,5722.200000000001,Two Year,Electronic check,1,0,2,86,0
CUST-2050,45,82.56,3715.2000000000003,One Year,Electronic check,0,0,0,74,0
CUST-2051,44,95.16,4187.04,One Year,Mailed check,0,1,2,93,0
CUST-2052,54,103.43,5585.22,Month-to-month,Bank transfer,0,0,3,98,0
CUST-2053,72,57.79,4160.88,Month-to-month,Credit card,1,0,0,103,0
CUST-2054,8,43.85,350.8,Month-to-month,Mailed check,0,0,1,102,1
CUST-2055,31,42.31,1311.6100000000001,Two Year,Credit card,0,1,1,96,0
CUST-2056,67,68.84,4612.280000000001,Two Year,Mailed check,1,1,3,132,0
CUST-2057,52,87.63,4556.76,Two Year,Mailed check,0,1,2,83,0
CUST-2058,38,67.51,2565.38,One Year,Electronic check,0,1,1,92,0
CUST-2059,66,117.44,7751.04,One Year,Electronic check,1,1,2,161,0
CUST-2060,44,87.14,3834.16,Two Year,Mailed check,1,1,2,86,0
CUST-2061,71,102.09,7248.39,Two Year,Credit card,1,1,2,79,0
CUST-2062,12,110.65,1327.8000000000002,One Year,Mailed check,0,0,1,102,1
CUST-2063,65,88.31,5740.150000000001,Month-to-month,Electronic check,1,1,1,95,0
CUST-2064,16,30.99,495.84,Month-to-month,Electronic check,0,1,1,81,1
CUST-2065,65,86.29,5608.85,One Year,Credit card,0,0,2,72,0
CUST-2066,51,78.51,4004.01,Month-to-month,Bank transfer,1,1,2,105,0
CUST-2067,41,77.9,3193.9,One Year,Electronic check,0,0,0,100,0
CUST-2068,41,53.2,2181.2000000000003,Month-to-month,Electronic check,0,0,0,130,0
CUST-2069,70,22.9,1603.0,Month-to-month,Bank transfer,0,0,2,102,0
CUST-2070,50,53.47,2673.5,Month-to-month,Electronic check,0,0,0,153,1
CUST-2071,47,83.99,3947.5299999999997,One Year,Bank transfer,0,1,2,58,0
CUST-2072,40,111.6,4464.0,Month-to-month,Bank transfer,0,0,3,74,1
CUST-2073,45,48.15,2166.75,Month-to-month,Electronic check,1,1,2,100,1
CUST-2074,48,66.59,3196.32,One Year,Electronic check,1,0,1,98,1
CUST-2075,68,50.07,3404.76,Month-to-month,Credit card,0,1,1,74,0
CUST-2076,31,63.57,1970.67,One Year,Electronic check,1,0,0,67,0
CUST-2077,2,69.47,138.94,One Year,Electronic check,0,0,1,124,1
CUST-2078,24,62.8,1507.1999999999998,Month-to-month,Bank transfer,1,1,2,144,0
CUST-2079,15,107.39,1610.85,Month-to-month,Credit card,0,1,1,120,1
CUST-2080,69,71.8,4954.2,Month-to-month,Electronic check,0,0,2,139,0
CUST-2081,26,25.39,660.14,Month-to-month,Credit card,1,0,1,113,0
CUST-2082,51,21.63,1103.1299999999999,Month-to-month,Electronic check,1,1,2,94,0
CUST-2083,19,45.03,855.57,One Year,Bank transfer,1,1,4,87,1
CUST-2084,69,91.51,6314.1900000000005,Month-to-month,Electronic check,0,1,2,116,0
CUST-2085,6,43.53,261.18,Month-to-month,Bank transfer,1,0,3,125,1
CUST-2086,9,34.71,312.39,Month-to-month,Electronic check,0,0,1,88,1
CUST-2087,68,92.98,6322.64,Month-to-month,Bank transfer,0,0,1,93,0
CUST-2088,27,74.5,2011.5,One Year,Electronic check,0,1,1,112,0
CUST-2089,22,42.26,929.7199999999999,One Year,Credit card,0,1,1,131,0
CUST-2090,37,38.0,1406.0,Month-to-month,Mailed check,1,1,1,122,0
CUST-2091,5,58.49,292.45,One Year,Bank transfer,1,0,1,93,0
CUST-2092,38,85.0,3230.0,Month-to-month,Electronic check,1,0,2,108,0
CUST-2093,71,67.97,4825.87,Month-to-month,Electronic check,0,1,3,138,1
CUST-2094,64,44.11,2823.04,Month-to-month,Electronic check,0,1,4,85,0
CUST-2095,45,100.73,4532.85,One Year,Credit card,1,0,1,94,0
CUST-2096,20,35.26,705.1999999999999,Two Year,Bank transfer,0,1,0,116,0
CUST-2097,51,51.8,2641.7999999999997,Month-to-month,Bank transfer,0,1,0,64,0
CUST-2098,12,29.44,353.28000000000003,Month-to-month,Electronic check,0,1,0,78,0
CUST-2099,1,61.44,61.44,One Year,Electronic check,1,1,1,121,1
CUST-2100,1,109.48,109.48,One Year,Mailed check,0,1,1,152,1
CUST-2101,47,44.89,2109.83,Two Year,Electronic check,1,1,1,120,0
CUST-2102,9,70.42,633.78,Month-to-month,Credit card,0,0,3,97,1
CUST-2103,20,80.33,1606.6,One Year,Mailed check,0,0,1,85,0
CUST-2104,49,93.29,4571.21,Month-to-month,Electronic check,1,1,1,87,1
CUST-2105,25,23.85,596.25,Month-to-month,Mailed check,1,1,2,72,0
CUST-2106,64,44.13,2824.32,One Year,Electronic check,1,1,0,133,0
CUST-2107,31,84.99,2634.69,Two Year,Electronic check,0,0,3,100,0
CUST-2108,19,28.6,543.4,Month-to-month,Electronic check,1,0,0,104,1
CUST-2109,49,117.03,5734.47,Month-to-month,Bank transfer,0,1,3,128,1
CUST-2110,61,110.31,6728.91,Two Year,Electronic check,0,1,0,79,0
CUST-2111,56,31.32,1753.92,One Year,Credit card,0,0,1,117,0
CUST-2112,46,24.74,1138.04,Two Year,Mailed check,1,1,3,78,0
CUST-2113,32,59.13,1892.16,Month-to-month,Credit card,0,1,2,52,0
CUST-2114,24,91.04,2184.96,One Year,Credit card,0,1,1,59,0
CUST-2115,16,94.95,1519.2,Two Year,Bank transfer,0,0,1,76,0
CUST-2116,60,31.98,1918.8,Month-to-month,Mailed check,1,1,1,91,0
CUST-2117,31,42.22,1308.82,Month-to-month,Credit card,0,1,0,112,1
CUST-2118,8,33.1,264.8,One Year,Electronic check,1,1,1,89,0
CUST-2119,67,118.87,7964.29,One Year,Electronic check,1,1,0,106,0
CUST-2120,43,60.38,2596.34,Month-to-month,Electronic check,0,1,2,117,0
CUST-2121,25,38.03,950.75,Month-to-month,Mailed check,1,1,1,96,0
CUST-2122,59,77.87,4594.33,Two Year,Bank transfer,1,1,0,118,0
CUST-2123,64,94.82,6068.48,One Year,Credit card,1,1,0,118,0
CUST-2124,13,30.81,400.53,Month-to-month,Electronic check,1,1,2,177,0
CUST-2125,54,28.11,1517.94,Month-to-month,Mailed check,1,1,3,138,0
CUST-2126,59,116.13,6851.67,Two Year,Mailed check,0,1,2,105,0
CUST-2127,5,92.29,461.45000000000005,Month-to-month,Mailed check,0,0,1,123,0
CUST-2128,2,38.7,77.4,Two Year,Electronic check,1,1,0,99,0
CUST-2129,17,74.47,1265.99,Month-to-month,Electronic check,0,1,2,44,0
CUST-2130,44,112.46,4948.24,Month-to-month,Mailed check,0,0,1,88,1
CUST-2131,9,113.08,1017.72,One Year,Bank transfer,0,0,1,101,0
CUST-2132,52,84.29,4383.08,One Year,Electronic check,1,0,0,116,0
CUST-2133,70,89.78,6284.6,One Year,Bank transfer,1,1,1,92,0
CUST-2134,50,88.12,4406.0,Month-to-month,Credit card,1,1,1,143,0
CUST-2135,65,89.82,5838.299999999999,One Year,Bank transfer,0,0,0,70,0
CUST-2136,33,38.46,1269.18,Month-to-month,Electronic check,0,0,0,85,0
CUST-2137,57,36.58,2085.06,Month-to-month,Bank transfer,1,1,2,133,0
CUST-2138,18,89.52,1611.36,Month-to-month,Credit card,0,1,2,90,0
CUST-2139,11,103.33,1136.6299999999999,One Year,Electronic check,0,0,4,79,0
CUST-2140,26,102.27,2659.02,One Year,Mailed check,1,1,1,114,0
CUST-2141,48,84.61,4061.2799999999997,Month-to-month,Credit card,1,1,0,74,1
CUST-2142,51,71.46,3644.4599999999996,Month-to-month,Mailed check,0,0,3,103,0
CUST-2143,41,119.99,4919.59,One Year,Electronic check,1,1,0,118,0
CUST-2144,63,110.22,6943.86,Month-to-month,Mailed check,1,0,1,85,0
CUST-2145,18,57.69,1038.42,One Year,Mailed check,0,0,1,71,1
CUST-2146,14,89.57,1253.98,Month-to-month,Electronic check,1,1,1,101,0
CUST-2147,68,72.33,4918.44,Month-to-month,Electronic check,0,0,3,71,1
CUST-2148,60,51.09,3065.4,One Year,Bank transfer,0,1,2,94,0
CUST-2149,11,24.94,274.34000000000003,Month-to-month,Electronic check,0,1,1,63,0
CUST-2150,31,69.74,2161.94,One Year,Electronic check,1,0,2,97,0
CUST-2151,7,52.13,364.91,One Year,Mailed check,1,0,1,115,0
CUST-2152,72,88.35,6361.2,Month-to-month,Electronic check,0,1,0,115,1
CUST-2153,11,103.91,1143.01,Month-to-month,Electronic check,1,1,2,139,0
CUST-2154,4,75.87,303.48,Month-to-month,Bank transfer,0,1,3,86,0
CUST-2155,6,93.85,563.0999999999999,Month-to-month,Electronic check,0,0,4,116,1
CUST-2156,32,28.2,902.4,Month-to-month,Mailed check,1,1,0,36,0
CUST-2157,49,103.67,5079.83,Two Year,Electronic check,0,1,4,112,0
CUST-2158,21,71.77,1507.1699999999998,Month-to-month,Electronic check,1,0,0,81,0
CUST-2159,18,103.54,1863.72,Month-to-month,Electronic check,1,0,0,77,0
CUST-2160,35,75.5,2642.5,One Year,Credit card,0,1,0,112,1
CUST-2161,25,99.78,2494.5,Month-to-month,Electronic check,0,1,1,131,1
CUST-2162,6,97.17,583.02,Month-to-month,Electronic check,0,1,0,122,1
CUST-2163,42,41.78,1754.76,Month-to-month,Electronic check,1,1,1,89,1
CUST-2164,16,53.97,863.52,One Year,Bank transfer,0,1,3,121,0
CUST-2165,60,107.94,6476.4,Month-to-month,Bank transfer,1,1,0,89,0
CUST-2166,56,26.16,1464.96,Month-to-month,Bank transfer,1,1,1,162,0
CUST-2167,39,93.75,3656.25,Two Year,Electronic check,0,0,1,83,0
CUST-2168,36,25.83,929.8799999999999,Two Year,Electronic check,0,0,3,127,1
CUST-2169,36,62.71,2257.56,Month-to-month,Credit card,0,0,1,129,0
CUST-2170,3,79.13,237.39,Month-to-month,Electronic check,0,0,1,64,1
CUST-2171,27,65.71,1774.1699999999998,Month-to-month,Credit card,0,1,2,79,1
CUST-2172,22,88.71,1951.62,Month-to-month,Bank transfer,0,1,1,152,0
CUST-2173,4,25.19,100.76,Two Year,Electronic check,0,1,1,82,0
CUST-2174,37,116.13,4296.8099999999995,Month-to-month,Electronic check,1,1,3,108,0
CUST-2175,45,32.48,1461.6,One Year,Electronic check,0,0,1,105,1
CUST-2176,65,65.75,4273.75,Two Year,Credit card,0,0,0,115,0
CUST-2177,70,52.67,3686.9,Month-to-month,Electronic check,1,0,1,46,0
CUST-2178,31,78.3,2427.2999999999997,Two Year,Electronic check,1,0,1,113,0
CUST-2179,28,82.79,2318.1200000000003,One Year,Electronic check,0,1,1,67,1
CUST-2180,3,91.36,274.08,Month-to-month,Electronic check,1,0,2,112,1
CUST-2181,20,32.04,640.8,One Year,Electronic check,0,1,2,73,1
CUST-2182,39,34.63,1350.5700000000002,One Year,Bank transfer,1,1,1,92,0
CUST-2183,33,72.83,2403.39,Month-to-month,Credit card,0,1,3,94,0
CUST-2184,49,25.38,1243.62,Two Year,Bank transfer,1,1,0,133,0
CUST-2185,58,104.95,6087.1,One Year,Bank transfer,0,0,3,52,0
CUST-2186,56,42.34,2371.04,Month-to-month,Bank transfer,0,0,0,93,1
CUST-2187,70,37.63,2634.1000000000004,Month-to-month,Mailed check,1,1,0,66,0
CUST-2188,67,24.63,1650.21,Month-to-month,Mailed check,1,1,2,115,0
CUST-2189,1,97.07,97.07,Two Year,Bank transfer,1,0,2,92,1
CUST-2190,58,21.65,1255.6999999999998,One Year,Bank transfer,1,0,0,109,0
CUST-2191,64,43.22,2766.08,Month-to-month,Electronic check,1,1,1,126,1
CUST-2192,47,60.48,2842.56,Month-to-month,Bank transfer,1,1,0,125,0
CUST-2193,43,40.71,1750.53,Two Year,Electronic check,1,0,2,132,0
CUST-2194,56,45.78,2563.6800000000003,Two Year,Electronic check,1,0,0,83,0
CUST-2195,55,32.37,1780.35,Month-to-month,Electronic check,0,0,3,85,1
CUST-2196,48,109.1,5236.799999999999,Two Year,Mailed check,1,0,3,99,0
CUST-2197,5,28.99,144.95,One Year,Electronic check,0,1,0,104,0
CUST-2198,43,88.92,3823.56,Month-to-month,Electronic check,1,0,3,132,0
CUST-2199,71,50.55,3589.0499999999997,Two Year,Electronic check,1,0,0,87,0
CUST-2200,50,105.64,5282.0,One Year,Mailed check,0,0,1,97,0
CUST-2201,54,44.59,2407.86,Month-to-month,Credit card,0,0,0,75,0
CUST-2202,25,57.98,1449.5,Two Year,Electronic check,1,0,3,121,0
CUST-2203,72,69.14,4978.08,Two Year,Credit card,0,0,1,115,0
CUST-2204,13,81.91,1064.83,Month-to-month,Credit card,0,0,4,131,1
CUST-2205,45,72.52,3263.3999999999996,Month-to-month,Electronic check,1,0,1,159,1
CUST-2206,12,49.91,598.92,Month-to-month,Credit card,1,1,0,131,1
CUST-2207,10,99.39,993.9,One Year,Electronic check,0,1,3,125,0
CUST-2208,15,22.14,332.1,Month-to-month,Electronic check,0,1,1,125,1
CUST-2209,47,78.72,3699.84,Month-to-month,Electronic check,0,0,1,103,1
CUST-2210,1,95.05,95.05,Month-to-month,Mailed check,1,1,3,83,1
CUST-2211,26,67.51,1755.2600000000002,Month-to-month,Mailed check,0,0,2,59,1
CUST-2212,37,99.42,3678.54,Month-to-month,Electronic check,1,0,4,108,1
CUST-2213,48,36.93,1772.6399999999999,Month-to-month,Electronic check,1,1,2,141,0
CUST-2214,39,105.61,4118.79,Two Year,Bank transfer,0,0,0,140,1
CUST-2215,2,44.28,88.56,Two Year,Bank transfer,0,0,2,69,1
CUST-2216,68,93.92,6386.56,Month-to-month,Mailed check,0,0,1,113,0
CUST-2217,56,95.34,5339.04,Month-to-month,Credit card,1,0,0,99,0
CUST-2218,39,49.27,1921.5300000000002,Month-to-month,Electronic check,0,1,0,71,1
CUST-2219,51,32.42,1653.42,One Year,Bank transfer,0,0,1,116,0
CUST-2220,38,73.88,2807.4399999999996,Two Year,Credit card,1,1,1,101,0
CUST-2221,62,24.25,1503.5,Two Year,Credit card,0,1,0,154,0
CUST-2222,67,102.73,6882.91,Month-to-month,Bank transfer,1,1,0,88,0
CUST-2223,57,70.52,4019.64,Month-to-month,Credit card,0,0,0,94,1
CUST-2224,42,108.9,4573.8,Month-to-month,Credit card,1,0,1,111,0
CUST-2225,34,64.82,2203.8799999999997,Two Year,Bank transfer,0,1,4,97,0
CUST-2226,53,24.38,1292.1399999999999,Month-to-month,Mailed check,1,0,1,115,0
CUST-2227,15,31.15,467.25,Month-to-month,Electronic check,1,1,2,98,1
CUST-2228,14,29.24,409.35999999999996,One Year,Electronic check,1,1,3,116,0
CUST-2229,3,44.6,133.8,Two Year,Mailed check,1,0,3,132,0
CUST-2230,67,114.41,7665.469999999999,Month-to-month,Bank transfer,0,1,0,123,0
CUST-2231,28,75.09,2102.52,Month-to-month,Bank transfer,0,1,2,107,0
CUST-2232,54,51.29,2769.66,Month-to-month,Mailed check,0,0,1,82,0
CUST-2233,48,37.05,1778.3999999999999,Month-to-month,Electronic check,0,1,3,150,1
CUST-2234,52,106.42,5533.84,Month-to-month,Electronic check,0,1,2,70,1
CUST-2235,37,100.41,3715.17,One Year,Mailed check,0,1,1,82,0
CUST-2236,54,49.51,2673.54,Month-to-month,Credit card,1,0,1,81,0
CUST-2237,72,64.98,4678.56,Two Year,Electronic check,0,1,3,116,0
CUST-2238,18,83.52,1503.36,Month-to-month,Electronic check,1,1,0,70,1
CUST-2239,51,76.45,3898.9500000000003,Two Year,Bank transfer,0,0,0,115,0
CUST-2240,19,38.86,738.34,Month-to-month,Electronic check,1,0,4,94,1
CUST-2241,54,91.75,4954.5,Month-to-month,Electronic check,1,1,1,148,1
CUST-2242,55,109.08,5999.4,Two Year,Credit card,0,0,2,108,0
CUST-2243,32,67.35,2155.2,Month-to-month,Electronic check,0,1,3,33,1
CUST-2244,3,112.19,336.57,Month-to-month,Electronic check,0,0,1,165,0
CUST-2245,9,52.37,471.33,Two Year,Credit card,1,1,1,76,0
CUST-2246,13,83.57,1086.4099999999999,One Year,Electronic check,0,1,2,122,0
CUST-2247,35,33.08,1157.8,Two Year,Bank transfer,0,1,1,97,0
CUST-2248,64,29.36,1879.04,Month-to-month,Bank transfer,1,0,2,101,0
CUST-2249,25,41.24,1031.0,One Year,Electronic check,0,0,0,111,0
CUST-2250,64,43.64,2792.96,Two Year,Mailed check,0,0,0,113,0
CUST-2251,48,119.44,5733.12,One Year,Electronic check,1,0,1,110,0
CUST-2252,39,45.98,1793.2199999999998,One Year,Electronic check,0,1,2,62,0
CUST-2253,14,119.11,1667.54,Month-to-month,Credit card,0,1,1,101,0
CUST-2254,56,97.96,5485.759999999999,Month-to-month,Electronic check,0,0,0,112,0
CUST-2255,43,60.14,2586.02,Month-to-month,Credit card,0,1,4,119,1
CUST-2256,15,53.47,802.05,Month-to-month,Credit card,0,0,0,101,1
CUST-2257,45,59.82,2691.9,Two Year,Bank transfer,1,1,0,107,0
CUST-2258,26,64.09,1666.3400000000001,Month-to-month,Bank transfer,0,1,3,92,1
CUST-2259,17,34.58,587.86,Month-to-month,Mailed check,0,1,4,72,0
CUST-2260,6,109.61,657.66,Month-to-month,Electronic check,0,1,3,68,0
CUST-2261,47,63.98,3007.06,Month-to-month,Credit card,1,0,4,79,1
CUST-2262,2,93.47,186.94,Two Year,Bank transfer,0,0,0,103,1
CUST-2263,67,75.88,5083.96,Month-to-month,Electronic check,0,0,2,112,0
CUST-2264,27,91.1,2459.7,Two Year,Bank transfer,0,1,1,105,0
CUST-2265,5,40.7,203.5,Two Year,Electronic check,0,0,0,105,1
CUST-2266,20,21.77,435.4,Two Year,Mailed check,0,1,0,146,0
CUST-2267,34,115.58,3929.72,Two Year,Credit card,1,1,2,85,0
CUST-2268,23,98.06,2255.38,One Year,Electronic check,1,1,0,134,0
CUST-2269,3,30.0,90.0,Month-to-month,Mailed check,0,0,1,109,1
CUST-2270,65,51.42,3342.3,Month-to-month,Bank transfer,0,0,1,52,0
CUST-2271,61,29.9,1823.8999999999999,Month-to-month,Electronic check,0,1,3,120,1
CUST-2272,51,114.17,5822.67,Month-to-month,Credit card,0,1,1,69,0
CUST-2273,61,30.12,1837.3200000000002,One Year,Electronic check,1,0,3,122,0
CUST-2274,12,80.49,965.8799999999999,One Year,Bank transfer,1,1,1,73,0
CUST-2275,72,38.43,2766.96,Month-to-month,Mailed check,0,1,2,152,1
CUST-2276,12,81.43,977.1600000000001,Month-to-month,Mailed check,1,0,1,127,0
CUST-2277,3,44.77,134.31,One Year,Mailed check,0,0,1,68,0
CUST-2278,44,90.73,3992.1200000000003,Two Year,Mailed check,1,1,1,81,0
CUST-2279,38,93.28,3544.64,Month-to-month,Electronic check,1,1,1,66,1
CUST-2280,51,85.13,4341.63,Month-to-month,Electronic check,1,0,2,104,0
CUST-2281,8,34.37,274.96,Month-to-month,Credit card,0,0,3,126,1
CUST-2282,21,116.77,2452.17,Month-to-month,Mailed check,1,0,0,97,0
CUST-2283,3,73.13,219.39,Month-to-month,Mailed check,0,1,3,157,1
CUST-2284,10,48.35,483.5,Month-to-month,Credit card,0,1,0,84,0
CUST-2285,29,104.39,3027.31,Month-to-month,Electronic check,0,1,1,99,0
CUST-2286,40,38.06,1522.4,Month-to-month,Mailed check,1,0,1,99,0
CUST-2287,54,70.13,3787.0199999999995,Month-to-month,Mailed check,1,1,1,116,0
CUST-2288,42,45.86,1926.12,One Year,Credit card,1,1,0,94,0
CUST-2289,54,22.12,1194.48,One Year,Bank transfer,0,1,1,116,0
CUST-2290,4,114.37,457.48,Month-to-month,Bank transfer,0,1,1,119,0
CUST-2291,53,110.83,5873.99,Month-to-month,Electronic check,0,1,2,175,1
CUST-2292,9,76.75,690.75,Month-to-month,Electronic check,0,0,1,120,1
CUST-2293,63,89.08,5612.04,One Year,Bank transfer,1,1,2,104,0
CUST-2294,69,72.8,5023.2,Month-to-month,Bank transfer,1,0,3,81,1
CUST-2295,45,24.22,1089.8999999999999,Month-to-month,Bank transfer,1,0,1,90,1
CUST-2296,46,117.13,5387.98,Month-to-month,Electronic check,1,1,0,78,1
CUST-2297,49,114.01,5586.490000000001,Month-to-month,Electronic check,1,0,1,56,0
CUST-2298,41,87.5,3587.5,Two Year,Bank transfer,1,1,1,66,0
CUST-2299,47,38.77,1822.19,One Year,Credit card,0,0,2,105,0
CUST-2300,56,34.38,1925.2800000000002,Month-to-month,Credit card,1,1,0,134,0
CUST-2301,24,50.77,1218.48,Month-to-month,Electronic check,0,0,0,144,0
CUST-2302,72,83.06,5980.32,Month-to-month,Credit card,0,0,1,113,1
CUST-2303,61,117.36,7158.96,Month-to-month,Credit card,0,0,1,138,1
CUST-2304,71,21.14,1500.94,Month-to-month,Electronic check,1,0,1,114,0
CUST-2305,37,58.6,2168.2000000000003,Month-to-month,Credit card,0,0,0,102,1
CUST-2306,64,87.88,5624.32,One Year,Bank transfer,0,1,1,98,0
CUST-2307,66,80.62,5320.92,Month-to-month,Mailed check,1,1,0,108,0
CUST-2308,27,66.47,1794.69,One Year,Bank transfer,1,1,2,86,0
CUST-2309,7,63.27,442.89000000000004,Two Year,Bank transfer,1,1,1,100,0
CUST-2310,19,35.84,680.96,Month-to-month,Electronic check,0,0,1,81,1
CUST-2311,19,67.02,1273.3799999999999,One Year,Bank transfer,0,1,3,118,0
CUST-2312,65,57.57,3742.05,One Year,Electronic check,0,1,1,120,0
CUST-2313,70,36.52,2556.4,Month-to-month,Mailed check,0,1,0,130,0
CUST-2314,60,63.97,3838.2,Month-to-month,Electronic check,0,1,1,92,0
CUST-2315,65,81.07,5269.549999999999,Two Year,Electronic check,0,1,1,98,0
CUST-2316,56,31.98,1790.88,Month-to-month,Electronic check,1,0,0,10,0
CUST-2317,19,39.47,749.93,One Year,Credit card,1,0,1,100,0
CUST-2318,60,95.42,5725.2,Month-to-month,Mailed check,1,1,1,84,0
CUST-2319,3,21.72,65.16,One Year,Credit card,0,1,1,80,0
CUST-2320,59,85.32,5033.879999999999,Month-to-month,Electronic check,0,1,4,115,1
CUST-2321,45,23.33,1049.85,One Year,Bank transfer,0,1,3,69,1
CUST-2322,4,58.3,233.2,Month-to-month,Electronic check,0,1,3,107,1
CUST-2323,35,34.08,1192.8,Two Year,Mailed check,0,0,1,63,0
CUST-2324,47,47.42,2228.7400000000002,Two Year,Bank transfer,1,1,0,115,0
CUST-2325,4,49.97,199.88,Two Year,Electronic check,0,1,1,116,0
CUST-2326,56,24.45,1369.2,Month-to-month,Bank transfer,0,0,2,91,0
CUST-2327,57,108.74,6198.179999999999,Two Year,Bank transfer,0,1,0,116,0
CUST-2328,5,48.49,242.45000000000002,Month-to-month,Electronic check,0,0,0,130,1
CUST-2329,50,88.85,4442.5,Month-to-month,Bank transfer,0,1,1,71,0
CUST-2330,31,56.12,1739.72,One Year,Credit card,0,1,1,126,0
CUST-2331,16,109.87,1757.92,Month-to-month,Mailed check,1,1,2,132,1
CUST-2332,34,25.9,880.5999999999999,Two Year,Electronic check,0,1,1,79,0
CUST-2333,27,115.79,3126.3300000000004,One Year,Mailed check,1,0,1,118,0
CUST-2334,9,114.15,1027.3500000000001,Month-to-month,Credit card,0,1,2,66,0
CUST-2335,53,63.91,3387.23,Month-to-month,Mailed check,0,0,3,115,0
CUST-2336,20,100.31,2006.2,Two Year,Electronic check,0,0,1,74,0
CUST-2337,7,101.88,713.16,One Year,Electronic check,1,0,1,98,0
CUST-2338,61,113.26,6908.860000000001,Month-to-month,Electronic check,1,0,0,81,0
CUST-2339,1,103.71,103.71,Month-to-month,Credit card,0,0,3,60,0
CUST-2340,66,41.99,2771.34,One Year,Electronic check,1,0,2,123,0
CUST-2341,22,22.2,488.4,One Year,Credit card,0,0,1,61,0
CUST-2342,60,57.33,3439.7999999999997,Two Year,Electronic check,0,0,1,74,0
CUST-2343,66,115.46,7620.36,Month-to-month,Bank transfer,0,0,2,98,1
CUST-2344,34,71.04,2415.36,Two Year,Bank transfer,0,0,2,121,0
CUST-2345,26,94.23,2449.98,Two Year,Electronic check,1,0,1,73,0
CUST-2346,17,67.46,1146.82,One Year,Electronic check,0,0,2,128,1
CUST-2347,55,84.22,4632.1,One Year,Credit card,0,1,3,96,0
CUST-2348,5,105.99,529.9499999999999,Month-to-month,Electronic check,1,1,1,84,0
CUST-2349,62,61.64,3821.68,Month-to-month,Bank transfer,0,1,0,64,0
CUST-2350,15,113.05,1695.75,One Year,Bank transfer,1,1,4,118,1
CUST-2351,43,20.67,888.8100000000001,One Year,Mailed check,0,1,1,88,0
CUST-2352,22,95.04,2090.88,Month-to-month,Mailed check,0,1,3,97,0
CUST-2353,64,103.96,6653.44,Month-to-month,Credit card,0,1,4,137,1
CUST-2354,41,26.87,1101.67,Month-to-month,Bank transfer,0,1,2,116,0
CUST-2355,41,37.65,1543.6499999999999,Month-to-month,Credit card,1,1,1,64,0
CUST-2356,17,108.81,1849.77,Month-to-month,Credit card,0,1,0,80,0
CUST-2357,64,56.01,3584.64,Two Year,Credit card,0,0,0,106,0
CUST-2358,12,115.25,1383.0,One Year,Mailed check,0,1,1,65,0
CUST-2359,15,25.62,384.3,Month-to-month,Mailed check,1,1,2,120,1
CUST-2360,9,113.36,1020.24,Month-to-month,Bank transfer,1,0,0,84,0
CUST-2361,71,113.31,8045.01,One Year,Bank transfer,1,1,0,83,0
CUST-2362,24,48.66,1167.84,Month-to-month,Electronic check,0,0,1,122,1
CUST-2363,7,68.68,480.76000000000005,Month-to-month,Electronic check,0,0,1,103,1
CUST-2364,18,110.66,1991.8799999999999,Month-to-month,Electronic check,0,0,2,51,1
CUST-2365,33,81.27,2681.91,One Year,Electronic check,1,1,1,84,0
CUST-2366,54,113.55,6131.7,One Year,Mailed check,0,0,0,93,0
CUST-2367,44,33.84,1488.96,Month-to-month,Bank transfer,0,0,2,78,1
CUST-2368,6,93.5,561.0,Month-to-month,Bank transfer,1,1,2,131,0
CUST-2369,38,77.37,2940.0600000000004,Month-to-month,Credit card,1,1,1,128,0
CUST-2370,60,107.64,6458.4,Month-to-month,Electronic check,0,0,0,122,0
CUST-2371,67,60.22,4034.74,Month-to-month,Electronic check,0,0,1,109,0
CUST-2372,19,93.42,1774.98,Two Year,Credit card,1,1,1,45,1
CUST-2373,42,72.25,3034.5,Two Year,Electronic check,1,1,1,106,0
CUST-2374,63,90.61,5708.43,Month-to-month,Electronic check,1,1,1,109,0
CUST-2375,3,102.3,306.9,Month-to-month,Bank transfer,1,0,2,86,0
CUST-2376,17,107.03,1819.51,Month-to-month,Electronic check,1,1,2,92,1
CUST-2377,72,21.27,1531.44,Month-to-month,Electronic check,0,0,2,116,0
CUST-2378,59,70.36,4151.24,Month-to-month,Mailed check,0,0,2,106,0
CUST-2379,23,25.43,584.89,Two Year,Mailed check,1,0,3,103,0
CUST-2380,49,50.22,2460.7799999999997,Two Year,Bank transfer,1,1,3,77,0
CUST-2381,39,51.52,2009.2800000000002,Month-to-month,Electronic check,0,0,1,121,1
CUST-2382,20,77.27,1545.3999999999999,Two Year,Bank transfer,1,0,1,92,0
CUST-2383,17,23.88,405.96,Two Year,Mailed check,1,0,0,101,0
CUST-2384,1,43.73,43.73,Two Year,Credit card,0,0,4,122,1
CUST-2385,31,49.82,1544.42,Month-to-month,Mailed check,0,1,1,116,1
CUST-2386,31,84.23,2611.13,Month-to-month,Bank transfer,1,0,1,86,1
CUST-2387,57,91.34,5206.38,Two Year,Bank transfer,0,1,1,84,0
CUST-2388,64,56.18,3595.52,Month-to-month,Credit card,0,0,0,109,0
CUST-2389,24,58.56,1405.44,Two Year,Bank transfer,0,0,1,85,0
CUST-2390,72,79.37,5714.64,Month-to-month,Credit card,0,0,0,57,0
CUST-2391,52,90.87,4725.24,One Year,Bank transfer,0,0,2,100,1
CUST-2392,5,116.49,582.4499999999999,Two Year,Electronic check,1,1,4,68,0
CUST-2393,56,46.56,2607.36,One Year,Bank transfer,0,1,1,80,0
CUST-2394,2,101.29,202.58,One Year,Mailed check,0,0,1,131,0
CUST-2395,45,52.69,2371.0499999999997,One Year,Electronic check,0,0,4,85,0
CUST-2396,70,66.59,4661.3,Month-to-month,Bank transfer,0,1,3,117,0
CUST-2397,30,105.2,3156.0,Month-to-month,Mailed check,0,1,3,104,1
CUST-2398,1,55.65,55.65,Month-to-month,Credit card,1,1,1,118,0
CUST-2399,70,45.25,3167.5,Month-to-month,Credit card,0,0,1,113,0
CUST-2400,18,113.8,2048.4,Month-to-month,Electronic check,0,1,0,154,0
CUST-2401,34,114.67,3898.78,Month-to-month,Electronic check,1,1,2,72,1
CUST-2402,31,39.66,1229.4599999999998,Month-to-month,Credit card,1,1,2,90,0
CUST-2403,63,105.77,6663.509999999999,Month-to-month,Electronic check,1,0,1,109,0
CUST-2404,16,81.13,1298.08,Month-to-month,Bank transfer,0,0,2,91,1
CUST-2405,20,33.44,668.8,Month-to-month,Electronic check,1,1,0,102,0
CUST-2406,1,105.31,105.31,Month-to-month,Mailed check,1,0,1,96,1
CUST-2407,62,62.14,3852.68,Month-to-month,Bank transfer,1,0,2,105,0
CUST-2408,39,64.46,2513.9399999999996,Two Year,Mailed check,1,0,2,132,0
CUST-2409,37,91.0,3367.0,Two Year,Bank transfer,0,0,3,62,0
CUST-2410,10,70.21,702.0999999999999,Month-to-month,Credit card,0,0,0,137,1
CUST-2411,48,24.12,1157.76,Month-to-month,Mailed check,1,0,0,112,0
CUST-2412,37,92.19,3411.0299999999997,Month-to-month,Mailed check,0,1,2,81,0
CUST-2413,13,70.01,910.1300000000001,One Year,Bank transfer,1,0,0,94,0
CUST-2414,3,58.72,176.16,Month-to-month,Mailed check,1,1,2,74,0
CUST-2415,18,37.2,669.6,Month-to-month,Electronic check,0,1,1,56,1
CUST-2416,13,111.69,1451.97,Month-to-month,Credit card,0,0,1,94,0
CUST-2417,64,60.05,3843.2,Month-to-month,Electronic check,1,0,0,84,0
CUST-2418,41,92.58,3795.7799999999997,Month-to-month,Electronic check,1,1,0,65,0
CUST-2419,28,46.86,1312.08,Month-to-month,Bank transfer,1,0,2,125,0
CUST-2420,40,105.31,4212.4,Month-to-month,Electronic check,1,0,1,77,1
CUST-2421,26,23.49,610.74,Two Year,Mailed check,0,0,2,94,1
CUST-2422,67,92.46,6194.82,One Year,Bank transfer,1,0,1,92,0
CUST-2423,51,23.94,1220.94,Month-to-month,Electronic check,1,1,4,79,1
CUST-2424,43,66.67,2866.81,Two Year,Electronic check,1,1,2,116,0
CUST-2425,52,59.76,3107.52,Month-to-month,Credit card,1,0,1,96,0
CUST-2426,14,62.18,870.52,One Year,Electronic check,0,0,1,60,1
CUST-2427,22,61.72,1357.84,Month-to-month,Mailed check,0,1,0,119,1
CUST-2428,33,49.84,1644.72,Month-to-month,Mailed check,0,1,3,64,1
CUST-2429,22,82.61,1817.42,Month-to-month,Mailed check,1,1,1,114,0
CUST-2430,42,41.54,1744.68,One Year,Credit card,1,1,1,105,0
CUST-2431,55,91.13,5012.15,Month-to-month,Electronic check,1,1,1,78,0
CUST-2432,38,116.37,4422.06,Month-to-month,Credit card,1,0,0,107,0
CUST-2433,36,30.29,1090.44,Month-to-month,Bank transfer,1,0,1,152,0
CUST-2434,70,27.35,1914.5,Month-to-month,Bank transfer,1,0,4,100,1
CUST-2435,65,87.9,5713.5,Month-to-month,Mailed check,0,0,3,109,0
CUST-2436,71,92.98,6601.58,Two Year,Mailed check,1,1,2,96,0
CUST-2437,5,44.06,220.3,One Year,Credit card,1,0,0,91,0
CUST-2438,42,47.79,2007.18,One Year,Credit card,0,0,3,60,0
CUST-2439,19,91.17,1732.23,Month-to-month,Bank transfer,0,1,0,71,0
CUST-2440,71,93.94,6669.74,Month-to-month,Mailed check,0,0,1,132,0
CUST-2441,24,38.8,931.1999999999999,Month-to-month,Bank transfer,1,0,2,121,1
CUST-2442,61,102.51,6253.110000000001,Month-to-month,Electronic check,1,0,2,61,0
CUST-2443,57,61.17,3486.69,Month-to-month,Credit card,1,0,1,116,0
CUST-2444,34,63.74,2167.16,Month-to-month,Credit card,0,0,2,127,0
CUST-2445,67,58.56,3923.52,Month-to-month,Credit card,1,0,1,112,0
CUST-2446,69,86.08,5939.5199999999995,Month-to-month,Credit card,0,1,0,131,0
CUST-2447,67,61.41,4114.469999999999,Month-to-month,Electronic check,1,1,0,83,0
CUST-2448,66,30.78,2031.48,Month-to-month,Mailed check,1,1,2,96,0
CUST-2449,67,56.28,3770.76,One Year,Bank transfer,0,0,0,143,0
CUST-2450,42,90.45,3798.9,Month-to-month,Electronic check,0,1,1,99,0
CUST-2451,9,62.43,561.87,Month-to-month,Credit card,1,0,3,140,1
CUST-2452,55,115.91,6375.05,Two Year,Electronic check,0,0,0,104,0
CUST-2453,15,112.22,1683.3,One Year,Electronic check,1,1,2,113,0
CUST-2454,26,37.96,986.96,Two Year,Bank transfer,1,0,1,121,0
CUST-2455,6,59.96,359.76,One Year,Credit card,0,0,1,97,1
CUST-2456,65,90.14,5859.1,Month-to-month,Credit card,0,1,1,70,1
CUST-2457,48,67.09,3220.32,Month-to-month,Electronic check,0,1,4,92,1
CUST-2458,26,45.59,1185.3400000000001,One Year,Electronic check,0,0,1,59,0
CUST-2459,70,116.8,8176.0,Month-to-month,Electronic check,0,1,0,60,0
CUST-2460,57,68.78,3920.46,One Year,Bank transfer,0,1,2,106,0
CUST-2461,4,83.59,334.36,Month-to-month,Credit card,0,0,1,81,0
CUST-2462,51,103.21,5263.71,Two Year,Mailed check,0,0,0,107,0
CUST-2463,57,42.04,2396.2799999999997,One Year,Mailed check,0,0,2,82,0
CUST-2464,58,72.96,4231.679999999999,Month-to-month,Electronic check,1,1,1,77,0
CUST-2465,11,52.59,578.49,One Year,Electronic check,0,1,1,94,1
CUST-2466,12,51.42,617.04,One Year,Mailed check,1,1,0,126,0
CUST-2467,13,72.01,936.1300000000001,Month-to-month,Electronic check,1,0,1,124,0
CUST-2468,63,116.05,7311.15,One Year,Bank transfer,0,1,3,80,0
CUST-2469,32,107.49,3439.68,Month-to-month,Electronic check,0,0,1,66,1
CUST-2470,35,82.15,2875.25,Month-to-month,Electronic check,0,1,1,93,0
CUST-2471,10,43.43,434.3,Month-to-month,Credit card,0,0,0,134,1
CUST-2472,41,89.88,3685.08,One Year,Credit card,0,1,1,78,0
CUST-2473,69,104.43,7205.67,Month-to-month,Electronic check,1,0,2,123,0
CUST-2474,41,110.65,4536.650000000001,Month-to-month,Mailed check,1,1,1,91,0
CUST-2475,31,26.05,807.5500000000001,One Year,Mailed check,0,1,2,76,0
CUST-2476,27,94.98,2564.46,One Year,Electronic check,1,0,4,145,0
CUST-2477,3,96.23,288.69,Month-to-month,Electronic check,1,1,0,115,1
CUST-2478,28,67.34,1885.52,Month-to-month,Electronic check,0,1,1,126,0
CUST-2479,56,57.9,3242.4,Month-to-month,Electronic check,0,0,2,128,0
CUST-2480,55,43.07,2368.85,Month-to-month,Credit card,0,0,3,109,1
CUST-2481,47,62.88,2955.36,Month-to-month,Mailed check,1,1,3,134,0
CUST-2482,29,96.01,2784.29,One Year,Electronic check,1,1,0,98,1
CUST-2483,44,115.49,5081.5599999999995,Month-to-month,Mailed check,0,0,2,74,0
CUST-2484,58,91.77,5322.66,Two Year,Electronic check,0,1,0,113,0
CUST-2485,64,76.86,4919.04,One Year,Mailed check,1,0,2,97,0
CUST-2486,64,84.94,5436.16,Month-to-month,Bank transfer,0,1,2,118,0
CUST-2487,46,45.49,2092.54,Month-to-month,Electronic check,1,1,1,101,1
CUST-2488,37,68.86,2547.82,Month-to-month,Bank transfer,1,1,1,144,0
CUST-2489,28,29.39,822.9200000000001,One Year,Mailed check,0,1,2,100,0
CUST-2490,20,49.97,999.4,One Year,Electronic check,1,0,2,84,0
CUST-2491,13,22.01,286.13,Month-to-month,Bank transfer,0,0,0,101,1
CUST-2492,52,49.49,2573.48,Month-to-month,Bank transfer,0,1,3,101,1
CUST-2493,58,42.12,2442.96,Month-to-month,Bank transfer,0,0,0,123,0
CUST-2494,6,32.79,196.74,Month-to-month,Bank transfer,1,1,1,112,0
CUST-2495,34,43.69,1485.46,Month-to-month,Bank transfer,0,0,1,69,1
CUST-2496,40,27.45,1098.0,Month-to-month,Bank transfer,1,0,1,124,0
CUST-2497,22,117.86,2592.92,Month-to-month,Credit card,0,1,0,106,1
CUST-2498,10,118.88,1188.8,Month-to-month,Bank transfer,1,1,2,65,0
CUST-2499,2,86.27,172.54,Month-to-month,Electronic check,1,1,2,129,1
CUST-2500,10,26.84,268.4,One Year,Credit card,0,0,0,60,1
CUST-2501,51,104.28,5318.28,Month-to-month,Electronic check,1,1,4,81,1
CUST-2502,45,82.32,3704.3999999999996,Two Year,Electronic check,1,1,3,95,0
CUST-2503,58,106.64,6185.12,One Year,Credit card,0,0,1,97,1
CUST-2504,8,101.28,810.24,One Year,Credit card,1,1,2,112,0
CUST-2505,72,52.26,3762.72,Month-to-month,Mailed check,1,1,2,91,0
CUST-2506,24,32.42,778.08,Month-to-month,Electronic check,1,1,0,105,1
CUST-2507,61,101.0,6161.0,Month-to-month,Credit card,0,1,2,109,0
CUST-2508,33,83.88,2768.04,Month-to-month,Mailed check,1,0,3,71,1
CUST-2509,60,74.08,4444.8,Month-to-month,Bank transfer,0,1,2,110,0
CUST-2510,40,96.12,3844.8,Two Year,Credit card,1,0,4,119,1
CUST-2511,19,88.73,1685.8700000000001,Two Year,Credit card,1,0,6,103,0
CUST-2512,38,88.98,3381.2400000000002,Two Year,Bank transfer,1,1,0,130,0
CUST-2513,10,59.04,590.4,Month-to-month,Credit card,0,0,1,92,1
CUST-2514,51,55.24,2817.2400000000002,One Year,Credit card,0,0,1,94,0
CUST-2515,1,119.13,119.13,Month-to-month,Electronic check,0,1,1,120,1
CUST-2516,27,42.24,1140.48,One Year,Electronic check,1,1,0,96,1
CUST-2517,42,86.71,3641.8199999999997,Month-to-month,Mailed check,1,0,2,54,0
CUST-2518,16,54.19,867.04,Two Year,Electronic check,1,1,1,88,0
CUST-2519,3,53.4,160.2,Month-to-month,Electronic check,0,1,2,43,0
CUST-2520,2,40.68,81.36,Month-to-month,Credit card,1,0,1,107,1
CUST-2521,46,100.13,4605.98,Month-to-month,Bank transfer,1,1,1,93,0
CUST-2522,25,89.02,2225.5,Month-to-month,Bank transfer,1,0,1,73,1
CUST-2523,72,104.58,7529.76,Month-to-month,Electronic check,0,0,0,102,1
CUST-2524,23,26.84,617.32,Month-to-month,Electronic check,0,0,0,51,1
CUST-2525,66,58.4,3854.4,Two Year,Electronic check,0,1,0,121,0
CUST-2526,24,67.45,1618.8000000000002,Month-to-month,Electronic check,1,1,3,118,1
CUST-2527,60,76.3,4578.0,Two Year,Electronic check,0,1,4,133,0
CUST-2528,16,98.9,1582.4,Month-to-month,Credit card,0,1,2,106,0
CUST-2529,6,67.07,402.41999999999996,Month-to-month,Bank transfer,1,0,1,60,0
CUST-2530,10,24.51,245.10000000000002,Two Year,Credit card,1,0,0,130,0
CUST-2531,19,103.64,1969.16,Month-to-month,Electronic check,0,1,0,114,1
CUST-2532,35,85.25,2983.75,Month-to-month,Electronic check,0,1,0,120,1
CUST-2533,13,87.69,1139.97,Two Year,Electronic check,1,0,0,109,0
CUST-2534,2,74.49,148.98,One Year,Credit card,1,1,2,78,1
CUST-2535,34,110.36,3752.24,Two Year,Electronic check,0,1,0,69,0
CUST-2536,24,29.23,701.52,One Year,Credit card,0,0,2,89,0
CUST-2537,49,49.44,2422.56,Two Year,Electronic check,1,1,1,66,0
CUST-2538,46,99.22,4564.12,One Year,Electronic check,1,1,0,68,0
CUST-2539,58,60.3,3497.3999999999996,Month-to-month,Electronic check,0,1,1,116,0
CUST-2540,60,76.63,4597.799999999999,Month-to-month,Bank transfer,0,0,2,91,1
CUST-2541,13,82.04,1066.52,Month-to-month,Electronic check,1,0,1,138,0
CUST-2542,15,56.31,844.6500000000001,Two Year,Bank transfer,0,1,2,92,0
CUST-2543,72,40.51,2916.72,Month-to-month,Electronic check,0,0,2,90,1
CUST-2544,45,85.71,3856.95,One Year,Credit card,0,0,3,52,0
CUST-2545,6,43.04,258.24,Month-to-month,Bank transfer,0,1,2,68,0
CUST-2546,39,28.94,1128.66,Two Year,Bank transfer,0,1,2,101,0
CUST-2547,25,44.37,1109.25,Month-to-month,Electronic check,1,0,3,64,1
CUST-2548,13,54.65,710.4499999999999,Two Year,Electronic check,0,0,2,101,0
CUST-2549,15,27.14,407.1,Month-to-month,Mailed check,1,1,1,101,0
CUST-2550,31,106.59,3304.29,Month-to-month,Electronic check,1,0,3,132,0
CUST-2551,43,118.08,5077.44,Month-to-month,Electronic check,1,0,2,72,0
CUST-2552,55,44.66,2456.2999999999997,One Year,Mailed check,1,0,2,111,0
CUST-2553,40,95.6,3824.0,Month-to-month,Credit card,0,0,1,110,0
CUST-2554,63,54.41,3427.83,Month-to-month,Credit card,0,1,2,136,1
CUST-2555,17,104.37,1774.29,One Year,Electronic check,0,1,0,145,0
CUST-2556,51,111.33,5677.83,One Year,Electronic check,0,0,1,106,1
CUST-2557,3,98.99,296.96999999999997,Month-to-month,Credit card,1,1,1,89,0
CUST-2558,19,38.37,729.03,One Year,Credit card,1,0,0,73,0
CUST-2559,23,91.47,2103.81,Month-to-month,Credit card,0,0,0,95,0
CUST-2560,58,34.45,1998.1000000000001,One Year,Electronic check,1,0,1,143,0
CUST-2561,67,33.79,2263.93,Month-to-month,Electronic check,0,1,1,105,0
CUST-2562,58,98.96,5739.679999999999,Two Year,Electronic check,1,1,0,118,0
CUST-2563,61,53.2,3245.2000000000003,One Year,Mailed check,0,1,1,91,0
CUST-2564,66,31.1,2052.6,One Year,Credit card,1,1,2,94,0
CUST-2565,14,43.8,613.1999999999999,Two Year,Electronic check,1,0,2,86,1
CUST-2566,56,78.2,4379.2,Month-to-month,Electronic check,0,0,1,143,1
CUST-2567,63,49.48,3117.24,Two Year,Credit card,0,0,1,114,0
CUST-2568,60,68.78,4126.8,Month-to-month,Mailed check,1,0,2,107,0
CUST-2569,39,104.22,4064.58,Month-to-month,Bank transfer,0,0,3,111,1
CUST-2570,1,54.29,54.29,Two Year,Mailed check,1,0,0,118,0
CUST-2571,72,23.28,1676.16,One Year,Credit card,0,1,1,129,0
CUST-2572,69,67.64,4667.16,Month-to-month,Electronic check,0,0,0,99,1
CUST-2573,1,108.8,108.8,Month-to-month,Mailed check,0,1,0,77,0
CUST-2574,70,22.63,1584.1,One Year,Mailed check,0,0,0,83,0
CUST-2575,16,77.61,1241.76,Month-to-month,Electronic check,0,1,1,78,0
CUST-2576,11,61.42,675.62,Two Year,Mailed check,0,0,0,106,0
CUST-2577,57,55.77,3178.8900000000003,Two Year,Mailed check,1,0,2,115,0
CUST-2578,62,23.96,1485.52,Two Year,Credit card,0,0,2,76,0
CUST-2579,25,77.55,1938.75,Month-to-month,Mailed check,0,0,0,128,0
CUST-2580,63,30.68,1932.84,One Year,Credit card,0,0,2,107,0
CUST-2581,63,43.72,2754.36,Month-to-month,Mailed check,0,1,0,151,0
CUST-2582,69,45.86,3164.34,Two Year,Electronic check,1,1,0,121,0
CUST-2583,57,35.67,2033.19,Month-to-month,Credit card,1,0,0,80,1
CUST-2584,54,27.62,1491.48,Month-to-month,Credit card,0,0,2,92,0
CUST-2585,60,89.12,5347.200000000001,Month-to-month,Electronic check,0,0,0,98,0
CUST-2586,23,75.07,1726.61,One Year,Electronic check,1,1,1,92,0
CUST-2587,13,33.71,438.23,Month-to-month,Mailed check,1,0,2,141,0
CUST-2588,65,30.47,1980.55,One Year,Bank transfer,1,0,2,110,0
CUST-2589,27,60.45,1632.15,Month-to-month,Credit card,1,1,2,102,0
CUST-2590,64,106.34,6805.76,One Year,Electronic check,0,0,3,131,0
CUST-2591,68,58.96,4009.28,Month-to-month,Credit card,0,0,3,94,0
CUST-2592,70,93.4,6538.0,One Year,Credit card,0,0,1,96,0
CUST-2593,36,105.0,3780.0,Month-to-month,Electronic check,0,0,1,76,1
CUST-2594,66,86.38,5701.08,One Year,Bank transfer,0,0,2,115,0
CUST-2595,23,82.73,1902.7900000000002,Two Year,Bank transfer,0,0,1,120,0
CUST-2596,52,63.65,3309.7999999999997,Month-to-month,Credit card,1,0,2,111,0
CUST-2597,45,44.38,1997.1000000000001,One Year,Bank transfer,0,1,2,58,0
CUST-2598,29,86.93,2520.9700000000003,One Year,Mailed check,0,0,1,97,0
CUST-2599,50,30.12,1506.0,One Year,Credit card,1,0,2,106,0
CUST-2600,13,108.19,1406.47,Month-to-month,Bank transfer,1,1,2,99,0
CUST-2601,38,42.15,1601.7,Month-to-month,Electronic check,0,0,0,149,1
CUST-2602,29,88.04,2553.1600000000003,Two Year,Bank transfer,0,1,1,105,0
CUST-2603,32,80.92,2589.44,Two Year,Mailed check,1,0,1,96,0
CUST-2604,58,102.74,5958.92,Month-to-month,Credit card,0,0,0,109,1
CUST-2605,1,38.91,38.91,One Year,Electronic check,0,0,1,85,1
CUST-2606,25,21.73,543.25,One Year,Bank transfer,1,1,4,119,0
CUST-2607,49,31.86,1561.1399999999999,Month-to-month,Electronic check,0,0,0,109,1
CUST-2608,72,75.51,5436.72,Month-to-month,Bank transfer,0,1,1,119,1
CUST-2609,27,61.92,1671.8400000000001,Month-to-month,Mailed check,1,0,2,113,1
CUST-2610,1,78.25,78.25,Two Year,Credit card,1,0,2,106,0
CUST-2611,12,119.44,1433.28,Two Year,Electronic check,1,0,0,121,0
CUST-2612,6,67.19,403.14,Month-to-month,Mailed check,0,1,1,96,0
CUST-2613,70,96.03,6722.1,Month-to-month,Electronic check,0,0,1,120,1
CUST-2614,32,106.56,3409.92,One Year,Electronic check,1,0,1,131,0
CUST-2615,66,99.24,6549.839999999999,Month-to-month,Mailed check,0,0,0,109,0
CUST-2616,59,76.92,4538.28,Two Year,Bank transfer,1,0,4,93,0
CUST-2617,17,25.84,439.28,Month-to-month,Bank transfer,1,1,1,122,0
CUST-2618,55,28.26,1554.3000000000002,One Year,Bank transfer,1,1,2,132,0
CUST-2619,67,31.72,2125.24,Month-to-month,Credit card,1,0,0,109,1
CUST-2620,29,112.47,3261.63,Month-to-month,Electronic check,0,0,3,114,1
CUST-2621,69,86.45,5965.05,One Year,Credit card,0,1,0,102,0
CUST-2622,47,63.05,2963.35,Two Year,Electronic check,0,0,1,121,0
CUST-2623,37,72.48,2681.76,Month-to-month,Bank transfer,0,1,1,76,0
CUST-2624,15,32.31,484.65000000000003,One Year,Electronic check,0,1,0,122,0
CUST-2625,2,84.99,169.98,Month-to-month,Electronic check,0,0,0,68,1
CUST-2626,56,50.96,2853.76,Month-to-month,Electronic check,0,1,1,96,0
CUST-2627,42,70.95,2979.9,One Year,Electronic check,0,1,3,119,1
CUST-2628,12,50.87,610.4399999999999,Month-to-month,Credit card,0,1,2,131,1
CUST-2629,50,110.31,5515.5,Two Year,Electronic check,0,0,0,61,0
CUST-2630,15,24.64,369.6,Month-to-month,Electronic check,0,0,0,39,0
CUST-2631,49,96.41,4724.09,Month-to-month,Credit card,0,1,1,99,1
CUST-2632,34,107.52,3655.68,One Year,Mailed check,0,0,1,86,0
CUST-2633,2,21.23,42.46,Two Year,Mailed check,0,0,1,45,0
CUST-2634,61,79.23,4833.030000000001,Month-to-month,Electronic check,1,1,2,74,0
CUST-2635,31,23.23,720.13,Month-to-month,Mailed check,0,1,1,101,0
CUST-2636,63,65.49,4125.87,Month-to-month,Electronic check,1,0,2,55,0
CUST-2637,14,41.18,576.52,Month-to-month,Credit card,0,1,1,73,0
CUST-2638,20,74.71,1494.1999999999998,Month-to-month,Mailed check,0,0,1,88,0
CUST-2639,54,66.33,3581.8199999999997,Month-to-month,Electronic check,0,0,0,161,1
CUST-2640,36,67.29,2422.44,One Year,Mailed check,1,0,4,133,0
CUST-2641,8,61.65,493.2,Two Year,Bank transfer,1,0,3,63,0
CUST-2642,45,110.51,4972.95,Month-to-month,Bank transfer,1,1,3,133,0
CUST-2643,28,88.19,2469.3199999999997,Month-to-month,Electronic check,0,0,3,82,1
CUST-2644,19,45.55,865.4499999999999,Two Year,Electronic check,0,1,0,104,0
CUST-2645,42,27.69,1162.98,Two Year,Credit card,1,1,0,112,0
CUST-2646,16,88.61,1417.76,Month-to-month,Mailed check,1,0,1,93,0
CUST-2647,58,53.85,3123.3,Two Year,Electronic check,1,1,1,100,0
CUST-2648,18,81.91,1474.3799999999999,One Year,Electronic check,0,0,5,110,1
CUST-2649,34,46.41,1577.9399999999998,One Year,Bank transfer,1,0,0,106,0
CUST-2650,47,59.4,2791.7999999999997,Two Year,Bank transfer,0,1,4,99,1
CUST-2651,15,33.52,502.80000000000007,Month-to-month,Mailed check,1,0,0,98,0
CUST-2652,37,44.54,1647.98,One Year,Bank transfer,1,1,2,137,0
CUST-2653,13,48.02,624.26,Month-to-month,Credit card,0,1,2,127,0
CUST-2654,44,110.65,4868.6,Month-to-month,Mailed check,1,0,2,100,0
CUST-2655,31,56.82,1761.42,Month-to-month,Bank transfer,0,0,2,101,0
CUST-2656,12,83.92,1007.04,Month-to-month,Credit card,1,1,0,140,1
CUST-2657,42,22.07,926.94,Month-to-month,Bank transfer,1,0,1,96,0
CUST-2658,72,30.92,2226.2400000000002,Month-to-month,Credit card,1,0,2,81,0
CUST-2659,3,99.81,299.43,Month-to-month,Electronic check,0,0,0,153,1
CUST-2660,30,27.57,827.1,Month-to-month,Bank transfer,0,1,2,104,0
CUST-2661,72,58.48,4210.5599999999995,Month-to-month,Electronic check,1,0,5,80,1
CUST-2662,56,101.86,5704.16,Month-to-month,Mailed check,1,0,4,87,0
CUST-2663,52,38.89,2022.28,One Year,Bank transfer,0,0,0,111,1
CUST-2664,50,42.71,2135.5,One Year,Electronic check,1,0,0,132,1
CUST-2665,37,69.34,2565.58,Month-to-month,Electronic check,0,1,2,88,0
CUST-2666,34,116.06,3946.04,One Year,Mailed check,0,1,2,79,0
CUST-2667,59,25.3,1492.7,Month-to-month,Electronic check,0,1,0,131,0
CUST-2668,65,52.05,3383.25,One Year,Electronic check,0,1,3,104,0
CUST-2669,22,83.77,1842.9399999999998,One Year,Bank transfer,0,1,2,98,1
CUST-2670,39,114.53,4466.67,One Year,Electronic check,0,1,4,122,0
CUST-2671,7,29.2,204.4,Month-to-month,Credit card,0,0,6,62,1
CUST-2672,22,91.36,2009.92,One Year,Bank transfer,0,1,2,108,0
CUST-2673,59,43.71,2578.89,One Year,Electronic check,0,0,1,134,0
CUST-2674,30,90.69,2720.7,One Year,Credit card,0,0,2,27,1
CUST-2675,67,32.35,2167.4500000000003,Month-to-month,Credit card,0,1,2,101,0
CUST-2676,51,33.25,1695.75,One Year,Electronic check,0,0,2,139,1
CUST-2677,7,97.46,682.2199999999999,One Year,Mailed check,1,1,0,122,0
CUST-2678,35,98.76,3456.6000000000004,Month-to-month,Bank transfer,0,1,2,79,0
CUST-2679,67,115.1,7711.7,Month-to-month,Mailed check,1,1,0,109,0
CUST-2680,56,85.47,4786.32,Month-to-month,Credit card,0,0,1,109,1
CUST-2681,23,102.12,2348.76,Month-to-month,Electronic check,1,0,1,93,0
CUST-2682,21,35.16,738.3599999999999,Two Year,Credit card,0,0,1,113,0
CUST-2683,59,103.08,6081.72,One Year,Electronic check,0,0,4,92,1
CUST-2684,44,65.16,2867.04,Month-to-month,Electronic check,1,0,3,91,1
CUST-2685,9,85.89,773.01,Month-to-month,Credit card,1,1,3,80,1
CUST-2686,5,98.14,490.7,Two Year,Electronic check,1,1,2,49,0
CUST-2687,53,104.26,5525.780000000001,Month-to-month,Electronic check,0,1,1,96,0
CUST-2688,32,60.6,1939.2,One Year,Credit card,0,0,5,100,1
CUST-2689,58,77.76,4510.08,Month-to-month,Mailed check,0,1,1,115,0
CUST-2690,64,100.1,6406.4,Month-to-month,Electronic check,1,0,1,136,0
CUST-2691,10,92.28,922.8,One Year,Bank transfer,1,1,1,77,1
CUST-2692,1,59.48,59.48,Month-to-month,Credit card,1,0,1,113,0
CUST-2693,33,110.79,3656.07,One Year,Mailed check,1,0,3,93,0
CUST-2694,42,116.27,4883.34,Month-to-month,Bank transfer,1,0,2,119,0
CUST-2695,62,85.93,5327.660000000001,Two Year,Bank transfer,0,1,0,107,0
CUST-2696,42,114.75,4819.5,Month-to-month,Mailed check,0,1,1,122,0
CUST-2697,12,29.64,355.68,One Year,Electronic check,0,1,4,73,1
CUST-2698,32,20.8,665.6,Month-to-month,Credit card,1,1,2,81,1
CUST-2699,7,90.65,634.5500000000001,One Year,Bank transfer,0,1,1,105,0
CUST-2700,20,53.74,1074.8,Month-to-month,Bank transfer,0,1,1,123,1
CUST-2701,5,61.0,305.0,Month-to-month,Electronic check,1,1,1,87,1
CUST-2702,40,41.0,1640.0,Two Year,Mailed check,1,1,1,79,0
CUST-2703,31,102.81,3187.11,Two Year,Electronic check,1,0,0,105,1
CUST-2704,56,119.41,6686.96,Month-to-month,Mailed check,1,0,1,89,0
CUST-2705,61,104.12,6351.320000000001,Two Year,Credit card,0,0,1,119,0
CUST-2706,14,68.32,956.4799999999999,Month-to-month,Bank transfer,0,0,1,116,1
CUST-2707,54,82.07,4431.78,Month-to-month,Credit card,1,1,2,96,1
CUST-2708,59,54.04,3188.36,One Year,Credit card,1,0,3,80,0
CUST-2709,11,101.05,1111.55,Month-to-month,Electronic check,0,1,2,109,1
CUST-2710,30,54.34,1630.2,Two Year,Bank transfer,1,0,1,87,0
CUST-2711,6,105.75,634.5,Month-to-month,Credit card,1,0,2,98,0
CUST-2712,61,44.03,2685.83,Month-to-month,Electronic check,0,1,2,85,1
CUST-2713,34,46.34,1575.5600000000002,Month-to-month,Mailed check,0,0,5,76,0
CUST-2714,33,41.66,1374.78,Month-to-month,Mailed check,1,0,0,106,1
CUST-2715,70,75.44,5280.8,One Year,Electronic check,1,0,1,137,0
CUST-2716,52,54.6,2839.2000000000003,Month-to-month,Electronic check,0,1,3,149,0
CUST-2717,62,104.38,6471.5599999999995,Month-to-month,Credit card,1,0,0,120,0
CUST-2718,60,86.49,5189.4,Month-to-month,Bank transfer,0,0,1,89,1
CUST-2719,7,64.99,454.92999999999995,One Year,Electronic check,0,0,2,135,0
CUST-2720,54,111.4,6015.6,Month-to-month,Mailed check,0,1,2,114,1
CUST-2721,28,75.37,2110.36,Two Year,Mailed check,1,1,0,154,0
CUST-2722,30,105.14,3154.2,One Year,Credit card,1,1,1,116,0
CUST-2723,58,33.19,1925.02,Month-to-month,Mailed check,1,0,2,74,0
CUST-2724,11,89.2,981.2,Month-to-month,Electronic check,1,1,1,152,0
CUST-2725,48,44.16,2119.68,Month-to-month,Electronic check,1,1,1,121,1
CUST-2726,72,57.42,4134.24,Month-to-month,Mailed check,1,1,4,103,1
CUST-2727,31,69.13,2143.0299999999997,Month-to-month,Electronic check,0,1,1,116,0
CUST-2728,65,92.65,6022.25,Month-to-month,Electronic check,1,1,3,130,0
CUST-2729,64,85.86,5495.04,Month-to-month,Electronic check,1,1,1,89,1
CUST-2730,51,44.31,2259.81,Two Year,Bank transfer,0,1,0,90,0
CUST-2731,71,67.96,4825.16,Month-to-month,Bank transfer,1,0,0,73,0
CUST-2732,60,61.89,3713.4,Month-to-month,Credit card,1,1,3,127,0
CUST-2733,68,104.7,7119.6,One Year,Credit card,0,1,2,88,0
CUST-2734,63,37.67,2373.21,One Year,Credit card,0,0,1,130,0
CUST-2735,28,47.56,1331.68,One Year,Electronic check,0,0,1,115,1
CUST-2736,59,83.97,4954.23,Month-to-month,Electronic check,1,1,2,57,0
CUST-2737,61,36.5,2226.5,Month-to-month,Electronic check,1,0,1,92,0
CUST-2738,10,92.85,928.5,Month-to-month,Electronic check,0,1,0,120,0
CUST-2739,47,114.76,5393.72,One Year,Electronic check,1,0,2,94,1
CUST-2740,45,34.9,1570.5,Two Year,Bank transfer,0,1,1,131,0
CUST-2741,70,41.68,2917.6,Two Year,Electronic check,0,1,1,123,0
CUST-2742,70,96.77,6773.9,Month-to-month,Electronic check,1,1,2,62,0
CUST-2743,19,30.15,572.85,Month-to-month,Bank transfer,0,0,1,126,0
CUST-2744,7,58.35,408.45,Month-to-month,Electronic check,1,1,4,81,0
CUST-2745,48,88.82,4263.36,Month-to-month,Bank transfer,1,1,1,91,0
CUST-2746,30,38.63,1158.9,Month-to-month,Mailed check,0,1,1,88,0
CUST-2747,45,45.8,2061.0,Month-to-month,Credit card,1,0,1,150,0
CUST-2748,37,45.84,1696.0800000000002,One Year,Mailed check,0,0,4,96,1
CUST-2749,25,81.18,2029.5000000000002,Two Year,Electronic check,1,0,2,123,0
CUST-2750,65,86.6,5629.0,Month-to-month,Mailed check,1,1,2,103,0
CUST-2751,12,74.96,899.52,Two Year,Mailed check,1,0,1,119,0
CUST-2752,65,28.26,1836.9,Month-to-month,Electronic check,1,0,1,106,0
CUST-2753,36,74.95,2698.2000000000003,Month-to-month,Electronic check,1,0,1,95,1
CUST-2754,44,77.02,3388.8799999999997,Month-to-month,Bank transfer,0,0,3,121,0
CUST-2755,32,21.22,679.04,Month-to-month,Mailed check,0,1,2,133,1
CUST-2756,63,39.34,2478.42,Month-to-month,Electronic check,0,1,3,102,1
CUST-2757,56,116.46,6521.759999999999,Month-to-month,Electronic check,0,1,3,112,1
CUST-2758,54,62.72,3386.88,Two Year,Electronic check,0,1,2,108,0
CUST-2759,55,83.6,4598.0,One Year,Electronic check,1,0,0,111,0
CUST-2760,57,103.9,5922.3,One Year,Electronic check,1,1,1,53,0
CUST-2761,57,73.38,4182.66,Month-to-month,Bank transfer,0,0,1,112,0
CUST-2762,67,48.42,3244.1400000000003,Month-to-month,Bank transfer,1,1,3,93,1
CUST-2763,51,97.74,4984.74,Two Year,Credit card,1,0,4,73,0
CUST-2764,58,55.35,3210.3,Month-to-month,Credit card,0,0,3,89,1
CUST-2765,14,64.42,901.88,Two Year,Credit card,0,1,0,112,0
CUST-2766,36,90.14,3245.04,One Year,Electronic check,0,1,0,96,0
CUST-2767,1,105.16,105.16,One Year,Mailed check,0,1,2,70,0
CUST-2768,34,87.14,2962.76,One Year,Bank transfer,1,0,0,135,0
CUST-2769,29,70.17,2034.93,One Year,Bank transfer,0,0,3,125,0
CUST-2770,68,101.78,6921.04,Month-to-month,Credit card,1,0,0,97,0
CUST-2771,28,87.12,2439.36,Two Year,Mailed check,0,1,4,109,0
CUST-2772,3,42.16,126.47999999999999,Month-to-month,Bank transfer,0,1,1,41,1
CUST-2773,45,57.78,2600.1,Month-to-month,Electronic check,1,0,0,105,1
CUST-2774,46,26.2,1205.2,Month-to-month,Bank transfer,0,0,1,104,0
CUST-2775,59,45.86,2705.74,Month-to-month,Mailed check,0,1,0,64,0
CUST-2776,68,26.25,1785.0,One Year,Mailed check,1,0,2,132,0
CUST-2777,5,99.11,495.55,Month-to-month,Electronic check,1,0,1,101,1
CUST-2778,40,105.62,4224.8,Month-to-month,Electronic check,1,0,3,140,1
CUST-2779,13,45.34,589.4200000000001,Month-to-month,Electronic check,1,1,1,62,1
CUST-2780,36,60.5,2178.0,One Year,Credit card,0,0,0,113,0
CUST-2781,14,110.81,1551.3400000000001,Month-to-month,Electronic check,0,1,1,100,1
CUST-2782,21,119.28,2504.88,Two Year,Mailed check,1,0,3,110,0
CUST-2783,42,96.18,4039.5600000000004,Month-to-month,Mailed check,1,0,1,136,1
CUST-2784,6,87.41,524.46,Two Year,Mailed check,1,0,1,54,0
CUST-2785,49,47.05,2305.45,Month-to-month,Electronic check,0,0,2,119,0
CUST-2786,36,93.51,3366.36,Month-to-month,Credit card,0,1,4,63,0
CUST-2787,26,114.86,2986.36,One Year,Bank transfer,1,0,2,165,1
CUST-2788,15,76.73,1150.95,Month-to-month,Credit card,0,1,0,89,0
CUST-2789,24,116.03,2784.7200000000003,One Year,Electronic check,1,1,2,125,0
CUST-2790,38,119.29,4533.02,One Year,Electronic check,0,1,1,117,1
CUST-2791,42,93.41,3923.22,Month-to-month,Credit card,0,1,2,98,0
CUST-2792,32,47.2,1510.4,Month-to-month,Mailed check,0,1,2,133,0
CUST-2793,65,81.87,5321.55,Month-to-month,Bank transfer,0,0,1,114,1
CUST-2794,16,64.67,1034.72,Month-to-month,Bank transfer,0,1,0,119,1
CUST-2795,57,88.89,5066.7300000000005,Month-to-month,Electronic check,1,1,1,145,0
CUST-2796,53,26.54,1406.62,Two Year,Electronic check,1,0,2,112,0
CUST-2797,69,113.57,7836.33,One Year,Electronic check,0,0,3,109,0
CUST-2798,68,71.01,4828.68,One Year,Mailed check,1,0,4,103,0
CUST-2799,7,29.12,203.84,Month-to-month,Electronic check,0,1,1,111,0
CUST-2800,55,95.14,5232.7,Month-to-month,Credit card,0,0,3,136,1
CUST-2801,12,38.13,457.56000000000006,Month-to-month,Electronic check,1,0,0,65,0
CUST-2802,8,22.99,183.92,Month-to-month,Mailed check,0,0,2,110,0
CUST-2803,54,118.9,6420.6,Month-to-month,Credit card,0,0,1,48,1
CUST-2804,55,80.64,4435.2,Month-to-month,Electronic check,1,0,4,124,0
CUST-2805,41,27.49,1127.09,Two Year,Bank transfer,0,1,0,55,0
CUST-2806,40,96.59,3863.6000000000004,Month-to-month,Bank transfer,0,1,1,86,0
CUST-2807,51,35.85,1828.3500000000001,Month-to-month,Mailed check,1,0,2,79,0
CUST-2808,30,24.49,734.6999999999999,Month-to-month,Electronic check,0,1,3,105,1
CUST-2809,57,45.69,2604.33,Month-to-month,Credit card,1,1,3,133,1
CUST-2810,66,74.01,4884.660000000001,Month-to-month,Electronic check,1,0,0,112,0
CUST-2811,59,104.95,6192.05,Month-to-month,Bank transfer,1,1,3,74,0
CUST-2812,13,49.35,641.5500000000001,One Year,Bank transfer,0,0,6,104,1
CUST-2813,33,101.99,3365.6699999999996,One Year,Mailed check,0,1,0,78,0
CUST-2814,14,31.51,441.14000000000004,Month-to-month,Credit card,1,1,2,92,0
CUST-2815,18,64.76,1165.68,One Year,Bank transfer,1,0,2,86,0
CUST-2816,33,37.83,1248.3899999999999,Two Year,Electronic check,1,1,0,135,1
CUST-2817,38,33.46,1271.48,Two Year,Mailed check,0,1,2,147,0
CUST-2818,30,87.2,2616.0,One Year,Mailed check,0,1,1,127,0
CUST-2819,8,102.28,818.24,Two Year,Electronic check,0,1,1,141,1
CUST-2820,36,22.99,827.64,Month-to-month,Electronic check,0,0,0,69,1
CUST-2821,50,103.34,5167.0,Month-to-month,Bank transfer,1,1,1,98,1
CUST-2822,62,111.04,6884.4800000000005,Two Year,Mailed check,1,1,2,101,0
CUST-2823,29,98.59,2859.11,Month-to-month,Bank transfer,1,1,1,60,0
CUST-2824,68,37.7,2563.6000000000004,Month-to-month,Electronic check,1,1,5,106,1
CUST-2825,11,92.23,1014.5300000000001,Month-to-month,Bank transfer,1,0,1,113,0
CUST-2826,70,106.75,7472.5,One Year,Credit card,0,0,1,125,0
CUST-2827,32,84.13,2692.16,Month-to-month,Bank transfer,1,1,5,82,1
CUST-2828,43,34.23,1471.8899999999999,One Year,Electronic check,0,0,2,105,0
CUST-2829,35,47.52,1663.2,One Year,Credit card,1,1,1,103,1
CUST-2830,71,59.61,4232.31,Two Year,Electronic check,1,1,1,105,0
CUST-2831,28,74.68,2091.04,Month-to-month,Bank transfer,1,1,3,91,1
CUST-2832,69,89.3,6161.7,Month-to-month,Electronic check,1,1,3,135,1
CUST-2833,22,34.17,751.74,Month-to-month,Electronic check,0,0,0,87,0
CUST-2834,40,42.23,1689.1999999999998,Two Year,Electronic check,1,1,2,132,0
CUST-2835,64,115.28,7377.92,One Year,Electronic check,0,1,5,106,1
CUST-2836,60,59.46,3567.6,Month-to-month,Mailed check,1,1,0,60,0
CUST-2837,14,38.07,532.98,Two Year,Credit card,0,1,2,132,0
CUST-2838,10,73.48,734.8000000000001,One Year,Electronic check,0,1,0,132,0
CUST-2839,12,21.75,261.0,Two Year,Electronic check,1,0,2,109,1
CUST-2840,39,60.38,2354.82,Month-to-month,Credit card,1,0,4,67,1
CUST-2841,61,53.95,3290.9500000000003,Month-to-month,Mailed check,1,0,0,130,1
CUST-2842,6,101.05,606.3,One Year,Credit card,0,0,0,117,0
CUST-2843,2,58.65,117.3,Month-to-month,Credit card,0,0,0,70,1
CUST-2844,64,117.0,7488.0,Month-to-month,Credit card,1,0,0,105,0
CUST-2845,60,65.42,3925.2000000000003,Two Year,Electronic check,0,0,0,94,0
CUST-2846,68,51.07,3472.76,Two Year,Electronic check,1,1,4,112,0
CUST-2847,68,71.4,4855.200000000001,Month-to-month,Bank transfer,1,0,4,98,0
CUST-2848,27,95.24,2571.48,One Year,Electronic check,1,0,1,151,0
CUST-2849,50,63.16,3158.0,Two Year,Electronic check,0,0,0,78,0
CUST-2850,12,77.35,928.1999999999999,One Year,Mailed check,1,1,3,88,1
CUST-2851,36,119.43,4299.4800000000005,Month-to-month,Electronic check,0,0,1,111,0
CUST-2852,61,58.68,3579.48,Month-to-month,Electronic check,0,1,0,87,0
CUST-2853,56,83.97,4702.32,Month-to-month,Mailed check,0,0,0,119,0
CUST-2854,39,47.41,1848.9899999999998,Two Year,Bank transfer,0,0,2,93,0
CUST-2855,56,46.84,2623.04,One Year,Electronic check,1,1,2,123,0
CUST-2856,30,94.79,2843.7000000000003,Month-to-month,Electronic check,1,0,1,127,0
CUST-2857,51,52.45,2674.9500000000003,Month-to-month,Credit card,0,0,0,130,1
CUST-2858,58,53.74,3116.92,Month-to-month,Electronic check,0,1,0,76,0
CUST-2859,46,81.59,3753.1400000000003,One Year,Electronic check,0,1,0,81,1
CUST-2860,4,117.44,469.76,Month-to-month,Mailed check,0,1,3,133,1
CUST-2861,69,51.23,3534.87,Month-to-month,Bank transfer,1,1,1,103,0
CUST-2862,29,23.58,683.8199999999999,Month-to-month,Mailed check,1,0,0,86,0
CUST-2863,20,63.5,1270.0,Two Year,Bank transfer,0,1,3,67,0
CUST-2864,38,94.98,3609.2400000000002,One Year,Electronic check,0,1,0,112,1
CUST-2865,7,77.97,545.79,Month-to-month,Electronic check,1,0,0,109,1
CUST-2866,53,95.06,5038.18,Month-to-month,Electronic check,0,1,1,94,1
CUST-2867,25,99.03,2475.75,Month-to-month,Mailed check,1,0,3,94,0
CUST-2868,7,101.15,708.0500000000001,Two Year,Mailed check,0,1,1,115,0
CUST-2869,20,27.14,542.8,One Year,Electronic check,1,0,1,85,0
CUST-2870,66,61.49,4058.34,Two Year,Bank transfer,0,1,6,89,0
CUST-2871,24,58.59,1406.16,Two Year,Electronic check,0,0,2,78,0
CUST-2872,54,82.34,4446.360000000001,Two Year,Electronic check,1,0,1,95,0
CUST-2873,36,75.64,2723.04,Month-to-month,Credit card,1,0,1,142,0
CUST-2874,3,43.35,130.05,Month-to-month,Bank transfer,0,1,2,82,0
CUST-2875,49,50.28,2463.7200000000003,Two Year,Electronic check,0,0,3,92,1
CUST-2876,28,95.51,2674.28,One Year,Electronic check,0,0,1,96,1
CUST-2877,70,90.86,6360.2,Month-to-month,Electronic check,1,1,2,92,1
CUST-2878,6,98.5,591.0,Month-to-month,Bank transfer,0,0,0,117,1
CUST-2879,10,47.21,472.1,Two Year,Mailed check,0,0,1,109,0
CUST-2880,31,68.47,2122.57,Two Year,Electronic check,0,1,1,104,0
CUST-2881,48,105.91,5083.68,Month-to-month,Mailed check,0,1,2,97,0
CUST-2882,42,49.83,2092.86,Month-to-month,Electronic check,0,0,0,131,1
CUST-2883,13,71.99,935.8699999999999,Two Year,Bank transfer,0,0,0,127,0
CUST-2884,11,67.23,739.5300000000001,Month-to-month,Electronic check,1,0,0,123,1
CUST-2885,14,33.61,470.53999999999996,Two Year,Mailed check,1,0,1,98,0
CUST-2886,61,27.41,1672.01,Month-to-month,Bank transfer,0,1,1,97,0
CUST-2887,60,76.4,4584.0,Two Year,Bank transfer,0,1,0,76,0
CUST-2888,10,62.39,623.9,Two Year,Mailed check,0,0,2,92,0
CUST-2889,19,100.92,1917.48,Month-to-month,Mailed check,1,1,2,124,1
CUST-2890,59,72.11,4254.49,Month-to-month,Credit card,1,0,4,146,0
CUST-2891,35,91.82,3213.7,One Year,Bank transfer,0,0,0,84,0
CUST-2892,57,97.47,5555.79,Month-to-month,Mailed check,0,0,0,113,0
CUST-2893,21,86.98,1826.5800000000002,Month-to-month,Mailed check,0,1,1,133,1
CUST-2894,9,35.66,320.93999999999994,Month-to-month,Mailed check,1,1,2,121,1
CUST-2895,46,117.19,5390.74,One Year,Mailed check,0,1,3,118,1
CUST-2896,3,33.98,101.94,Two Year,Electronic check,1,1,0,89,0
CUST-2897,53,78.17,4143.01,Two Year,Bank transfer,0,1,1,115,0
CUST-2898,71,33.27,2362.17,One Year,Electronic check,0,0,1,81,0
CUST-2899,11,60.2,662.2,Month-to-month,Mailed check,1,0,2,146,1
CUST-2900,17,71.25,1211.25,One Year,Bank transfer,1,0,1,118,0
CUST-2901,59,33.92,2001.2800000000002,One Year,Bank transfer,1,0,1,49,0
CUST-2902,30,38.72,1161.6,Month-to-month,Credit card,0,0,0,75,1
CUST-2903,8,25.27,202.16,Month-to-month,Electronic check,0,1,1,83,0
CUST-2904,68,80.31,5461.08,One Year,Bank transfer,0,0,2,80,1
CUST-2905,58,44.31,2569.98,Month-to-month,Electronic check,0,1,1,97,0
CUST-2906,35,95.76,3351.6000000000004,Month-to-month,Bank transfer,1,0,2,109,0
CUST-2907,71,72.14,5121.94,Month-to-month,Bank transfer,0,0,0,97,0
CUST-2908,1,119.38,119.38,Month-to-month,Electronic check,1,0,1,85,1
CUST-2909,35,102.05,3571.75,Two Year,Electronic check,0,1,1,81,0
CUST-2910,10,99.27,992.6999999999999,Month-to-month,Electronic check,0,0,0,75,0
CUST-2911,64,114.97,7358.08,One Year,Electronic check,0,1,2,122,0
CUST-2912,30,46.49,1394.7,Month-to-month,Electronic check,1,0,3,65,0
CUST-2913,20,98.84,1976.8000000000002,Month-to-month,Electronic check,0,0,5,87,1
CUST-2914,58,30.94,1794.52,Month-to-month,Credit card,0,0,1,117,0
CUST-2915,62,109.83,6809.46,Two Year,Electronic check,1,0,0,140,0
CUST-2916,21,22.53,473.13,One Year,Bank transfer,1,1,2,37,0
CUST-2917,55,100.63,5534.65,Month-to-month,Electronic check,1,0,2,92,0
CUST-2918,40,116.17,4646.8,One Year,Electronic check,1,0,1,110,0
CUST-2919,35,29.75,1041.25,Two Year,Mailed check,0,1,1,122,0
CUST-2920,41,106.94,4384.54,Two Year,Electronic check,0,1,2,157,0
CUST-2921,25,61.43,1535.75,Month-to-month,Mailed check,1,0,1,117,1
CUST-2922,42,73.61,3091.62,One Year,Electronic check,0,0,3,127,0
CUST-2923,54,32.36,1747.44,Month-to-month,Electronic check,0,0,1,118,1
CUST-2924,71,35.63,2529.73,Month-to-month,Credit card,0,1,2,61,0
CUST-2925,13,25.33,329.28999999999996,Two Year,Electronic check,0,0,3,101,0
CUST-2926,4,21.92,87.68,One Year,Credit card,1,0,0,83,0
CUST-2927,1,105.5,105.5,Month-to-month,Credit card,0,0,4,88,1
CUST-2928,39,70.38,2744.8199999999997,Month-to-month,Mailed check,1,0,0,113,0
CUST-2929,34,63.42,2156.28,Month-to-month,Bank transfer,1,0,3,84,0
CUST-2930,46,57.71,2654.66,Month-to-month,Electronic check,1,0,4,166,1
CUST-2931,19,80.42,1527.98,Month-to-month,Credit card,1,1,0,109,0
CUST-2932,40,104.3,4172.0,Two Year,Bank transfer,0,0,2,139,0
CUST-2933,34,23.39,795.26,Two Year,Bank transfer,1,1,0,104,0
CUST-2934,32,118.38,3788.16,Month-to-month,Electronic check,1,1,2,63,0
CUST-2935,70,22.29,1560.3,Month-to-month,Electronic check,0,1,0,91,0
CUST-2936,27,49.05,1324.35,Month-to-month,Bank transfer,1,1,1,95,0
CUST-2937,32,67.62,2163.84,Month-to-month,Bank transfer,1,0,3,104,1
CUST-2938,36,89.66,3227.7599999999998,Two Year,Mailed check,0,1,2,138,0
CUST-2939,72,71.3,5133.599999999999,Month-to-month,Mailed check,1,0,2,101,0
CUST-2940,26,66.51,1729.2600000000002,Month-to-month,Electronic check,0,1,1,123,0
CUST-2941,2,74.4,148.8,Month-to-month,Electronic check,0,1,1,119,0
CUST-2942,68,66.58,4527.44,Two Year,Electronic check,0,0,3,132,0
CUST-2943,13,106.01,1378.13,One Year,Electronic check,1,1,4,119,1
CUST-2944,17,85.13,1447.21,One Year,Credit card,1,1,1,118,0
CUST-2945,24,117.66,2823.84,Month-to-month,Bank transfer,1,1,2,150,0
CUST-2946,17,34.58,587.86,Month-to-month,Electronic check,1,1,1,99,0
CUST-2947,10,62.95,629.5,Month-to-month,Electronic check,0,1,1,128,0
CUST-2948,38,51.38,1952.44,Two Year,Mailed check,1,1,1,67,0
CUST-2949,53,101.45,5376.85,Two Year,Credit card,1,1,0,124,0
CUST-2950,29,49.94,1448.26,Month-to-month,Mailed check,1,0,1,116,0
CUST-2951,26,55.19,1434.94,One Year,Electronic check,1,0,2,127,0
CUST-2952,23,70.96,1632.08,Month-to-month,Electronic check,0,0,2,155,1
CUST-2953,47,65.53,3079.91,Month-to-month,Mailed check,1,1,1,103,0
CUST-2954,71,42.06,2986.26,One Year,Mailed check,0,0,0,110,0
CUST-2955,21,92.11,1934.31,Month-to-month,Electronic check,1,0,3,51,1
CUST-2956,4,89.61,358.44,Two Year,Electronic check,0,0,1,153,0
CUST-2957,58,57.53,3336.7400000000002,Month-to-month,Electronic check,1,0,0,64,0
CUST-2958,69,98.21,6776.49,One Year,Electronic check,0,1,3,97,0
CUST-2959,42,91.74,3853.08,Month-to-month,Credit card,0,1,2,106,0
CUST-2960,72,30.78,2216.16,Month-to-month,Electronic check,0,1,1,107,0
CUST-2961,61,45.13,2752.9300000000003,One Year,Credit card,0,0,2,123,1
CUST-2962,56,84.66,4740.96,Month-to-month,Bank transfer,0,1,1,93,1
CUST-2963,19,59.14,1123.66,Two Year,Electronic check,1,0,6,75,1
CUST-2964,59,33.68,1987.12,Month-to-month,Electronic check,0,1,3,81,1
CUST-2965,63,74.85,4715.549999999999,One Year,Electronic check,1,0,1,118,0
CUST-2966,68,94.0,6392.0,Month-to-month,Bank transfer,0,0,1,147,1
CUST-2967,31,49.73,1541.6299999999999,Month-to-month,Electronic check,0,0,1,121,1
CUST-2968,53,77.98,4132.9400000000005,Two Year,Electronic check,0,1,4,82,0
CUST-2969,36,56.4,2030.3999999999999,One Year,Electronic check,1,0,2,88,0
CUST-2970,23,101.98,2345.54,One Year,Electronic check,0,1,2,85,0
CUST-2971,27,106.07,2863.89,Two Year,Electronic check,1,1,2,84,0
CUST-2972,69,51.52,3554.88,Two Year,Credit card,0,1,1,117,0
CUST-2973,47,82.37,3871.3900000000003,Month-to-month,Electronic check,1,0,2,145,0
CUST-2974,18,38.34,690.1200000000001,One Year,Credit card,1,0,0,109,0
CUST-2975,45,37.62,1692.8999999999999,One Year,Electronic check,1,0,3,66,0
CUST-2976,5,30.94,154.70000000000002,One Year,Bank transfer,1,0,2,108,0
CUST-2977,4,38.82,155.28,Month-to-month,Mailed check,1,1,4,91,0
CUST-2978,18,79.99,1439.82,One Year,Credit card,1,0,1,100,0
CUST-2979,33,25.58,844.14,Month-to-month,Credit card,1,1,0,74,0
CUST-2980,67,86.67,5806.89,One Year,Electronic check,1,0,1,78,0
CUST-2981,8,83.88,671.04,One Year,Bank transfer,0,0,3,110,1
CUST-2982,11,51.97,571.67,Two Year,Bank transfer,1,1,1,170,0
CUST-2983,48,101.53,4873.4400000000005,One Year,Bank transfer,1,0,2,141,0
CUST-2984,53,45.68,2421.04,One Year,Electronic check,1,1,1,66,0
CUST-2985,9,43.03,387.27,Month-to-month,Credit card,1,0,1,79,0
CUST-2986,62,20.99,1301.3799999999999,Month-to-month,Electronic check,0,1,0,66,0
CUST-2987,10,54.93,549.3,One Year,Bank transfer,1,0,2,117,0
CUST-2988,48,82.26,3948.4800000000005,One Year,Credit card,0,0,1,81,0
CUST-2989,14,113.88,1594.32,Month-to-month,Electronic check,1,0,0,124,1
CUST-2990,4,50.47,201.88,One Year,Mailed check,0,1,1,56,0
CUST-2991,48,40.19,1929.12,Month-to-month,Electronic check,0,1,3,127,1
CUST-2992,63,59.15,3726.45,Two Year,Credit card,0,0,1,62,0
CUST-2993,54,109.9,5934.6,One Year,Electronic check,1,0,1,87,0
CUST-2994,2,63.38,126.76,Month-to-month,Electronic check,1,1,1,60,0
CUST-2995,45,45.41,2043.4499999999998,Month-to-month,Electronic check,0,1,0,88,0
CUST-2996,69,78.72,5431.68,Month-to-month,Credit card,1,1,0,88,0
CUST-2997,2,20.26,40.52,Month-to-month,Electronic check,0,0,0,85,1
CUST-2998,66,93.04,6140.64,Month-to-month,Credit card,1,0,0,128,0
CUST-2999,43,37.96,1632.28,One Year,Electronic check,0,1,2,130,0
CUST-3000,21,117.82,2474.22,Month-to-month,Electronic check,0,0,2,68,1
CUST-3001,17,63.46,1078.82,Month-to-month,Mailed check,0,1,1,75,0
CUST-3002,44,49.75,2189.0,Two Year,Credit card,0,1,2,105,0
CUST-3003,39,39.11,1525.29,Month-to-month,Electronic check,0,0,0,94,1
CUST-3004,59,80.51,4750.09,Month-to-month,Electronic check,0,1,1,131,1
CUST-3005,65,38.32,2490.8,One Year,Electronic check,1,0,1,116,0
CUST-3006,71,41.29,2931.59,Month-to-month,Electronic check,1,1,0,94,0
CUST-3007,5,28.59,142.95,Month-to-month,Bank transfer,0,1,0,96,0
CUST-3008,18,119.31,2147.58,Month-to-month,Electronic check,1,0,1,110,0
CUST-3009,31,75.99,2355.69,Two Year,Credit card,0,1,1,90,0
CUST-3010,68,39.12,2660.16,Month-to-month,Electronic check,1,0,2,146,1
CUST-3011,56,114.05,6386.8,One Year,Bank transfer,0,1,0,94,0
CUST-3012,46,36.41,1674.86,One Year,Electronic check,1,1,0,94,0
CUST-3013,24,69.5,1668.0,Month-to-month,Bank transfer,0,1,1,135,1
CUST-3014,24,44.7,1072.8000000000002,Month-to-month,Mailed check,0,1,4,67,0
CUST-3015,37,88.14,3261.18,Month-to-month,Electronic check,0,1,1,70,1
CUST-3016,27,51.02,1377.5400000000002,Month-to-month,Bank transfer,1,0,0,109,1
CUST-3017,25,103.01,2575.25,Month-to-month,Electronic check,0,0,0,124,1
CUST-3018,54,47.57,2568.78,Month-to-month,Electronic check,1,0,2,100,1
CUST-3019,14,35.21,492.94,Two Year,Mailed check,0,0,3,125,1
CUST-3020,52,20.47,1064.44,Month-to-month,Credit card,1,0,3,84,1
CUST-3021,50,34.72,1736.0,Month-to-month,Bank transfer,0,1,2,135,1
CUST-3022,11,27.57,303.27,Month-to-month,Bank transfer,0,0,4,98,1
CUST-3023,16,47.35,757.6,One Year,Bank transfer,1,0,0,107,1
CUST-3024,15,58.33,874.9499999999999,Month-to-month,Bank transfer,0,1,0,111,1
CUST-3025,43,69.94,3007.42,Month-to-month,Credit card,0,0,0,133,1
CUST-3026,10,60.61,606.1,Month-to-month,Electronic check,0,0,2,89,0
CUST-3027,42,51.07,2144.94,One Year,Mailed check,1,1,1,87,0
CUST-3028,27,118.67,3204.09,One Year,Electronic check,1,0,1,79,1
CUST-3029,58,119.94,6956.5199999999995,Month-to-month,Electronic check,1,0,1,109,0
CUST-3030,20,57.93,1158.6,Month-to-month,Credit card,1,1,2,114,1
CUST-3031,66,55.47,3661.02,One Year,Mailed check,1,1,1,108,0
CUST-3032,60,53.91,3234.6,Month-to-month,Bank transfer,1,1,0,75,0
CUST-3033,72,78.3,5637.599999999999,One Year,Electronic check,0,0,2,57,1
CUST-3034,39,111.84,4361.76,Month-to-month,Credit card,0,1,2,83,0
CUST-3035,24,43.44,1042.56,Month-to-month,Mailed check,1,1,2,79,0
CUST-3036,43,107.56,4625.08,One Year,Mailed check,1,1,2,102,0
CUST-3037,56,33.55,1878.7999999999997,Month-to-month,Mailed check,1,1,1,107,0
CUST-3038,8,49.12,392.96,One Year,Electronic check,1,0,3,82,0
CUST-3039,12,68.77,825.24,Two Year,Mailed check,1,1,1,88,0
CUST-3040,28,115.88,3244.64,Month-to-month,Electronic check,1,1,0,120,1
CUST-3041,9,39.91,359.18999999999994,One Year,Electronic check,0,1,3,107,0
CUST-3042,2,66.31,132.62,One Year,Credit card,0,0,0,106,1
CUST-3043,37,24.45,904.65,Month-to-month,Electronic check,0,0,1,92,0
CUST-3044,40,36.27,1450.8000000000002,Month-to-month,Credit card,1,0,2,50,0
CUST-3045,48,90.47,4342.5599999999995,Month-to-month,Credit card,1,0,2,99,0
CUST-3046,12,71.19,854.28,Month-to-month,Electronic check,1,1,1,140,0
CUST-3047,54,64.76,3497.0400000000004,Month-to-month,Mailed check,1,0,1,100,0
CUST-3048,13,58.53,760.89,Month-to-month,Electronic check,1,0,3,111,0
CUST-3049,32,97.85,3131.2,One Year,Mailed check,0,1,1,110,0
CUST-3050,33,68.4,2257.2000000000003,Month-to-month,Electronic check,1,0,0,105,0
CUST-3051,64,38.97,2494.08,One Year,Credit card,0,0,2,101,0
CUST-3052,52,56.96,2961.92,One Year,Electronic check,1,1,1,61,1
CUST-3053,34,110.61,3760.74,Month-to-month,Electronic check,0,1,1,120,1
CUST-3054,69,67.56,4661.64,Month-to-month,Electronic check,1,0,3,117,0
CUST-3055,70,47.81,3346.7000000000003,Month-to-month,Mailed check,0,1,1,118,1
CUST-3056,21,45.67,959.07,Month-to-month,Electronic check,0,1,1,101,0
CUST-3057,47,55.88,2626.36,One Year,Credit card,1,1,2,130,0
CUST-3058,31,101.48,3145.88,Month-to-month,Mailed check,1,0,1,80,1
CUST-3059,14,36.77,514.7800000000001,Month-to-month,Electronic check,1,0,0,102,0
CUST-3060,69,77.74,5364.0599999999995,Month-to-month,Bank transfer,1,0,0,121,0
CUST-3061,43,78.14,3360.02,One Year,Mailed check,1,0,3,116,0
CUST-3062,39,58.26,2272.14,One Year,Bank transfer,1,1,1,135,0
CUST-3063,44,82.42,3626.48,Two Year,Electronic check,1,0,3,140,1
CUST-3064,63,80.73,5085.990000000001,Two Year,Electronic check,1,0,0,77,1
CUST-3065,61,113.94,6950.34,Month-to-month,Electronic check,0,0,1,92,1
CUST-3066,34,83.88,2851.92,One Year,Mailed check,0,0,0,93,0
CUST-3067,25,112.58,2814.5,Month-to-month,Electronic check,0,1,2,96,1
CUST-3068,44,37.6,1654.4,Two Year,Electronic check,1,0,0,90,0
CUST-3069,10,114.17,1141.7,Two Year,Electronic check,0,1,1,73,0
CUST-3070,35,64.4,2254.0,Month-to-month,Mailed check,0,1,1,60,0
CUST-3071,37,56.55,2092.35,Month-to-month,Electronic check,0,0,0,76,1
CUST-3072,42,91.4,3838.8,Two Year,Credit card,1,1,0,104,0
CUST-3073,68,97.1,6602.799999999999,One Year,Electronic check,1,0,0,79,0
CUST-3074,52,26.5,1378.0,One Year,Credit card,1,0,1,71,0
CUST-3075,38,21.91,832.58,Two Year,Electronic check,0,0,0,113,0
CUST-3076,54,52.01,2808.54,Month-to-month,Mailed check,1,0,1,108,1
CUST-3077,59,112.14,6616.26,Month-to-month,Bank transfer,1,0,3,66,1
CUST-3078,67,43.13,2889.71,Month-to-month,Bank transfer,0,1,1,83,0
CUST-3079,60,59.2,3552.0,Two Year,Electronic check,0,1,2,147,0
CUST-3080,54,95.78,5172.12,Two Year,Mailed check,0,1,1,143,0
CUST-3081,71,106.85,7586.349999999999,Month-to-month,Electronic check,0,1,2,110,0
CUST-3082,38,69.65,2646.7000000000003,Month-to-month,Mailed check,0,0,0,100,1
CUST-3083,43,115.54,4968.22,One Year,Mailed check,1,0,1,72,0
CUST-3084,35,26.95,943.25,One Year,Mailed check,1,1,2,126,1
CUST-3085,58,88.98,5160.84,Month-to-month,Credit card,0,0,2,81,0
CUST-3086,55,47.7,2623.5,Two Year,Credit card,1,0,2,59,0
CUST-3087,30,72.37,2171.1000000000004,One Year,Mailed check,0,1,1,116,0
CUST-3088,39,34.77,1356.0300000000002,Two Year,Mailed check,0,1,2,47,0
CUST-3089,56,21.11,1182.1599999999999,One Year,Mailed check,1,1,2,85,0
CUST-3090,25,112.9,2822.5,Two Year,Electronic check,0,1,0,121,0
CUST-3091,57,97.96,5583.719999999999,Month-to-month,Mailed check,1,0,1,130,1
CUST-3092,47,23.49,1104.03,Two Year,Electronic check,0,1,1,125,0
CUST-3093,17,113.74,1933.58,Two Year,Bank transfer,0,0,0,144,0
CUST-3094,67,23.34,1563.78,Month-to-month,Credit card,0,1,1,68,0
CUST-3095,67,109.21,7317.07,One Year,Electronic check,0,0,1,74,0
CUST-3096,7,67.79,474.53000000000003,One Year,Credit card,1,1,2,78,0
CUST-3097,69,119.23,8226.87,Month-to-month,Electronic check,0,1,1,65,0
CUST-3098,69,62.37,4303.53,Month-to-month,Mailed check,1,0,0,104,0
CUST-3099,5,28.01,140.05,One Year,Electronic check,0,1,1,93,1
CUST-3100,2,36.4,72.8,One Year,Credit card,0,0,2,88,0
CUST-3101,49,36.84,1805.16,One Year,Electronic check,0,0,0,76,1
CUST-3102,57,100.94,5753.58,Two Year,Bank transfer,0,0,1,86,1
CUST-3103,23,63.93,1470.39,One Year,Electronic check,0,1,2,110,1
CUST-3104,11,22.67,249.37,Two Year,Mailed check,1,1,2,73,0
CUST-3105,40,58.58,2343.2,Two Year,Electronic check,1,0,1,138,0
CUST-3106,14,35.61,498.53999999999996,One Year,Bank transfer,0,0,0,94,1
CUST-3107,5,42.38,211.9,Month-to-month,Credit card,1,1,2,84,1
CUST-3108,30,43.58,1307.3999999999999,One Year,Bank transfer,1,1,1,101,0
CUST-3109,48,47.52,2280.96,Two Year,Credit card,1,1,0,107,0
CUST-3110,43,52.94,2276.42,Month-to-month,Bank transfer,0,1,1,125,0
CUST-3111,59,61.26,3614.3399999999997,One Year,Credit card,0,1,2,93,0
CUST-3112,21,104.49,2194.29,One Year,Mailed check,0,1,0,103,0
CUST-3113,51,41.99,2141.4900000000002,Month-to-month,Mailed check,0,0,2,102,0
CUST-3114,54,108.0,5832.0,Month-to-month,Mailed check,0,0,1,95,0
CUST-3115,45,86.53,3893.85,Month-to-month,Mailed check,0,1,0,86,0
CUST-3116,15,38.36,575.4,Two Year,Bank transfer,0,0,1,105,0
CUST-3117,5,76.82,384.09999999999997,Month-to-month,Electronic check,0,0,2,75,1
CUST-3118,1,77.34,77.34,Month-to-month,Electronic check,0,0,4,118,1
CUST-3119,2,30.61,61.22,Two Year,Bank transfer,0,0,2,103,1
CUST-3120,35,39.91,1396.85,Month-to-month,Electronic check,0,0,0,104,0
CUST-3121,19,22.34,424.46,One Year,Electronic check,1,1,1,129,1
CUST-3122,11,73.74,811.14,Two Year,Mailed check,0,1,1,103,0
CUST-3123,34,48.1,1635.4,One Year,Electronic check,0,1,1,42,1
CUST-3124,9,59.86,538.74,Month-to-month,Mailed check,0,1,6,108,0
CUST-3125,19,80.11,1522.09,Month-to-month,Credit card,1,0,1,101,0
CUST-3126,16,117.55,1880.8,Two Year,Bank transfer,0,1,1,104,0
CUST-3127,23,59.88,1377.24,Month-to-month,Bank transfer,1,0,3,88,0
CUST-3128,37,52.28,1934.3600000000001,One Year,Mailed check,1,1,2,104,0
CUST-3129,31,52.27,1620.3700000000001,Month-to-month,Electronic check,0,1,1,119,1
CUST-3130,62,41.48,2571.7599999999998,Month-to-month,Electronic check,1,1,1,96,0
CUST-3131,45,63.64,2863.8,Two Year,Bank transfer,0,1,4,151,0
CUST-3132,6,104.94,629.64,Month-to-month,Credit card,1,1,2,81,0
CUST-3133,37,32.99,1220.63,Month-to-month,Mailed check,0,0,1,75,1
CUST-3134,32,33.09,1058.88,Month-to-month,Bank transfer,1,1,0,92,0
CUST-3135,68,57.43,3905.24,One Year,Bank transfer,1,0,0,105,0
CUST-3136,13,90.1,1171.3,Two Year,Mailed check,0,0,2,116,0
CUST-3137,71,48.18,3420.78,Two Year,Electronic check,0,0,4,146,0
CUST-3138,43,102.97,4427.71,Month-to-month,Electronic check,1,0,1,97,1
CUST-3139,9,113.07,1017.6299999999999,One Year,Electronic check,1,1,1,132,0
CUST-3140,27,94.53,2552.31,Month-to-month,Mailed check,1,0,3,68,1
CUST-3141,41,41.63,1706.8300000000002,Month-to-month,Electronic check,1,1,0,87,0
CUST-3142,17,61.66,1048.22,Month-to-month,Electronic check,1,0,2,139,1
CUST-3143,60,79.01,4740.6,Month-to-month,Electronic check,1,0,0,106,0
CUST-3144,13,88.53,1150.89,Month-to-month,Credit card,0,1,1,88,0
CUST-3145,33,68.32,2254.56,One Year,Electronic check,0,1,5,71,1
CUST-3146,32,118.44,3790.08,Month-to-month,Electronic check,0,0,1,101,1
CUST-3147,29,109.12,3164.48,Month-to-month,Electronic check,0,0,2,91,1
CUST-3148,52,57.63,2996.76,Two Year,Credit card,0,1,1,106,0
CUST-3149,34,119.32,4056.8799999999997,Two Year,Mailed check,0,0,1,121,0
CUST-3150,30,26.58,797.4,Month-to-month,Mailed check,1,1,0,84,0
CUST-3151,43,115.63,4972.09,Month-to-month,Mailed check,0,0,4,54,0
CUST-3152,53,50.35,2668.55,Month-to-month,Mailed check,1,1,1,95,0
CUST-3153,27,36.89,996.03,Month-to-month,Electronic check,0,1,0,138,1
CUST-3154,25,28.91,722.75,Month-to-month,Electronic check,0,0,4,57,1
CUST-3155,51,74.1,3779.1,Month-to-month,Electronic check,0,0,2,109,0
CUST-3156,51,108.78,5547.78,One Year,Bank transfer,0,0,3,97,1
CUST-3157,56,43.81,2453.36,Month-to-month,Bank transfer,0,1,2,106,0
CUST-3158,14,32.71,457.94,Month-to-month,Credit card,0,0,1,122,0
CUST-3159,61,66.4,4050.4000000000005,One Year,Mailed check,0,1,0,72,0
CUST-3160,42,92.81,3898.02,Month-to-month,Credit card,0,0,3,50,1
CUST-3161,35,44.69,1564.1499999999999,Month-to-month,Credit card,1,1,2,112,0
CUST-3162,47,85.34,4010.98,One Year,Credit card,0,0,1,79,0
CUST-3163,2,51.98,103.96,One Year,Electronic check,1,1,0,106,0
CUST-3164,41,59.78,2450.98,Month-to-month,Bank transfer,0,1,3,103,1
CUST-3165,23,36.42,837.6600000000001,Month-to-month,Credit card,0,1,1,110,0
CUST-3166,57,51.85,2955.4500000000003,One Year,Bank transfer,0,0,1,99,0
CUST-3167,66,38.0,2508.0,Month-to-month,Electronic check,1,0,1,95,1
CUST-3168,62,82.49,5114.38,Month-to-month,Credit card,1,1,0,132,0
CUST-3169,40,65.63,2625.2,One Year,Credit card,0,0,0,103,0
CUST-3170,71,60.01,4260.71,Two Year,Electronic check,1,0,0,117,0
CUST-3171,25,32.83,820.75,Month-to-month,Credit card,0,0,1,93,0
CUST-3172,3,103.38,310.14,One Year,Credit card,0,1,2,87,0
CUST-3173,26,76.98,2001.48,Month-to-month,Electronic check,0,0,2,195,1
CUST-3174,34,89.04,3027.36,One Year,Mailed check,0,1,0,106,0
CUST-3175,26,40.8,1060.8,Month-to-month,Bank transfer,0,0,1,79,0
CUST-3176,50,47.5,2375.0,One Year,Electronic check,1,1,1,83,1
CUST-3177,4,48.76,195.04,Month-to-month,Credit card,1,0,0,143,0
CUST-3178,24,47.56,1141.44,Month-to-month,Credit card,1,1,2,77,0
CUST-3179,44,32.19,1416.36,Two Year,Credit card,0,1,1,114,0
CUST-3180,10,110.57,1105.6999999999998,Two Year,Credit card,1,1,1,102,0
CUST-3181,28,54.67,1530.76,One Year,Credit card,0,1,2,117,0
CUST-3182,40,104.57,4182.799999999999,Month-to-month,Electronic check,0,0,1,81,0
CUST-3183,4,65.63,262.52,Two Year,Mailed check,0,1,4,92,0
CUST-3184,70,67.2,4704.0,Month-to-month,Electronic check,1,1,3,91,1
CUST-3185,13,81.85,1064.05,Month-to-month,Credit card,0,1,3,142,0
CUST-3186,19,97.17,1846.23,One Year,Electronic check,0,1,2,125,0
CUST-3187,27,83.63,2258.0099999999998,Two Year,Electronic check,1,1,1,130,0
CUST-3188,15,72.41,1086.1499999999999,One Year,Credit card,0,0,1,131,1
CUST-3189,8,44.76,358.08,Month-to-month,Electronic check,0,0,1,148,1
CUST-3190,68,115.2,7833.6,Month-to-month,Bank transfer,1,0,4,79,1
CUST-3191,52,114.43,5950.360000000001,Month-to-month,Credit card,0,0,2,114,0
CUST-3192,71,109.01,7739.71,Two Year,Credit card,0,0,1,133,0
CUST-3193,27,119.68,3231.36,Month-to-month,Mailed check,0,0,1,78,0
CUST-3194,20,108.54,2170.8,One Year,Mailed check,0,0,1,56,0
CUST-3195,50,31.87,1593.5,Month-to-month,Bank transfer,0,0,1,93,1
CUST-3196,13,90.03,1170.39,One Year,Electronic check,1,1,2,61,0
CUST-3197,72,63.78,4592.16,Two Year,Electronic check,1,0,0,61,0
CUST-3198,46,25.79,1186.34,Month-to-month,Bank transfer,1,1,0,128,0
CUST-3199,16,112.67,1802.72,Month-to-month,Electronic check,0,0,1,75,0
CUST-3200,15,23.0,345.0,Month-to-month,Electronic check,1,0,1,57,0
CUST-3201,11,79.79,877.69,Month-to-month,Electronic check,0,1,2,83,0
CUST-3202,37,65.22,2413.14,One Year,Electronic check,0,1,0,135,1
CUST-3203,58,41.12,2384.96,Two Year,Mailed check,1,1,1,97,0
CUST-3204,19,34.89,662.91,Two Year,Credit card,0,0,0,17,0
CUST-3205,44,37.61,1654.84,Month-to-month,Electronic check,0,0,2,95,1
CUST-3206,40,93.14,3725.6,Month-to-month,Electronic check,0,1,1,61,1
CUST-3207,71,68.2,4842.2,One Year,Credit card,1,1,2,119,0
CUST-3208,6,99.85,599.0999999999999,Two Year,Bank transfer,0,1,4,104,0
CUST-3209,60,71.79,4307.400000000001,Month-to-month,Credit card,1,0,3,87,0
CUST-3210,67,36.3,2432.1,Month-to-month,Mailed check,0,1,1,111,0
CUST-3211,32,88.08,2818.56,Two Year,Mailed check,0,1,4,82,0
CUST-3212,38,95.96,3646.4799999999996,Month-to-month,Mailed check,0,0,1,118,0
CUST-3213,23,47.16,1084.6799999999998,One Year,Electronic check,0,1,1,89,0
CUST-3214,66,104.29,6883.14,Month-to-month,Electronic check,0,1,1,99,1
CUST-3215,53,104.84,5556.52,Two Year,Mailed check,0,0,1,92,0
CUST-3216,19,57.12,1085.28,Two Year,Electronic check,1,0,1,66,0
CUST-3217,22,105.49,2320.7799999999997,Month-to-month,Electronic check,1,0,0,85,0
CUST-3218,25,42.42,1060.5,Two Year,Electronic check,1,0,0,49,0
CUST-3219,68,40.62,2762.16,Month-to-month,Mailed check,0,0,2,122,0
CUST-3220,40,81.1,3244.0,Month-to-month,Credit card,0,1,3,71,0
CUST-3221,44,105.57,4645.08,One Year,Mailed check,1,0,1,68,0
CUST-3222,64,95.85,6134.4,Month-to-month,Bank transfer,1,1,1,108,0
CUST-3223,60,22.85,1371.0,Two Year,Electronic check,1,0,1,84,0
CUST-3224,66,52.61,3472.2599999999998,Month-to-month,Mailed check,1,0,1,110,0
CUST-3225,19,84.98,1614.6200000000001,Month-to-month,Mailed check,1,0,1,74,0
CUST-3226,19,106.8,2029.2,Month-to-month,Credit card,0,1,2,67,0
CUST-3227,60,46.11,2766.6,Two Year,Bank transfer,1,1,1,128,0
CUST-3228,62,78.56,4870.72,Two Year,Electronic check,0,1,2,78,0
CUST-3229,8,117.77,942.16,Month-to-month,Electronic check,1,0,2,70,0
CUST-3230,17,109.33,1858.61,Month-to-month,Electronic check,0,1,0,140,0
CUST-3231,16,51.92,830.72,Two Year,Electronic check,0,0,1,63,0
CUST-3232,39,22.41,873.99,Month-to-month,Electronic check,1,1,0,92,1
CUST-3233,8,78.22,625.76,Month-to-month,Mailed check,0,0,1,89,1
CUST-3234,54,114.98,6208.92,Month-to-month,Mailed check,1,1,1,80,0
CUST-3235,58,60.68,3519.44,One Year,Bank transfer,0,1,1,87,0
CUST-3236,11,60.2,662.2,Month-to-month,Bank transfer,1,1,4,61,1
CUST-3237,62,106.89,6627.18,Two Year,Mailed check,1,0,1,73,0
CUST-3238,5,48.36,241.8,Month-to-month,Electronic check,0,1,2,102,0
CUST-3239,56,97.95,5485.2,Month-to-month,Electronic check,0,0,2,95,0
CUST-3240,64,94.94,6076.16,Month-to-month,Bank transfer,0,0,0,88,0
CUST-3241,29,61.19,1774.51,One Year,Credit card,0,0,0,133,0
CUST-3242,12,27.24,326.88,Month-to-month,Electronic check,0,0,3,65,1
CUST-3243,1,100.95,100.95,Month-to-month,Credit card,1,1,2,118,1
CUST-3244,8,44.96,359.68,Two Year,Mailed check,0,0,0,109,0
CUST-3245,14,22.46,314.44,Two Year,Credit card,1,0,1,88,0
CUST-3246,70,88.84,6218.8,One Year,Mailed check,0,0,2,104,0
CUST-3247,53,110.31,5846.43,Month-to-month,Electronic check,1,1,3,116,0
CUST-3248,70,28.91,2023.7,Two Year,Electronic check,1,1,0,72,0
CUST-3249,22,49.4,1086.8,Month-to-month,Bank transfer,1,0,1,100,0
CUST-3250,68,111.05,7551.4,One Year,Credit card,0,1,2,155,0
CUST-3251,45,85.59,3851.55,Month-to-month,Electronic check,1,0,3,111,0
CUST-3252,37,25.63,948.31,Two Year,Bank transfer,1,0,5,57,1
CUST-3253,6,101.93,611.58,Month-to-month,Bank transfer,1,1,1,57,1
CUST-3254,40,103.67,4146.8,Month-to-month,Mailed check,1,1,2,77,1
CUST-3255,69,106.25,7331.25,Month-to-month,Bank transfer,0,0,4,99,0
CUST-3256,29,46.44,1346.76,One Year,Mailed check,0,1,0,85,0
CUST-3257,11,54.98,604.78,Two Year,Mailed check,0,1,2,33,0
CUST-3258,68,52.46,3567.28,Month-to-month,Electronic check,0,0,1,107,0
CUST-3259,35,78.9,2761.5,One Year,Electronic check,0,0,1,60,1
CUST-3260,63,96.27,6065.009999999999,Month-to-month,Electronic check,0,1,1,123,0
CUST-3261,1,57.25,57.25,Month-to-month,Electronic check,0,0,1,110,0
CUST-3262,5,111.0,555.0,One Year,Electronic check,1,0,2,90,0
CUST-3263,66,92.08,6077.28,Two Year,Credit card,0,0,0,116,0
CUST-3264,16,34.68,554.88,Two Year,Electronic check,0,1,1,130,0
CUST-3265,54,90.56,4890.24,Two Year,Mailed check,1,0,1,121,0
CUST-3266,62,96.31,5971.22,Two Year,Electronic check,0,0,1,76,0
CUST-3267,72,21.46,1545.1200000000001,One Year,Bank transfer,1,0,0,171,0
CUST-3268,36,82.18,2958.4800000000005,One Year,Mailed check,0,0,0,87,0
CUST-3269,31,62.42,1935.02,Month-to-month,Bank transfer,0,1,0,129,0
CUST-3270,40,73.07,2922.7999999999997,Month-to-month,Electronic check,0,1,0,83,0
CUST-3271,69,100.77,6953.13,Month-to-month,Credit card,0,0,2,98,1
CUST-3272,41,57.52,2358.32,Two Year,Electronic check,1,0,1,110,0
CUST-3273,25,58.92,1473.0,Month-to-month,Bank transfer,1,0,2,47,0
CUST-3274,64,106.61,6823.04,Month-to-month,Bank transfer,0,1,2,83,0
CUST-3275,55,28.96,1592.8,Month-to-month,Electronic check,0,0,2,95,0
CUST-3276,40,68.17,2726.8,One Year,Electronic check,0,0,1,87,0
CUST-3277,7,107.7,753.9,One Year,Mailed check,0,0,1,106,0
CUST-3278,44,98.65,4340.6,Month-to-month,Electronic check,0,1,1,71,1
CUST-3279,49,47.47,2326.0299999999997,Month-to-month,Electronic check,0,0,3,136,1
CUST-3280,66,63.98,4222.679999999999,One Year,Mailed check,0,1,1,89,0
CUST-3281,62,21.07,1306.34,Month-to-month,Mailed check,0,1,5,59,1
CUST-3282,66,117.75,7771.5,Two Year,Electronic check,0,1,2,68,0
CUST-3283,60,51.08,3064.7999999999997,Two Year,Mailed check,0,1,1,102,0
CUST-3284,57,40.35,2299.9500000000003,Month-to-month,Bank transfer,0,1,0,117,0
CUST-3285,41,37.05,1519.05,One Year,Credit card,0,1,0,75,0
CUST-3286,53,118.81,6296.93,Month-to-month,Credit card,0,0,2,119,0
CUST-3287,16,21.13,338.08,Month-to-month,Bank transfer,1,0,1,141,0
CUST-3288,70,91.73,6421.1,Two Year,Credit card,1,1,2,132,0
CUST-3289,19,85.11,1617.09,Month-to-month,Mailed check,0,1,1,95,0
CUST-3290,43,56.4,2425.2,Month-to-month,Credit card,1,1,0,66,0
CUST-3291,3,66.25,198.75,Month-to-month,Electronic check,1,1,0,84,1
CUST-3292,59,71.52,4219.679999999999,Month-to-month,Credit card,0,0,2,112,0
CUST-3293,52,107.53,5591.56,Month-to-month,Electronic check,0,1,1,99,0
CUST-3294,8,81.98,655.84,One Year,Electronic check,0,0,1,86,1
CUST-3295,34,117.44,3992.96,One Year,Mailed check,0,0,2,128,1
CUST-3296,55,73.85,4061.7499999999995,Two Year,Mailed check,0,1,1,150,0
CUST-3297,57,75.62,4310.34,Two Year,Electronic check,1,0,1,103,1
CUST-3298,11,37.77,415.47,Month-to-month,Mailed check,0,0,2,77,0
CUST-3299,2,37.05,74.1,Month-to-month,Electronic check,0,0,0,115,1
CUST-3300,27,89.2,2408.4,Month-to-month,Bank transfer,1,0,1,112,0
CUST-3301,9,61.53,553.77,One Year,Electronic check,0,0,3,106,1
CUST-3302,58,85.47,4957.26,Two Year,Credit card,1,0,4,131,0
CUST-3303,35,48.16,1685.6,Month-to-month,Electronic check,0,0,1,91,1
CUST-3304,38,30.59,1162.42,Two Year,Electronic check,1,0,2,105,0
CUST-3305,22,26.01,572.22,Month-to-month,Mailed check,1,0,1,98,0
CUST-3306,57,92.42,5267.9400000000005,Two Year,Bank transfer,0,1,1,86,0
CUST-3307,50,54.96,2748.0,Month-to-month,Mailed check,1,0,2,96,0
CUST-3308,58,53.05,3076.8999999999996,One Year,Electronic check,1,0,2,102,0
CUST-3309,50,102.58,5129.0,One Year,Electronic check,0,0,3,128,1
CUST-3310,13,88.18,1146.3400000000001,Two Year,Credit card,0,1,2,72,0
CUST-3311,7,23.33,163.31,One Year,Bank transfer,1,1,0,68,0
CUST-3312,63,105.7,6659.1,Month-to-month,Electronic check,1,1,2,68,0
CUST-3313,46,48.9,2249.4,Month-to-month,Bank transfer,0,1,0,123,0
CUST-3314,59,90.28,5326.52,Two Year,Mailed check,0,1,0,109,0
CUST-3315,37,42.62,1576.9399999999998,Month-to-month,Mailed check,0,0,2,136,1
CUST-3316,62,66.59,4128.58,Month-to-month,Credit card,0,0,2,134,0
CUST-3317,28,86.62,2425.36,Month-to-month,Electronic check,1,0,1,67,1
CUST-3318,8,99.88,799.04,One Year,Credit card,0,1,1,47,0
CUST-3319,50,107.58,5379.0,Month-to-month,Credit card,0,1,1,101,0
CUST-3320,22,106.37,2340.1400000000003,Month-to-month,Electronic check,1,1,4,99,1
CUST-3321,13,99.8,1297.3999999999999,One Year,Mailed check,0,1,4,48,1
CUST-3322,54,74.61,4028.94,One Year,Electronic check,1,0,1,70,0
CUST-3323,43,118.52,5096.36,Month-to-month,Mailed check,0,1,0,94,0
CUST-3324,70,83.4,5838.0,Month-to-month,Electronic check,1,0,1,103,0
CUST-3325,42,33.18,1393.56,Two Year,Mailed check,0,0,2,100,0
CUST-3326,27,96.36,2601.72,Month-to-month,Credit card,1,0,1,111,1
CUST-3327,1,29.17,29.17,One Year,Credit card,0,0,1,113,0
CUST-3328,37,77.87,2881.19,Month-to-month,Mailed check,1,1,1,35,0
CUST-3329,54,119.67,6462.18,One Year,Electronic check,0,1,4,134,1
CUST-3330,59,25.49,1503.9099999999999,Month-to-month,Credit card,1,1,0,128,0
CUST-3331,20,84.04,1680.8000000000002,Two Year,Bank transfer,0,0,0,110,1
CUST-3332,52,115.56,6009.12,One Year,Bank transfer,0,1,1,71,0
CUST-3333,11,78.04,858.44,Month-to-month,Mailed check,1,0,1,79,0
CUST-3334,69,20.34,1403.46,Month-to-month,Mailed check,1,0,3,117,0
CUST-3335,39,113.14,4412.46,One Year,Electronic check,1,1,2,73,0
CUST-3336,61,100.77,6146.969999999999,Month-to-month,Bank transfer,0,1,0,75,0
CUST-3337,54,35.1,1895.4,Two Year,Electronic check,1,1,4,90,1
CUST-3338,46,59.07,2717.22,Two Year,Electronic check,1,1,3,89,0
CUST-3339,28,86.91,2433.48,Two Year,Bank transfer,1,1,4,84,0
CUST-3340,36,48.57,1748.52,Month-to-month,Electronic check,0,1,1,78,1
CUST-3341,21,73.58,1545.18,Two Year,Electronic check,1,1,2,99,0
CUST-3342,71,77.19,5480.49,Two Year,Credit card,1,0,3,71,0
CUST-3343,35,34.98,1224.3,Month-to-month,Mailed check,0,0,1,104,0
CUST-3344,41,26.62,1091.42,Month-to-month,Mailed check,1,1,1,132,0
CUST-3345,70,53.94,3775.7999999999997,Two Year,Electronic check,0,1,1,88,0
CUST-3346,6,79.0,474.0,Month-to-month,Bank transfer,0,0,2,87,1
CUST-3347,64,110.71,7085.44,Two Year,Electronic check,0,1,2,118,0
CUST-3348,16,65.95,1055.2,Two Year,Electronic check,1,1,3,93,0
CUST-3349,30,26.36,790.8,One Year,Electronic check,1,1,0,60,0
CUST-3350,59,59.15,3489.85,Month-to-month,Mailed check,0,0,2,97,0
CUST-3351,1,56.58,56.58,Month-to-month,Electronic check,0,0,1,75,1
CUST-3352,10,90.72,907.2,One Year,Mailed check,0,0,1,77,1
CUST-3353,34,78.53,2670.02,Month-to-month,Bank transfer,0,1,0,129,0
CUST-3354,7,41.79,292.53,Two Year,Electronic check,0,0,0,94,1
CUST-3355,51,26.01,1326.51,One Year,Bank transfer,1,0,0,95,0
CUST-3356,64,71.74,4591.36,Month-to-month,Bank transfer,0,1,2,115,0
CUST-3357,18,41.3,743.4,Month-to-month,Bank transfer,0,0,0,114,0
CUST-3358,44,73.98,3255.1200000000003,Two Year,Mailed check,1,0,3,33,0
CUST-3359,53,23.43,1241.79,Month-to-month,Mailed check,0,0,2,74,1
CUST-3360,67,42.94,2876.98,Month-to-month,Electronic check,0,0,2,71,1
CUST-3361,69,69.24,4777.5599999999995,Month-to-month,Electronic check,0,1,0,106,0
CUST-3362,33,94.82,3129.06,Month-to-month,Electronic check,1,0,3,88,1
CUST-3363,65,95.89,6232.85,One Year,Electronic check,1,1,1,54,0
CUST-3364,21,43.97,923.37,One Year,Bank transfer,0,0,4,78,1
CUST-3365,70,53.89,3772.3,One Year,Credit card,0,0,4,124,1
CUST-3366,26,65.19,1694.94,Two Year,Mailed check,1,1,2,123,0
CUST-3367,6,27.25,163.5,Two Year,Credit card,1,1,2,83,0
CUST-3368,20,59.68,1193.6,Two Year,Electronic check,1,1,1,87,0
CUST-3369,57,112.76,6427.320000000001,Two Year,Bank transfer,0,1,0,95,0
CUST-3370,21,37.33,783.93,One Year,Electronic check,0,1,2,122,1
CUST-3371,14,43.79,613.06,Month-to-month,Bank transfer,0,1,0,111,1
CUST-3372,70,92.78,6494.6,One Year,Electronic check,0,0,0,125,1
CUST-3373,27,51.15,1381.05,One Year,Bank transfer,1,0,0,56,0
CUST-3374,13,79.46,1032.98,Month-to-month,Credit card,0,0,0,95,1
CUST-3375,65,38.23,2484.95,Two Year,Electronic check,0,0,0,82,0
CUST-3376,12,107.64,1291.68,Month-to-month,Mailed check,0,1,1,92,0
CUST-3377,66,72.33,4773.78,Month-to-month,Credit card,1,0,2,123,1
CUST-3378,9,89.28,803.52,Two Year,Electronic check,1,1,2,106,1
CUST-3379,6,38.66,231.95999999999998,Two Year,Electronic check,1,0,1,110,0
CUST-3380,24,92.18,2212.32,Month-to-month,Credit card,0,0,0,96,1
CUST-3381,50,34.97,1748.5,One Year,Credit card,1,0,0,81,0
CUST-3382,71,62.41,4431.11,Month-to-month,Electronic check,1,1,2,67,0
CUST-3383,53,69.22,3668.66,Month-to-month,Electronic check,0,1,1,68,0
CUST-3384,24,108.1,2594.3999999999996,Month-to-month,Mailed check,0,0,1,65,0
CUST-3385,59,117.51,6933.09,Month-to-month,Credit card,0,1,2,47,0
CUST-3386,57,21.29,1213.53,Two Year,Credit card,0,0,2,85,0
CUST-3387,38,44.72,1699.36,Month-to-month,Electronic check,0,0,0,135,1
CUST-3388,16,82.97,1327.52,One Year,Bank transfer,0,1,2,81,0
CUST-3389,27,62.92,1698.8400000000001,Month-to-month,Credit card,1,1,4,111,1
CUST-3390,34,54.77,1862.18,Month-to-month,Electronic check,1,1,1,102,0
CUST-3391,36,51.6,1857.6000000000001,One Year,Mailed check,1,1,3,82,0
CUST-3392,14,80.36,1125.04,Two Year,Bank transfer,0,0,1,122,0
CUST-3393,17,116.6,1982.1999999999998,Month-to-month,Bank transfer,1,1,2,75,0
CUST-3394,20,118.16,2363.2,One Year,Electronic check,1,0,0,107,1
CUST-3395,28,96.36,2698.08,One Year,Credit card,0,1,0,78,0
CUST-3396,69,100.85,6958.65,Month-to-month,Bank transfer,1,0,3,99,0
CUST-3397,29,52.87,1533.23,Two Year,Credit card,0,0,3,150,0
CUST-3398,48,31.72,1522.56,Two Year,Bank transfer,0,0,3,106,1
CUST-3399,55,40.98,2253.8999999999996,Month-to-month,Electronic check,1,0,2,58,0
CUST-3400,37,105.22,3893.14,Month-to-month,Electronic check,1,0,2,122,0
CUST-3401,32,56.59,1810.88,One Year,Mailed check,0,1,3,117,0
CUST-3402,8,36.01,288.08,Two Year,Bank transfer,0,1,1,70,0
CUST-3403,20,92.31,1846.2,Two Year,Bank transfer,1,1,2,87,0
CUST-3404,41,115.28,4726.4800000000005,Month-to-month,Mailed check,1,0,2,112,0
CUST-3405,53,115.73,6133.6900000000005,Two Year,Electronic check,0,0,0,88,0
CUST-3406,9,95.16,856.4399999999999,Month-to-month,Bank transfer,0,1,3,102,1
CUST-3407,54,89.6,4838.4,One Year,Mailed check,1,1,0,81,0
CUST-3408,28,56.49,1581.72,One Year,Mailed check,1,0,1,150,0
CUST-3409,65,45.49,2956.85,Month-to-month,Mailed check,0,1,1,132,1
CUST-3410,59,27.89,1645.51,Two Year,Mailed check,0,0,0,88,0
CUST-3411,22,87.32,1921.04,Month-to-month,Bank transfer,0,1,1,149,1
CUST-3412,42,55.91,2348.22,Month-to-month,Credit card,0,1,0,127,0
CUST-3413,21,84.35,1771.35,Month-to-month,Mailed check,1,0,0,68,1
CUST-3414,33,37.65,1242.45,Month-to-month,Bank transfer,1,1,4,42,1
CUST-3415,6,95.49,572.9399999999999,Month-to-month,Electronic check,1,1,0,69,1
CUST-3416,37,44.49,1646.13,Month-to-month,Bank transfer,0,1,4,103,1
CUST-3417,5,42.83,214.14999999999998,Month-to-month,Electronic check,1,0,2,110,1
CUST-3418,2,26.94,53.88,Month-to-month,Electronic check,1,0,0,61,1
CUST-3419,60,50.19,3011.3999999999996,Month-to-month,Electronic check,1,0,5,123,1
CUST-3420,23,115.06,2646.38,Month-to-month,Mailed check,1,1,0,95,0
CUST-3421,15,113.49,1702.35,Month-to-month,Credit card,1,0,2,101,0
CUST-3422,51,57.22,2918.22,Month-to-month,Bank transfer,0,1,2,129,0
CUST-3423,54,67.01,3618.5400000000004,Month-to-month,Mailed check,0,1,4,89,0
CUST-3424,7,113.87,797.09,Two Year,Electronic check,0,0,4,92,0
CUST-3425,4,24.62,98.48,Two Year,Electronic check,1,1,1,107,0
CUST-3426,41,108.7,4456.7,Month-to-month,Bank transfer,1,1,1,109,0
CUST-3427,48,82.23,3947.04,Month-to-month,Bank transfer,0,0,2,79,1
CUST-3428,58,51.13,2965.54,Month-to-month,Credit card,0,1,0,59,0
CUST-3429,60,98.7,5922.0,One Year,Electronic check,0,0,4,99,1
CUST-3430,47,72.09,3388.23,Month-to-month,Bank transfer,0,0,1,128,1
CUST-3431,58,26.64,1545.1200000000001,Month-to-month,Mailed check,1,0,0,60,0
CUST-3432,43,94.2,4050.6,One Year,Electronic check,0,0,3,99,1
CUST-3433,26,42.64,1108.64,Month-to-month,Electronic check,1,0,3,81,1
CUST-3434,14,27.25,381.5,Month-to-month,Bank transfer,0,0,1,109,1
CUST-3435,61,80.42,4905.62,Month-to-month,Credit card,1,1,1,100,0
CUST-3436,66,27.31,1802.4599999999998,Two Year,Bank transfer,0,0,3,114,0
CUST-3437,13,81.21,1055.73,One Year,Electronic check,1,1,3,110,1
CUST-3438,54,110.53,5968.62,Two Year,Mailed check,0,1,1,127,0
CUST-3439,36,82.86,2982.96,Month-to-month,Mailed check,0,0,1,106,0
CUST-3440,13,96.55,1255.1499999999999,Month-to-month,Electronic check,1,0,1,98,1
CUST-3441,20,33.07,661.4,Two Year,Bank transfer,1,0,1,104,0
CUST-3442,9,35.45,319.05,Two Year,Electronic check,0,0,0,90,1
CUST-3443,67,24.5,1641.5,Month-to-month,Credit card,1,1,2,66,0
CUST-3444,42,77.73,3264.6600000000003,One Year,Electronic check,0,1,0,51,0
CUST-3445,42,89.1,3742.2,One Year,Bank transfer,1,0,0,70,0
CUST-3446,33,118.48,3909.84,Two Year,Bank transfer,0,1,0,123,0
CUST-3447,21,20.65,433.65,Month-to-month,Electronic check,0,0,2,56,1
CUST-3448,17,28.64,486.88,Month-to-month,Bank transfer,0,1,2,95,0
CUST-3449,67,33.98,2276.66,Month-to-month,Bank transfer,0,1,0,107,0
CUST-3450,43,52.46,2255.78,Month-to-month,Credit card,1,1,0,99,0
CUST-3451,46,32.77,1507.42,One Year,Bank transfer,0,1,2,120,0
CUST-3452,71,64.96,4612.16,Month-to-month,Electronic check,1,0,1,99,0
CUST-3453,35,23.52,823.1999999999999,Month-to-month,Electronic check,0,1,0,124,1
CUST-3454,5,82.94,414.7,Two Year,Credit card,0,1,0,87,1
CUST-3455,31,104.68,3245.0800000000004,Month-to-month,Credit card,1,1,3,80,1
CUST-3456,10,60.72,607.2,Month-to-month,Credit card,1,1,2,134,0
CUST-3457,30,86.86,2605.8,One Year,Credit card,0,0,4,104,0
CUST-3458,36,79.25,2853.0,One Year,Credit card,0,1,2,132,0
CUST-3459,59,78.74,4645.66,One Year,Mailed check,1,0,0,109,0
CUST-3460,68,40.05,2723.3999999999996,Month-to-month,Electronic check,0,1,1,117,0
CUST-3461,29,100.89,2925.81,Month-to-month,Electronic check,1,0,0,126,1
CUST-3462,66,79.92,5274.72,Month-to-month,Bank transfer,0,1,4,138,0
CUST-3463,26,88.89,2311.14,Month-to-month,Mailed check,0,0,3,96,1
CUST-3464,20,66.46,1329.1999999999998,One Year,Mailed check,0,1,3,91,0
CUST-3465,2,27.82,55.64,Month-to-month,Credit card,1,1,3,99,1
CUST-3466,8,44.92,359.36,Two Year,Bank transfer,0,1,2,100,0
CUST-3467,57,63.14,3598.98,Month-to-month,Credit card,0,1,0,65,0
CUST-3468,53,41.62,2205.8599999999997,Month-to-month,Mailed check,1,1,1,95,0
CUST-3469,28,25.17,704.76,Month-to-month,Electronic check,0,0,0,122,1
CUST-3470,58,113.34,6573.72,Month-to-month,Bank transfer,1,1,1,71,0
CUST-3471,31,25.13,779.03,Two Year,Mailed check,1,1,0,59,0
CUST-3472,15,84.0,1260.0,Month-to-month,Electronic check,0,1,3,95,0
CUST-3473,43,83.96,3610.2799999999997,One Year,Mailed check,0,0,0,107,0
CUST-3474,65,36.74,2388.1,Two Year,Electronic check,0,0,1,100,0
CUST-3475,7,61.8,432.59999999999997,Month-to-month,Electronic check,0,0,4,69,1
CUST-3476,35,50.17,1755.95,Month-to-month,Electronic check,1,1,1,87,0
CUST-3477,10,24.27,242.7,Month-to-month,Mailed check,1,0,2,97,1
CUST-3478,36,39.59,1425.2400000000002,One Year,Electronic check,0,0,0,110,0
CUST-3479,46,30.35,1396.1000000000001,Month-to-month,Credit card,0,1,0,73,0
CUST-3480,31,65.0,2015.0,Month-to-month,Electronic check,0,1,0,80,0
CUST-3481,63,87.84,5533.92,Month-to-month,Electronic check,0,1,1,70,1
CUST-3482,23,33.38,767.74,One Year,Electronic check,1,0,1,134,1
CUST-3483,48,99.46,4774.08,Month-to-month,Bank transfer,1,1,2,119,0
CUST-3484,64,50.59,3237.76,Month-to-month,Credit card,1,0,1,106,1
CUST-3485,1,53.18,53.18,One Year,Electronic check,1,0,2,109,1
CUST-3486,52,56.67,2946.84,Month-to-month,Bank transfer,0,1,4,127,1
CUST-3487,58,93.46,5420.679999999999,Month-to-month,Electronic check,1,1,0,121,0
CUST-3488,17,57.81,982.77,Month-to-month,Mailed check,1,0,1,103,0
CUST-3489,57,67.59,3852.63,Two Year,Bank transfer,0,0,0,67,0
CUST-3490,1,46.6,46.6,One Year,Mailed check,0,1,2,100,0
CUST-3491,63,79.38,5000.94,Month-to-month,Bank transfer,0,0,6,78,1
CUST-3492,44,24.34,1070.96,Month-to-month,Mailed check,1,0,1,86,0
CUST-3493,9,110.3,992.6999999999999,Month-to-month,Credit card,1,1,2,104,0
CUST-3494,61,100.17,6110.37,Month-to-month,Credit card,1,0,1,124,0
CUST-3495,52,79.97,4158.44,One Year,Credit card,1,0,5,108,1
CUST-3496,14,48.56,679.84,Two Year,Credit card,0,0,4,134,0
CUST-3497,16,52.98,847.68,Two Year,Credit card,1,1,0,96,0
CUST-3498,17,59.34,1008.7800000000001,Month-to-month,Bank transfer,1,1,1,92,0
CUST-3499,27,109.18,2947.86,Month-to-month,Credit card,0,1,0,81,1
CUST-3500,13,60.91,791.8299999999999,One Year,Electronic check,1,0,0,133,1
CUST-3501,45,95.84,4312.8,Month-to-month,Credit card,1,1,2,76,0
CUST-3502,63,34.21,2155.23,One Year,Credit card,1,0,1,149,0
CUST-3503,72,62.06,4468.32,Month-to-month,Electronic check,1,1,1,70,1
CUST-3504,13,117.02,1521.26,Month-to-month,Electronic check,1,0,1,101,0
CUST-3505,59,89.8,5298.2,Month-to-month,Bank transfer,1,0,6,104,1
CUST-3506,39,51.68,2015.52,Month-to-month,Electronic check,0,1,0,78,1
CUST-3507,53,42.55,2255.1499999999996,Month-to-month,Bank transfer,1,0,1,117,1
CUST-3508,12,96.13,1153.56,One Year,Electronic check,1,0,2,111,0
CUST-3509,34,74.84,2544.56,Month-to-month,Mailed check,1,1,2,113,0
CUST-3510,21,69.93,1468.5300000000002,Month-to-month,Electronic check,0,0,2,122,1
CUST-3511,26,30.5,793.0,Month-to-month,Electronic check,1,0,3,64,0
CUST-3512,24,20.51,492.24,Month-to-month,Electronic check,1,1,2,117,0
CUST-3513,64,82.75,5296.0,Month-to-month,Mailed check,1,0,1,98,0
CUST-3514,35,108.55,3799.25,Month-to-month,Credit card,0,1,2,116,1
CUST-3515,65,111.2,7228.0,Month-to-month,Mailed check,1,1,1,101,0
CUST-3516,29,34.45,999.0500000000001,Month-to-month,Electronic check,1,0,1,52,0
CUST-3517,61,28.45,1735.45,Two Year,Credit card,1,1,1,110,0
CUST-3518,67,75.88,5083.96,Month-to-month,Mailed check,1,1,0,87,0
CUST-3519,41,20.43,837.63,Month-to-month,Mailed check,0,1,3,103,0
CUST-3520,21,55.72,1170.12,Month-to-month,Electronic check,1,0,1,101,0
CUST-3521,42,22.22,933.24,Month-to-month,Electronic check,0,0,2,133,0
CUST-3522,23,40.49,931.2700000000001,Month-to-month,Electronic check,1,0,1,83,1
CUST-3523,35,84.66,2963.1,Month-to-month,Bank transfer,1,0,4,113,0
CUST-3524,69,63.77,4400.13,Month-to-month,Electronic check,0,0,2,96,0
CUST-3525,23,105.46,2425.58,Month-to-month,Electronic check,0,0,1,123,1
CUST-3526,28,90.07,2521.96,One Year,Electronic check,1,0,0,69,0
CUST-3527,10,67.88,678.8,One Year,Credit card,1,0,2,85,0
CUST-3528,10,115.36,1153.6,Month-to-month,Electronic check,1,1,4,91,1
CUST-3529,46,59.05,2716.2999999999997,Month-to-month,Credit card,0,0,0,117,1
CUST-3530,27,90.85,2452.95,Two Year,Bank transfer,1,1,0,103,0
CUST-3531,33,28.28,933.24,Month-to-month,Bank transfer,0,0,0,121,1
CUST-3532,36,35.99,1295.64,Month-to-month,Bank transfer,1,1,1,67,0
CUST-3533,41,94.22,3863.02,Month-to-month,Electronic check,1,1,3,106,0
CUST-3534,5,23.62,118.10000000000001,One Year,Electronic check,0,0,0,113,0
CUST-3535,47,82.32,3869.0399999999995,Month-to-month,Credit card,0,0,2,96,1
CUST-3536,62,37.27,2310.7400000000002,Month-to-month,Bank transfer,1,0,0,127,1
CUST-3537,35,31.79,1112.6499999999999,Month-to-month,Electronic check,0,0,0,95,1
CUST-3538,13,62.42,811.46,One Year,Credit card,0,0,2,146,0
CUST-3539,50,95.14,4757.0,Month-to-month,Electronic check,1,1,4,77,0
CUST-3540,26,88.63,2304.38,Month-to-month,Electronic check,1,1,1,117,0
CUST-3541,72,77.85,5605.2,Month-to-month,Electronic check,0,0,0,128,1
CUST-3542,18,38.79,698.22,One Year,Mailed check,0,0,1,148,0
CUST-3543,24,67.94,1630.56,Two Year,Credit card,0,1,2,111,0
CUST-3544,11,42.6,468.6,Month-to-month,Bank transfer,0,0,1,92,0
CUST-3545,38,112.81,4286.78,Month-to-month,Credit card,0,1,3,92,0
CUST-3546,60,53.67,3220.2000000000003,One Year,Mailed check,0,0,1,113,0
CUST-3547,45,118.44,5329.8,One Year,Electronic check,1,1,3,146,1
CUST-3548,26,34.44,895.4399999999999,One Year,Mailed check,0,1,3,120,0
CUST-3549,18,109.98,1979.64,One Year,Credit card,1,1,1,122,0
CUST-3550,31,81.26,2519.06,One Year,Credit card,1,0,3,162,1
CUST-3551,22,42.11,926.42,Month-to-month,Electronic check,1,0,2,72,1
CUST-3552,48,86.97,4174.5599999999995,Month-to-month,Mailed check,1,1,1,111,0
CUST-3553,45,24.0,1080.0,Month-to-month,Electronic check,0,0,1,102,0
CUST-3554,52,53.68,2791.36,Month-to-month,Mailed check,0,0,2,125,0
CUST-3555,37,96.92,3586.04,Month-to-month,Credit card,0,1,2,75,0
CUST-3556,40,78.59,3143.6000000000004,One Year,Mailed check,0,0,4,89,0
CUST-3557,12,40.62,487.43999999999994,Month-to-month,Bank transfer,1,1,3,105,0
CUST-3558,13,118.21,1536.73,Month-to-month,Electronic check,1,0,3,116,1
CUST-3559,72,100.75,7254.0,Month-to-month,Electronic check,0,0,3,109,1
CUST-3560,59,69.02,4072.18,Month-to-month,Electronic check,0,1,1,124,0
CUST-3561,65,54.25,3526.25,Month-to-month,Credit card,1,0,2,116,0
CUST-3562,53,62.1,3291.3,One Year,Mailed check,1,1,1,98,0
CUST-3563,55,114.6,6303.0,One Year,Electronic check,1,0,2,90,0
CUST-3564,20,48.86,977.2,Month-to-month,Electronic check,1,1,3,92,1
CUST-3565,54,55.91,3019.14,One Year,Electronic check,1,1,0,103,0
CUST-3566,19,59.45,1129.55,One Year,Bank transfer,0,1,3,99,1
CUST-3567,51,34.56,1762.5600000000002,Month-to-month,Electronic check,1,1,1,94,1
CUST-3568,66,62.16,4102.5599999999995,Two Year,Mailed check,0,0,2,115,0
CUST-3569,18,87.54,1575.72,Month-to-month,Credit card,0,1,2,142,0
CUST-3570,48,44.99,2159.52,Month-to-month,Mailed check,0,1,1,75,0
CUST-3571,59,116.67,6883.53,One Year,Bank transfer,0,0,1,81,0
CUST-3572,36,66.39,2390.04,Month-to-month,Electronic check,1,0,2,91,0
CUST-3573,72,105.94,7627.68,Month-to-month,Mailed check,0,0,1,115,0
CUST-3574,6,35.81,214.86,Month-to-month,Credit card,0,1,0,57,0
CUST-3575,28,91.4,2559.2000000000003,Month-to-month,Bank transfer,0,0,0,99,0
CUST-3576,69,39.38,2717.2200000000003,Month-to-month,Credit card,0,0,4,75,0
CUST-3577,58,98.95,5739.1,Two Year,Electronic check,0,1,0,53,0
CUST-3578,53,84.08,4456.24,Month-to-month,Electronic check,1,0,2,106,0
CUST-3579,69,22.48,1551.1200000000001,Two Year,Mailed check,1,0,2,118,0
CUST-3580,9,106.75,960.75,One Year,Electronic check,0,0,0,108,0
CUST-3581,18,46.82,842.76,Month-to-month,Electronic check,0,1,2,117,1
CUST-3582,44,103.65,4560.6,Month-to-month,Bank transfer,0,0,1,90,1
CUST-3583,64,69.33,4437.12,One Year,Bank transfer,1,1,1,89,0
CUST-3584,39,108.24,4221.36,Month-to-month,Electronic check,1,0,1,89,1
CUST-3585,50,55.55,2777.5,Two Year,Bank transfer,1,1,0,114,0
CUST-3586,61,73.5,4483.5,One Year,Mailed check,1,0,1,96,0
CUST-3587,26,24.46,635.96,One Year,Credit card,1,1,0,139,0
CUST-3588,22,52.55,1156.1,Month-to-month,Electronic check,0,1,1,117,1
CUST-3589,39,115.92,4520.88,Two Year,Electronic check,0,1,0,86,0
CUST-3590,44,43.68,1921.92,One Year,Electronic check,0,0,1,64,0
CUST-3591,64,31.86,2039.04,One Year,Credit card,1,0,1,35,0
CUST-3592,44,21.93,964.92,Month-to-month,Mailed check,0,1,3,49,0
CUST-3593,70,97.0,6790.0,Month-to-month,Credit card,1,0,1,114,0
CUST-3594,48,23.51,1128.48,Two Year,Mailed check,0,0,0,82,0
CUST-3595,46,91.02,4186.92,Month-to-month,Electronic check,1,1,1,126,0
CUST-3596,60,33.39,2003.4,One Year,Electronic check,0,0,1,116,0
CUST-3597,26,88.72,2306.72,Month-to-month,Electronic check,0,1,2,117,1
CUST-3598,4,26.94,107.76,One Year,Bank transfer,1,1,1,100,0
CUST-3599,31,58.05,1799.55,Month-to-month,Electronic check,0,1,3,126,0
CUST-3600,50,39.75,1987.5,Month-to-month,Bank transfer,1,1,1,125,1
CUST-3601,58,63.19,3665.02,Month-to-month,Electronic check,0,1,1,83,1
CUST-3602,64,50.28,3217.92,Month-to-month,Credit card,1,1,1,107,0
CUST-3603,41,79.29,3250.8900000000003,Month-to-month,Electronic check,0,0,1,141,1
CUST-3604,18,85.19,1533.42,Month-to-month,Credit card,1,0,1,112,0
CUST-3605,29,102.01,2958.29,Month-to-month,Bank transfer,0,0,3,64,0
CUST-3606,9,85.33,767.97,Month-to-month,Mailed check,0,0,2,94,1
CUST-3607,56,85.32,4777.92,Two Year,Credit card,0,0,0,71,0
CUST-3608,49,45.2,2214.8,Month-to-month,Electronic check,1,1,1,105,0
CUST-3609,27,101.03,2727.81,Month-to-month,Mailed check,0,0,1,124,0
CUST-3610,19,114.73,2179.87,Two Year,Bank transfer,0,0,2,129,0
CUST-3611,34,43.97,1494.98,Month-to-month,Bank transfer,0,1,3,81,1
CUST-3612,52,67.72,3521.44,Month-to-month,Credit card,0,0,3,114,1
CUST-3613,5,31.55,157.75,Month-to-month,Bank transfer,0,0,2,42,1
CUST-3614,36,105.67,3804.12,Month-to-month,Electronic check,1,1,0,122,1
CUST-3615,26,71.57,1860.8199999999997,Two Year,Credit card,1,1,2,128,0
CUST-3616,56,68.08,3812.48,One Year,Bank transfer,0,1,2,84,0
CUST-3617,6,64.5,387.0,Month-to-month,Electronic check,0,1,0,120,1
CUST-3618,5,79.81,399.05,Two Year,Mailed check,1,1,3,70,0
CUST-3619,39,56.39,2199.21,Month-to-month,Bank transfer,0,1,1,165,0
CUST-3620,70,37.02,2591.4,Two Year,Bank transfer,1,0,1,37,0
CUST-3621,16,40.12,641.92,Month-to-month,Mailed check,1,0,1,103,0
CUST-3622,48,102.63,4926.24,Month-to-month,Bank transfer,0,1,1,86,1
CUST-3623,22,86.32,1899.04,Month-to-month,Electronic check,0,0,0,56,1
CUST-3624,30,77.76,2332.8,Two Year,Bank transfer,0,0,0,76,0
CUST-3625,23,63.07,1450.61,Month-to-month,Mailed check,0,0,0,99,1
CUST-3626,46,30.63,1408.98,Two Year,Mailed check,0,0,2,121,0
CUST-3627,1,83.95,83.95,Month-to-month,Mailed check,1,0,3,118,1
CUST-3628,30,58.67,1760.1000000000001,One Year,Mailed check,0,0,2,54,0
CUST-3629,16,52.56,840.96,Month-to-month,Electronic check,0,0,1,81,1
CUST-3630,17,87.05,1479.85,One Year,Mailed check,1,0,4,86,1
CUST-3631,35,113.08,3957.7999999999997,Two Year,Credit card,0,0,4,138,0
CUST-3632,15,84.65,1269.75,Month-to-month,Mailed check,1,0,1,125,1
CUST-3633,17,98.01,1666.17,Month-to-month,Mailed check,1,0,2,93,0
CUST-3634,27,83.61,2257.47,Month-to-month,Electronic check,0,0,2,88,1
CUST-3635,15,111.64,1674.6,Month-to-month,Electronic check,1,0,1,94,1
CUST-3636,61,118.06,7201.66,Two Year,Credit card,0,1,2,109,0
CUST-3637,23,50.89,1170.47,One Year,Credit card,0,1,0,52,0
CUST-3638,20,77.47,1549.4,Two Year,Bank transfer,0,0,0,43,1
CUST-3639,58,62.59,3630.2200000000003,One Year,Electronic check,1,0,0,99,0
CUST-3640,19,110.94,2107.86,Month-to-month,Credit card,0,1,1,56,0
CUST-3641,39,88.07,3434.7299999999996,Month-to-month,Electronic check,1,1,1,83,1
CUST-3642,24,50.67,1216.08,Month-to-month,Electronic check,0,0,3,86,1
CUST-3643,16,115.66,1850.56,Two Year,Electronic check,0,1,2,87,1
CUST-3644,42,98.64,4142.88,Month-to-month,Mailed check,0,1,2,123,0
CUST-3645,5,31.57,157.85,Two Year,Electronic check,1,1,1,115,0
CUST-3646,7,34.05,238.34999999999997,Month-to-month,Electronic check,0,1,3,61,0
CUST-3647,28,36.44,1020.3199999999999,One Year,Credit card,0,0,1,83,0
CUST-3648,3,90.34,271.02,One Year,Bank transfer,1,0,0,109,1
CUST-3649,3,63.06,189.18,Two Year,Bank transfer,0,1,1,104,0
CUST-3650,29,105.15,3049.3500000000004,Month-to-month,Electronic check,1,1,1,150,1
CUST-3651,24,38.84,932.1600000000001,Month-to-month,Credit card,0,1,3,134,1
CUST-3652,59,37.49,2211.9100000000003,Two Year,Bank transfer,0,0,0,110,0
CUST-3653,13,76.76,997.8800000000001,Month-to-month,Electronic check,0,0,0,101,0
CUST-3654,22,50.72,1115.84,Month-to-month,Credit card,1,0,3,121,0
CUST-3655,25,23.75,593.75,Two Year,Bank transfer,1,1,0,96,0
CUST-3656,67,57.75,3869.25,Two Year,Electronic check,0,1,2,71,0
CUST-3657,68,96.92,6590.56,Two Year,Electronic check,1,0,1,133,0
CUST-3658,33,118.71,3917.43,One Year,Electronic check,0,0,4,125,0
CUST-3659,15,60.06,900.9000000000001,Two Year,Bank transfer,1,1,4,99,0
CUST-3660,50,74.51,3725.5000000000005,One Year,Electronic check,0,0,2,74,0
CUST-3661,1,46.31,46.31,Two Year,Bank transfer,0,0,2,74,0
CUST-3662,49,47.66,2335.3399999999997,Two Year,Bank transfer,0,1,0,92,0
CUST-3663,37,101.0,3737.0,Month-to-month,Bank transfer,0,0,0,136,1
CUST-3664,65,64.03,4161.95,Month-to-month,Credit card,0,0,4,97,1
CUST-3665,22,82.37,1812.14,Month-to-month,Electronic check,0,0,3,110,1
CUST-3666,4,41.49,165.96,Two Year,Credit card,0,0,1,84,0
CUST-3667,30,60.9,1827.0,Month-to-month,Mailed check,0,0,1,112,1
CUST-3668,69,114.84,7923.96,Month-to-month,Mailed check,0,0,1,66,1
CUST-3669,57,115.14,6562.9800000000005,Month-to-month,Bank transfer,0,0,1,105,1
CUST-3670,23,20.4,469.2,Month-to-month,Electronic check,1,0,1,132,0
CUST-3671,51,31.72,1617.72,Month-to-month,Bank transfer,0,0,1,111,0
CUST-3672,31,55.54,1721.74,One Year,Electronic check,1,0,4,101,1
CUST-3673,37,111.13,4111.8099999999995,Two Year,Credit card,1,0,0,91,0
CUST-3674,2,23.12,46.24,Two Year,Credit card,0,0,5,118,0
CUST-3675,29,89.28,2589.12,One Year,Credit card,1,0,3,83,0
CUST-3676,72,115.48,8314.56,One Year,Credit card,1,0,0,120,0
CUST-3677,27,110.29,2977.8300000000004,Two Year,Electronic check,0,0,3,151,1
CUST-3678,21,112.95,2371.9500000000003,One Year,Electronic check,0,1,0,103,0
CUST-3679,65,39.62,2575.2999999999997,Month-to-month,Credit card,1,1,0,146,0
CUST-3680,36,22.57,812.52,Month-to-month,Electronic check,0,0,1,115,0
CUST-3681,35,81.19,2841.65,One Year,Credit card,0,0,2,103,0
CUST-3682,5,62.95,314.75,Month-to-month,Credit card,1,0,0,125,1
CUST-3683,50,46.03,2301.5,Month-to-month,Electronic check,1,0,1,104,1
CUST-3684,24,42.82,1027.68,Month-to-month,Credit card,0,1,4,103,1
CUST-3685,41,69.43,2846.63,One Year,Electronic check,0,0,1,106,0
CUST-3686,58,98.1,5689.799999999999,One Year,Credit card,0,0,0,85,0
CUST-3687,63,106.59,6715.17,One Year,Bank transfer,1,1,2,111,0
CUST-3688,29,106.78,3096.62,Month-to-month,Credit card,1,1,1,67,0
CUST-3689,1,28.32,28.32,One Year,Electronic check,0,0,1,53,1
CUST-3690,20,26.36,527.2,Month-to-month,Electronic check,0,0,3,104,1
CUST-3691,1,40.86,40.86,Month-to-month,Electronic check,1,0,0,124,1
CUST-3692,11,47.27,519.97,Month-to-month,Credit card,0,0,3,156,1
CUST-3693,70,70.1,4907.0,Month-to-month,Electronic check,1,0,2,91,1
CUST-3694,43,103.69,4458.67,One Year,Electronic check,1,0,3,143,1
CUST-3695,14,67.99,951.8599999999999,Month-to-month,Electronic check,1,0,2,127,0
CUST-3696,30,80.23,2406.9,One Year,Bank transfer,0,1,4,68,0
CUST-3697,22,74.71,1643.62,One Year,Credit card,0,0,1,121,0
CUST-3698,18,45.91,826.3799999999999,Two Year,Credit card,0,0,0,86,0
CUST-3699,2,112.09,224.18,Month-to-month,Electronic check,0,0,2,64,1
CUST-3700,9,72.35,651.15,Month-to-month,Electronic check,0,0,2,127,0
CUST-3701,45,108.96,4903.2,One Year,Electronic check,0,1,0,135,0
CUST-3702,5,77.28,386.4,Month-to-month,Credit card,0,1,1,76,0
CUST-3703,71,118.62,8422.02,One Year,Electronic check,0,0,1,145,0
CUST-3704,61,107.57,6561.7699999999995,One Year,Mailed check,0,1,1,131,0
CUST-3705,5,77.76,388.8,Month-to-month,Electronic check,0,1,2,94,1
CUST-3706,55,51.81,2849.55,Month-to-month,Credit card,0,0,2,69,1
CUST-3707,47,44.04,2069.88,Month-to-month,Electronic check,0,1,1,76,0
CUST-3708,8,69.99,559.92,Month-to-month,Credit card,0,0,1,86,1
CUST-3709,7,46.84,327.88,Month-to-month,Electronic check,1,0,0,70,1
CUST-3710,16,107.58,1721.28,Month-to-month,Electronic check,1,1,4,81,0
CUST-3711,62,37.43,2320.66,Month-to-month,Credit card,1,1,2,41,1
CUST-3712,57,35.98,2050.8599999999997,Month-to-month,Bank transfer,0,1,4,64,1
CUST-3713,8,70.94,567.52,One Year,Credit card,0,0,2,129,0
CUST-3714,26,86.12,2239.12,One Year,Credit card,1,0,1,94,0
CUST-3715,40,111.25,4450.0,Month-to-month,Electronic check,1,0,1,58,0
CUST-3716,59,119.61,7056.99,Month-to-month,Electronic check,1,1,3,109,0
CUST-3717,65,74.95,4871.75,Month-to-month,Electronic check,0,1,4,82,0
CUST-3718,41,90.61,3715.0099999999998,Month-to-month,Bank transfer,1,0,1,92,1
CUST-3719,16,106.04,1696.64,Month-to-month,Credit card,0,0,1,109,1
CUST-3720,26,52.56,1366.56,Month-to-month,Electronic check,1,0,1,79,0
CUST-3721,17,28.97,492.49,One Year,Mailed check,0,0,0,129,0
CUST-3722,13,91.56,1190.28,Two Year,Bank transfer,0,0,4,123,0
CUST-3723,26,86.27,2243.02,One Year,Credit card,1,0,0,35,0
CUST-3724,55,118.51,6518.05,Month-to-month,Electronic check,0,0,2,153,1
CUST-3725,6,86.08,516.48,One Year,Credit card,0,1,0,82,0
CUST-3726,67,102.35,6857.45,One Year,Bank transfer,1,0,1,77,0
CUST-3727,70,35.49,2484.3,Month-to-month,Mailed check,0,1,2,64,0
CUST-3728,44,98.01,4312.4400000000005,Month-to-month,Bank transfer,0,1,0,102,1
CUST-3729,12,25.37,304.44,One Year,Bank transfer,0,1,1,74,0
CUST-3730,31,97.56,3024.36,Month-to-month,Electronic check,0,1,2,86,1
CUST-3731,4,22.08,88.32,Two Year,Mailed check,1,1,2,155,1
CUST-3732,45,104.89,4720.05,Month-to-month,Credit card,0,1,2,106,0
CUST-3733,53,98.19,5204.07,Month-to-month,Electronic check,1,1,3,137,0
CUST-3734,24,116.57,2797.68,One Year,Electronic check,0,0,2,38,0
CUST-3735,72,31.02,2233.44,One Year,Electronic check,0,1,1,97,0
CUST-3736,35,57.91,2026.85,Month-to-month,Credit card,1,0,2,159,1
CUST-3737,18,23.49,422.82,Month-to-month,Electronic check,0,0,0,103,1
CUST-3738,5,115.44,577.2,Month-to-month,Electronic check,0,0,2,93,1
CUST-3739,24,60.49,1451.76,Month-to-month,Bank transfer,0,0,1,116,0
CUST-3740,63,117.53,7404.39,Month-to-month,Mailed check,1,0,2,131,0
CUST-3741,41,81.82,3354.62,One Year,Mailed check,1,0,3,88,0
CUST-3742,31,64.6,2002.6,Two Year,Credit card,0,0,2,120,0
CUST-3743,22,64.48,1418.5600000000002,Two Year,Electronic check,1,1,1,78,0
CUST-3744,9,33.16,298.43999999999994,Month-to-month,Electronic check,0,1,1,111,1
CUST-3745,39,67.87,2646.9300000000003,Month-to-month,Electronic check,0,1,3,70,1
CUST-3746,61,105.84,6456.24,Two Year,Electronic check,0,0,0,116,1
CUST-3747,12,42.06,504.72,Two Year,Credit card,0,0,3,80,0
CUST-3748,23,90.71,2086.33,Month-to-month,Credit card,1,1,2,99,0
CUST-3749,30,41.26,1237.8,Month-to-month,Electronic check,0,0,0,128,1
CUST-3750,67,21.02,1408.34,One Year,Electronic check,1,1,2,79,0
CUST-3751,17,46.33,787.61,Month-to-month,Credit card,1,1,0,131,0
CUST-3752,57,94.63,5393.91,Month-to-month,Electronic check,1,1,2,153,0
CUST-3753,32,113.53,3632.96,Month-to-month,Electronic check,1,1,2,136,0
CUST-3754,33,59.69,1969.77,Month-to-month,Electronic check,1,0,4,154,1
CUST-3755,64,55.27,3537.28,One Year,Bank transfer,0,0,1,71,0
CUST-3756,34,113.77,3868.18,Two Year,Electronic check,0,0,0,78,0
CUST-3757,40,35.13,1405.2,Month-to-month,Bank transfer,1,0,2,110,0
CUST-3758,45,35.78,1610.1000000000001,Month-to-month,Electronic check,0,1,2,70,0
CUST-3759,34,107.29,3647.86,Month-to-month,Electronic check,1,0,3,129,0
CUST-3760,8,78.98,631.84,One Year,Bank transfer,0,0,0,127,1
CUST-3761,30,111.8,3354.0,Month-to-month,Electronic check,0,0,3,98,0
CUST-3762,41,25.25,1035.25,One Year,Electronic check,0,1,3,90,1
CUST-3763,64,21.5,1376.0,Two Year,Mailed check,0,0,1,97,0
CUST-3764,58,54.34,3151.7200000000003,One Year,Mailed check,0,0,3,98,0
CUST-3765,19,58.81,1117.39,Month-to-month,Bank transfer,1,0,2,142,0
CUST-3766,67,92.58,6202.86,One Year,Mailed check,0,0,1,99,0
CUST-3767,22,84.98,1869.5600000000002,Two Year,Electronic check,0,1,3,153,0
CUST-3768,45,53.81,2421.4500000000003,Month-to-month,Bank transfer,1,0,2,120,0
CUST-3769,1,74.52,74.52,One Year,Electronic check,1,1,0,103,0
CUST-3770,10,40.4,404.0,Month-to-month,Mailed check,0,0,3,117,1
CUST-3771,57,25.63,1460.9099999999999,Two Year,Credit card,1,1,4,89,0
CUST-3772,70,71.84,5028.8,Two Year,Electronic check,0,1,1,106,0
CUST-3773,31,57.32,1776.92,Month-to-month,Mailed check,1,0,3,88,0
CUST-3774,6,113.59,681.54,Month-to-month,Mailed check,1,1,1,69,0
CUST-3775,31,26.44,819.64,One Year,Mailed check,1,0,0,94,0
CUST-3776,28,51.99,1455.72,Two Year,Electronic check,0,1,0,49,0
CUST-3777,18,67.75,1219.5,One Year,Electronic check,1,0,2,109,0
CUST-3778,15,25.27,379.05,Month-to-month,Electronic check,1,0,0,119,0
CUST-3779,9,110.94,998.46,One Year,Electronic check,1,1,2,101,1
CUST-3780,57,32.54,1854.78,Month-to-month,Bank transfer,1,0,0,67,0
CUST-3781,63,89.92,5664.96,Month-to-month,Electronic check,1,0,0,114,0
CUST-3782,10,104.43,1044.3000000000002,Two Year,Electronic check,0,1,1,110,0
CUST-3783,60,31.02,1861.2,One Year,Mailed check,0,0,1,82,1
CUST-3784,58,31.97,1854.26,Month-to-month,Electronic check,0,1,1,61,1
CUST-3785,21,36.34,763.1400000000001,Month-to-month,Credit card,0,1,1,88,0
CUST-3786,72,33.24,2393.28,One Year,Electronic check,1,0,1,88,0
CUST-3787,35,23.12,809.2,One Year,Electronic check,0,1,2,51,0
CUST-3788,15,32.64,489.6,Two Year,Electronic check,0,0,2,88,0
CUST-3789,21,53.34,1120.14,Month-to-month,Mailed check,0,1,2,123,0
CUST-3790,2,36.8,73.6,Month-to-month,Electronic check,1,1,2,117,1
CUST-3791,63,103.18,6500.34,Month-to-month,Mailed check,0,1,2,119,1
CUST-3792,48,55.59,2668.32,Two Year,Electronic check,1,1,3,33,0
CUST-3793,41,103.46,4241.86,Month-to-month,Electronic check,0,1,4,66,1
CUST-3794,9,114.51,1030.5900000000001,Two Year,Mailed check,0,0,2,107,0
CUST-3795,59,81.36,4800.24,Two Year,Bank transfer,1,0,1,90,0
CUST-3796,33,78.53,2591.4900000000002,Month-to-month,Electronic check,0,1,1,93,0
CUST-3797,44,119.37,5252.280000000001,Month-to-month,Mailed check,0,1,1,138,0
CUST-3798,61,58.25,3553.25,Month-to-month,Credit card,1,1,2,46,0
CUST-3799,53,40.48,2145.44,Month-to-month,Mailed check,0,1,2,149,0
CUST-3800,35,101.75,3561.25,Two Year,Mailed check,0,1,2,107,0
CUST-3801,68,56.8,3862.3999999999996,One Year,Credit card,0,1,0,137,0
CUST-3802,49,43.81,2146.69,Month-to-month,Bank transfer,1,0,1,91,0
CUST-3803,6,54.57,327.42,One Year,Mailed check,1,1,1,111,0
CUST-3804,29,106.03,3074.87,One Year,Electronic check,1,1,2,115,0
CUST-3805,48,116.14,5574.72,Month-to-month,Electronic check,0,0,1,133,1
CUST-3806,56,42.16,2360.96,Two Year,Mailed check,0,1,4,98,0
CUST-3807,71,33.56,2382.76,Month-to-month,Credit card,1,1,1,96,1
CUST-3808,44,41.75,1837.0,Month-to-month,Bank transfer,1,0,0,106,0
CUST-3809,42,117.49,4934.58,Month-to-month,Bank transfer,0,1,3,104,1
CUST-3810,10,51.25,512.5,One Year,Bank transfer,0,1,0,113,0
CUST-3811,54,50.46,2724.84,One Year,Credit card,1,0,1,110,0
CUST-3812,62,92.88,5758.5599999999995,Two Year,Bank transfer,0,0,1,134,1
CUST-3813,46,63.48,2920.08,One Year,Mailed check,0,1,1,124,0
CUST-3814,72,48.17,3468.2400000000002,Month-to-month,Electronic check,1,1,2,90,0
CUST-3815,17,108.94,1851.98,Month-to-month,Electronic check,0,1,1,132,1
CUST-3816,9,99.55,895.9499999999999,One Year,Credit card,0,0,4,72,1
CUST-3817,15,72.78,1091.7,One Year,Mailed check,0,0,0,78,0
CUST-3818,35,101.64,3557.4,One Year,Bank transfer,1,1,2,116,1
CUST-3819,47,32.62,1533.1399999999999,Month-to-month,Electronic check,0,0,2,103,0
CUST-3820,47,112.73,5298.31,Two Year,Credit card,1,1,1,90,0
CUST-3821,43,95.07,4088.0099999999998,One Year,Mailed check,1,0,0,109,0
CUST-3822,66,67.89,4480.74,One Year,Electronic check,1,0,0,57,0
CUST-3823,33,22.85,754.0500000000001,Month-to-month,Bank transfer,0,0,3,156,0
CUST-3824,63,104.48,6582.240000000001,Month-to-month,Bank transfer,1,0,0,82,1
CUST-3825,3,69.27,207.81,Month-to-month,Credit card,0,1,2,137,1
CUST-3826,39,43.84,1709.7600000000002,Month-to-month,Bank transfer,1,0,2,85,1
CUST-3827,70,108.72,7610.4,One Year,Credit card,1,1,0,69,0
CUST-3828,41,36.91,1513.31,Two Year,Bank transfer,0,1,2,58,0
CUST-3829,66,94.5,6237.0,Month-to-month,Credit card,1,0,2,48,1
CUST-3830,4,57.54,230.16,Month-to-month,Bank transfer,0,1,1,100,1
CUST-3831,66,107.49,7094.339999999999,Month-to-month,Bank transfer,1,0,3,119,0
CUST-3832,28,100.44,2812.3199999999997,Month-to-month,Bank transfer,1,1,0,62,0
CUST-3833,50,37.41,1870.4999999999998,One Year,Electronic check,0,1,5,51,0
CUST-3834,48,45.2,2169.6000000000004,One Year,Credit card,0,0,2,61,0
CUST-3835,1,56.17,56.17,Month-to-month,Electronic check,1,0,1,74,1
CUST-3836,50,26.38,1319.0,One Year,Mailed check,0,0,1,76,0
CUST-3837,4,68.86,275.44,Two Year,Electronic check,0,0,3,61,1
CUST-3838,70,118.05,8263.5,Month-to-month,Credit card,1,0,2,87,0
CUST-3839,36,54.97,1978.92,Month-to-month,Credit card,0,0,0,75,1
CUST-3840,2,26.45,52.9,Month-to-month,Credit card,0,1,0,122,1
CUST-3841,36,43.88,1579.68,One Year,Electronic check,0,1,3,87,0
CUST-3842,72,41.27,2971.44,One Year,Mailed check,1,1,3,51,1
CUST-3843,69,25.89,1786.41,One Year,Electronic check,0,0,3,95,0
CUST-3844,7,32.86,230.01999999999998,Two Year,Bank transfer,1,1,2,97,0
CUST-3845,20,67.19,1343.8,Month-to-month,Bank transfer,1,1,0,94,1
CUST-3846,29,78.49,2276.21,Month-to-month,Mailed check,1,0,1,88,0
CUST-3847,37,61.38,2271.06,One Year,Credit card,1,1,1,52,0
CUST-3848,7,70.73,495.11,Month-to-month,Electronic check,1,1,2,77,0
CUST-3849,2,110.82,221.64,Month-to-month,Credit card,1,1,1,74,0
CUST-3850,39,63.24,2466.36,Two Year,Bank transfer,0,1,1,157,0
CUST-3851,52,39.51,2054.52,Month-to-month,Bank transfer,0,1,0,100,0
CUST-3852,37,37.57,1390.09,One Year,Bank transfer,0,0,1,85,0
CUST-3853,12,34.64,415.68,One Year,Electronic check,1,1,3,101,0
CUST-3854,27,101.07,2728.89,One Year,Bank transfer,0,1,0,115,0
CUST-3855,22,69.98,1539.5600000000002,Two Year,Credit card,1,0,1,114,0
CUST-3856,26,20.13,523.38,Month-to-month,Mailed check,1,0,0,82,0
CUST-3857,34,40.28,1369.52,One Year,Electronic check,1,0,0,100,0
CUST-3858,22,112.03,2464.66,Two Year,Mailed check,1,0,2,94,0
CUST-3859,25,48.31,1207.75,Month-to-month,Credit card,0,0,2,98,1
CUST-3860,67,84.33,5650.11,Two Year,Electronic check,0,1,0,89,0
CUST-3861,48,61.61,2957.2799999999997,One Year,Electronic check,0,0,2,98,0
CUST-3862,4,58.68,234.72,Month-to-month,Bank transfer,0,1,2,127,0
CUST-3863,4,85.53,342.12,Month-to-month,Bank transfer,1,1,3,146,0
CUST-3864,53,71.79,3804.8700000000003,Month-to-month,Electronic check,0,1,0,86,0
CUST-3865,35,108.67,3803.4500000000003,Month-to-month,Electronic check,0,1,1,102,0
CUST-3866,60,42.82,2569.2,Month-to-month,Credit card,0,0,2,104,1
CUST-3867,58,48.7,2824.6000000000004,One Year,Bank transfer,1,1,2,103,0
CUST-3868,2,115.44,230.88,One Year,Electronic check,1,0,0,69,0
CUST-3869,17,66.65,1133.0500000000002,One Year,Mailed check,0,0,0,109,0
CUST-3870,22,118.83,2614.2599999999998,Month-to-month,Credit card,1,1,3,120,0
CUST-3871,61,84.64,5163.04,One Year,Credit card,0,1,1,102,0
CUST-3872,26,49.28,1281.28,Month-to-month,Electronic check,0,1,0,63,0
CUST-3873,18,99.39,1789.02,Month-to-month,Mailed check,1,1,1,106,0
CUST-3874,14,29.64,414.96000000000004,Two Year,Electronic check,1,1,1,77,0
CUST-3875,18,44.29,797.22,Month-to-month,Electronic check,0,1,1,125,1
CUST-3876,23,23.0,529.0,Month-to-month,Mailed check,1,1,1,108,0
CUST-3877,53,53.66,2843.98,Month-to-month,Bank transfer,0,0,0,85,0
CUST-3878,71,117.77,8361.67,Two Year,Electronic check,0,0,0,156,0
CUST-3879,3,94.67,284.01,One Year,Mailed check,0,1,0,85,0
CUST-3880,35,59.55,2084.25,Month-to-month,Bank transfer,1,1,2,41,1
CUST-3881,23,35.36,813.28,One Year,Credit card,0,1,1,106,0
CUST-3882,27,85.2,2300.4,Month-to-month,Credit card,1,0,3,111,0
CUST-3883,21,71.38,1498.98,Month-to-month,Electronic check,0,1,1,88,0
CUST-3884,64,25.65,1641.6,Month-to-month,Electronic check,1,1,1,97,1
CUST-3885,62,98.01,6076.62,Month-to-month,Electronic check,1,1,1,103,0
CUST-3886,16,94.36,1509.76,Month-to-month,Electronic check,1,1,2,86,0
CUST-3887,31,85.3,2644.2999999999997,Month-to-month,Credit card,1,1,1,121,0
CUST-3888,69,79.66,5496.54,Month-to-month,Credit card,1,0,4,96,0
CUST-3889,30,37.08,1112.3999999999999,Two Year,Electronic check,0,1,5,117,1
CUST-3890,30,30.24,907.1999999999999,One Year,Electronic check,0,0,3,115,0
CUST-3891,26,40.35,1049.1000000000001,One Year,Mailed check,1,0,0,61,0
CUST-3892,10,23.75,237.5,Two Year,Credit card,1,1,1,54,0
CUST-3893,55,111.88,6153.4,Month-to-month,Mailed check,0,0,1,83,1
CUST-3894,16,29.56,472.96,Month-to-month,Bank transfer,1,1,1,93,0
CUST-3895,49,80.17,3928.33,Month-to-month,Mailed check,0,0,1,93,1
CUST-3896,6,92.97,557.8199999999999,One Year,Credit card,0,1,2,97,0
CUST-3897,38,38.69,1470.2199999999998,Two Year,Electronic check,0,1,2,105,0
CUST-3898,57,113.78,6485.46,Two Year,Bank transfer,1,0,1,101,0
CUST-3899,37,116.72,4318.64,Month-to-month,Mailed check,1,1,1,90,1
CUST-3900,13,35.01,455.13,One Year,Mailed check,0,1,0,86,0
CUST-3901,24,38.31,919.44,Month-to-month,Mailed check,1,1,3,132,1
CUST-3902,48,113.78,5461.4400000000005,One Year,Electronic check,0,0,2,139,0
CUST-3903,9,89.97,809.73,Month-to-month,Bank transfer,1,0,1,72,1
CUST-3904,65,95.15,6184.75,Two Year,Mailed check,1,0,1,143,0
CUST-3905,48,53.53,2569.44,Two Year,Electronic check,0,0,3,76,1
CUST-3906,42,49.16,2064.72,Two Year,Credit card,0,0,2,94,0
CUST-3907,61,80.0,4880.0,Month-to-month,Mailed check,0,1,0,67,0
CUST-3908,49,102.63,5028.87,Month-to-month,Mailed check,0,0,1,42,0
CUST-3909,7,23.78,166.46,One Year,Electronic check,0,0,1,93,0
CUST-3910,25,53.61,1340.25,Month-to-month,Electronic check,0,0,2,83,1
CUST-3911,32,39.73,1271.36,One Year,Bank transfer,1,0,3,100,0
CUST-3912,47,110.6,5198.2,Two Year,Credit card,0,0,3,92,0
CUST-3913,18,95.86,1725.48,Month-to-month,Electronic check,0,0,1,95,1
CUST-3914,13,78.55,1021.15,Month-to-month,Electronic check,0,1,3,63,0
CUST-3915,36,118.7,4273.2,Month-to-month,Electronic check,1,0,0,99,1
CUST-3916,22,110.98,2441.56,Two Year,Credit card,1,1,1,72,0
CUST-3917,13,33.38,433.94000000000005,Two Year,Credit card,0,0,0,103,0
CUST-3918,48,71.06,3410.88,Month-to-month,Mailed check,0,1,1,93,0
CUST-3919,14,72.43,1014.0200000000001,One Year,Mailed check,0,0,1,64,0
CUST-3920,17,97.12,1651.04,Two Year,Electronic check,1,1,1,75,0
CUST-3921,17,112.72,1916.24,One Year,Mailed check,1,0,0,90,0
CUST-3922,55,112.15,6168.25,Month-to-month,Mailed check,0,1,1,125,0
CUST-3923,23,94.86,2181.78,Month-to-month,Mailed check,0,0,2,111,0
CUST-3924,18,96.51,1737.18,Month-to-month,Credit card,0,0,1,79,0
CUST-3925,12,20.99,251.88,Two Year,Bank transfer,0,1,2,123,0
CUST-3926,24,74.5,1788.0,Month-to-month,Mailed check,1,1,1,76,1
CUST-3927,29,26.7,774.3,Two Year,Electronic check,1,1,0,97,1
CUST-3928,35,51.88,1815.8000000000002,One Year,Electronic check,0,0,2,131,0
CUST-3929,48,80.89,3882.7200000000003,Month-to-month,Bank transfer,0,0,1,92,1
CUST-3930,15,115.87,1738.0500000000002,Month-to-month,Mailed check,0,1,1,128,0
CUST-3931,24,28.12,674.88,Month-to-month,Bank transfer,0,0,3,75,0
CUST-3932,52,48.48,2520.96,One Year,Bank transfer,0,0,1,128,0
CUST-3933,25,48.26,1206.5,Month-to-month,Electronic check,0,0,2,93,1
CUST-3934,11,59.54,654.9399999999999,Two Year,Bank transfer,0,1,1,97,0
CUST-3935,55,49.28,2710.4,Month-to-month,Electronic check,0,0,4,110,0
CUST-3936,23,31.09,715.07,Month-to-month,Electronic check,0,1,4,76,1
CUST-3937,62,24.13,1496.06,Month-to-month,Bank transfer,0,0,2,83,1
CUST-3938,68,107.23,7291.64,Month-to-month,Bank transfer,1,0,1,114,1
CUST-3939,7,66.74,467.17999999999995,Month-to-month,Bank transfer,0,0,0,104,0
CUST-3940,67,28.97,1940.99,Month-to-month,Electronic check,0,1,1,92,0
CUST-3941,46,50.03,2301.38,Month-to-month,Bank transfer,0,1,2,68,1
CUST-3942,49,50.38,2468.6200000000003,Month-to-month,Electronic check,1,0,0,117,1
CUST-3943,1,76.68,76.68,Month-to-month,Mailed check,1,1,1,111,0
CUST-3944,6,94.0,564.0,Two Year,Mailed check,0,0,2,108,0
CUST-3945,36,114.83,4133.88,Month-to-month,Bank transfer,1,0,2,142,0
CUST-3946,4,78.41,313.64,Two Year,Electronic check,0,1,1,107,0
CUST-3947,43,51.24,2203.32,Two Year,Credit card,0,0,1,75,0
CUST-3948,66,80.92,5340.72,Month-to-month,Bank transfer,0,1,1,125,0
CUST-3949,40,56.54,2261.6,Month-to-month,Mailed check,0,0,0,109,1
CUST-3950,68,106.93,7271.240000000001,Two Year,Mailed check,1,0,1,118,0
CUST-3951,51,77.5,3952.5,Two Year,Bank transfer,0,1,3,86,0
CUST-3952,54,64.05,3458.7,Month-to-month,Electronic check,1,0,4,130,1
CUST-3953,11,69.34,762.74,Two Year,Credit card,1,0,2,81,0
CUST-3954,51,58.22,2969.22,One Year,Electronic check,0,1,2,105,0
CUST-3955,23,77.28,1777.44,One Year,Credit card,1,1,2,64,0
CUST-3956,72,58.84,4236.4800000000005,One Year,Credit card,0,1,1,155,0
CUST-3957,50,93.34,4667.0,Month-to-month,Electronic check,0,1,0,90,0
CUST-3958,51,107.48,5481.4800000000005,One Year,Electronic check,1,1,3,115,0
CUST-3959,41,31.22,1280.02,Month-to-month,Electronic check,1,1,1,93,0
CUST-3960,4,30.54,122.16,One Year,Electronic check,0,0,1,96,0
CUST-3961,47,89.06,4185.82,Month-to-month,Electronic check,1,1,0,93,0
CUST-3962,61,28.78,1755.5800000000002,Month-to-month,Credit card,0,0,0,108,1
CUST-3963,68,49.62,3374.16,One Year,Mailed check,1,0,1,125,0
CUST-3964,69,36.29,2504.0099999999998,Month-to-month,Bank transfer,0,1,0,90,0
CUST-3965,52,78.06,4059.12,Two Year,Credit card,0,0,0,105,0
CUST-3966,61,35.57,2169.77,Month-to-month,Electronic check,0,0,1,90,1
CUST-3967,6,94.0,564.0,Month-to-month,Bank transfer,0,1,0,65,0
CUST-3968,27,40.49,1093.23,Month-to-month,Electronic check,1,0,1,126,1
CUST-3969,8,22.07,176.56,Month-to-month,Electronic check,1,1,2,145,0
CUST-3970,68,38.08,2589.44,Month-to-month,Credit card,0,1,2,115,0
CUST-3971,32,95.19,3046.08,One Year,Bank transfer,0,1,1,90,0
CUST-3972,31,37.64,1166.84,Two Year,Electronic check,1,0,2,65,0
CUST-3973,60,62.33,3739.7999999999997,Two Year,Electronic check,1,0,2,28,0
CUST-3974,22,73.3,1612.6,Two Year,Mailed check,1,0,0,98,0
CUST-3975,28,95.08,2662.24,Month-to-month,Credit card,1,0,2,100,0
CUST-3976,31,41.92,1299.52,Month-to-month,Bank transfer,1,0,1,118,0
CUST-3977,58,108.93,6317.9400000000005,Two Year,Mailed check,0,1,2,95,0
CUST-3978,14,42.49,594.86,Month-to-month,Electronic check,0,0,2,90,0
CUST-3979,64,81.53,5217.92,Two Year,Electronic check,1,0,1,61,0
CUST-3980,28,53.63,1501.64,Month-to-month,Credit card,0,1,3,100,1
CUST-3981,9,102.12,919.08,Two Year,Credit card,1,1,1,99,0
CUST-3982,17,49.8,846.5999999999999,Month-to-month,Credit card,1,0,1,135,0
CUST-3983,51,56.44,2878.44,Two Year,Electronic check,0,0,3,88,1
CUST-3984,7,26.52,185.64,Two Year,Electronic check,0,1,2,67,0
CUST-3985,54,77.34,4176.360000000001,Month-to-month,Bank transfer,0,1,2,108,0
CUST-3986,69,114.94,7930.86,Month-to-month,Electronic check,1,0,4,73,0
CUST-3987,28,48.64,1361.92,Month-to-month,Credit card,1,0,1,109,0
CUST-3988,48,45.63,2190.2400000000002,One Year,Electronic check,0,0,1,129,0
CUST-3989,64,54.36,3479.04,Month-to-month,Electronic check,0,0,4,97,1
CUST-3990,3,31.88,95.64,One Year,Electronic check,0,0,1,116,1
CUST-3991,62,80.84,5012.08,Month-to-month,Mailed check,1,1,0,124,0
CUST-3992,27,100.55,2714.85,Month-to-month,Bank transfer,0,1,4,101,0
CUST-3993,59,48.98,2889.8199999999997,Month-to-month,Bank transfer,0,1,0,103,1
CUST-3994,19,89.25,1695.75,Month-to-month,Credit card,0,1,2,113,1
CUST-3995,47,50.58,2377.2599999999998,One Year,Electronic check,1,1,2,114,0
CUST-3996,41,41.69,1709.29,Two Year,Bank transfer,1,1,2,142,1
CUST-3997,24,56.24,1349.76,Month-to-month,Electronic check,1,1,1,69,0
CUST-3998,27,48.31,1304.3700000000001,Month-to-month,Mailed check,0,1,0,93,1
CUST-3999,55,74.25,4083.75,Month-to-month,Electronic check,0,1,2,93,0
CUST-4000,64,73.13,4680.32,One Year,Credit card,1,0,1,78,0
CUST-4001,54,59.23,3198.4199999999996,Two Year,Electronic check,1,0,3,122,1
CUST-4002,35,78.74,2755.8999999999996,Month-to-month,Bank transfer,0,0,1,92,1
CUST-4003,41,70.76,2901.1600000000003,Month-to-month,Bank transfer,1,1,1,118,0
CUST-4004,66,20.91,1380.06,One Year,Electronic check,0,1,2,131,0
CUST-4005,1,119.43,119.43,Month-to-month,Credit card,1,1,1,103,0
CUST-4006,28,29.85,835.8000000000001,Two Year,Electronic check,1,0,4,100,0
CUST-4007,54,51.24,2766.96,Month-to-month,Bank transfer,1,1,2,93,0
CUST-4008,61,21.5,1311.5,Month-to-month,Electronic check,1,0,1,83,1
CUST-4009,48,96.44,4629.12,One Year,Credit card,0,1,1,113,0
CUST-4010,39,94.63,3690.5699999999997,Month-to-month,Bank transfer,1,0,2,103,0
CUST-4011,6,90.56,543.36,Month-to-month,Credit card,0,1,1,88,1
CUST-4012,66,115.68,7634.88,Month-to-month,Electronic check,0,1,1,71,1
CUST-4013,5,34.96,174.8,Month-to-month,Bank transfer,1,1,1,96,1
CUST-4014,39,36.86,1437.54,Month-to-month,Electronic check,1,1,0,133,0
CUST-4015,33,30.52,1007.16,Month-to-month,Bank transfer,0,1,2,96,0
CUST-4016,51,88.87,4532.37,Month-to-month,Credit card,1,1,1,98,0
CUST-4017,47,71.63,3366.6099999999997,Month-to-month,Mailed check,1,0,1,110,1
CUST-4018,63,75.51,4757.13,Month-to-month,Mailed check,0,1,1,121,0
CUST-4019,70,105.49,7384.299999999999,Month-to-month,Bank transfer,1,0,3,68,0
CUST-4020,54,55.78,3012.12,Month-to-month,Bank transfer,0,0,0,89,1
CUST-4021,28,77.57,2171.96,Month-to-month,Electronic check,1,1,1,66,1
CUST-4022,20,36.09,721.8000000000001,Month-to-month,Electronic check,0,1,1,87,0
CUST-4023,67,114.32,7659.44,Two Year,Mailed check,0,0,2,81,0
CUST-4024,68,34.98,2378.64,Two Year,Credit card,1,1,5,115,0
CUST-4025,3,48.01,144.03,Month-to-month,Electronic check,1,0,2,123,1
CUST-4026,27,22.96,619.9200000000001,Month-to-month,Electronic check,1,1,0,80,1
CUST-4027,3,41.67,125.01,One Year,Bank transfer,0,1,0,67,0
CUST-4028,26,70.47,1832.22,One Year,Electronic check,0,0,2,120,1
CUST-4029,12,105.14,1261.68,Two Year,Credit card,1,0,2,128,0
CUST-4030,72,90.01,6480.72,One Year,Electronic check,1,0,2,108,0
CUST-4031,44,49.62,2183.2799999999997,Two Year,Credit card,0,1,5,78,0
CUST-4032,70,48.66,3406.2,One Year,Electronic check,0,0,0,89,0
CUST-4033,6,76.09,456.54,One Year,Bank transfer,0,1,0,122,0
CUST-4034,36,112.31,4043.16,One Year,Bank transfer,0,1,1,115,0
CUST-4035,28,87.63,2453.64,One Year,Bank transfer,1,0,1,105,0
CUST-4036,25,57.37,1434.25,Month-to-month,Electronic check,1,0,0,82,0
CUST-4037,38,30.46,1157.48,Two Year,Credit card,0,1,2,115,0
CUST-4038,56,96.03,5377.68,Month-to-month,Electronic check,0,1,3,157,0
CUST-4039,48,30.89,1482.72,Month-to-month,Mailed check,1,0,6,106,1
CUST-4040,18,20.94,376.92,Month-to-month,Credit card,0,0,0,111,0
CUST-4041,51,39.05,1991.55,Month-to-month,Credit card,0,1,1,91,1
CUST-4042,5,102.44,512.2,Month-to-month,Electronic check,1,1,0,140,1
CUST-4043,23,21.67,498.41,Two Year,Electronic check,1,1,3,102,0
CUST-4044,65,72.25,4696.25,One Year,Electronic check,0,0,4,97,1
CUST-4045,55,45.45,2499.75,Month-to-month,Electronic check,0,1,0,125,0
CUST-4046,56,79.23,4436.88,Two Year,Electronic check,0,1,1,80,0
CUST-4047,40,70.25,2810.0,Month-to-month,Mailed check,1,0,1,68,0
CUST-4048,71,78.16,5549.36,Month-to-month,Electronic check,0,1,4,99,1
CUST-4049,53,59.4,3148.2,Month-to-month,Electronic check,1,1,0,98,1
CUST-4050,47,111.35,5233.45,Month-to-month,Bank transfer,1,1,3,122,1
CUST-4051,20,49.84,996.8000000000001,One Year,Mailed check,1,1,3,172,0
CUST-4052,12,31.52,378.24,Month-to-month,Electronic check,1,0,3,81,1
CUST-4053,68,29.68,2018.24,Month-to-month,Mailed check,0,0,2,104,0
CUST-4054,5,62.89,314.45,Month-to-month,Bank transfer,0,1,0,97,0
CUST-4055,58,44.75,2595.5,Two Year,Bank transfer,0,0,0,111,0
CUST-4056,11,51.78,569.58,Month-to-month,Bank transfer,1,1,3,83,1
CUST-4057,25,54.97,1374.25,One Year,Electronic check,0,1,2,125,0
CUST-4058,31,110.95,3439.4500000000003,One Year,Electronic check,0,1,1,117,0
CUST-4059,26,38.28,995.28,Month-to-month,Bank transfer,0,1,0,91,0
CUST-4060,47,100.98,4746.06,One Year,Credit card,1,0,1,142,0
CUST-4061,5,102.3,511.5,Two Year,Bank transfer,0,0,3,73,0
CUST-4062,25,82.46,2061.5,Two Year,Electronic check,1,1,2,131,1
CUST-4063,16,71.35,1141.6,Month-to-month,Credit card,0,1,1,116,1
CUST-4064,33,108.42,3577.86,One Year,Bank transfer,1,1,1,119,0
CUST-4065,1,36.41,36.41,Month-to-month,Mailed check,1,0,1,49,0
CUST-4066,45,113.27,5097.15,Two Year,Mailed check,1,1,1,129,0
CUST-4067,55,24.78,1362.9,Month-to-month,Mailed check,1,0,1,94,0
CUST-4068,12,96.08,1152.96,Month-to-month,Electronic check,1,0,1,111,0
CUST-4069,4,90.14,360.56,Month-to-month,Mailed check,0,1,2,80,0
CUST-4070,52,108.14,5623.28,One Year,Electronic check,1,1,1,60,0
CUST-4071,64,24.98,1598.72,Month-to-month,Bank transfer,0,1,2,144,1
CUST-4072,9,24.85,223.65,Two Year,Credit card,1,0,0,139,0
CUST-4073,51,79.01,4029.51,Month-to-month,Electronic check,0,0,2,86,1
CUST-4074,14,42.97,601.5799999999999,Two Year,Electronic check,0,0,2,112,0
CUST-4075,2,65.28,130.56,Two Year,Electronic check,0,0,3,129,1
CUST-4076,60,66.95,4017.0,Month-to-month,Mailed check,0,0,4,91,1
CUST-4077,10,100.35,1003.5,Month-to-month,Bank transfer,0,1,2,119,0
CUST-4078,66,24.06,1587.9599999999998,Month-to-month,Electronic check,0,1,0,98,0
CUST-4079,38,39.61,1505.18,One Year,Electronic check,0,1,2,120,0
CUST-4080,44,79.8,3511.2,Month-to-month,Bank transfer,1,1,1,56,1
CUST-4081,62,29.49,1828.3799999999999,Month-to-month,Bank transfer,1,1,1,149,0
CUST-4082,71,31.33,2224.43,Month-to-month,Credit card,1,1,1,88,0
CUST-4083,3,108.93,326.79,Month-to-month,Bank transfer,1,0,2,70,1
CUST-4084,43,106.06,4560.58,Month-to-month,Bank transfer,0,0,2,109,0
CUST-4085,54,58.64,3166.56,Two Year,Bank transfer,0,1,1,115,0
CUST-4086,4,99.03,396.12,Two Year,Electronic check,0,1,4,88,1
CUST-4087,64,40.47,2590.08,Month-to-month,Electronic check,0,1,1,102,1
CUST-4088,24,42.52,1020.48,One Year,Electronic check,0,1,0,126,0
CUST-4089,54,54.06,2919.2400000000002,Month-to-month,Electronic check,1,1,2,60,0
CUST-4090,19,29.77,565.63,Month-to-month,Electronic check,1,0,0,111,1
CUST-4091,47,99.92,4696.24,Month-to-month,Electronic check,1,1,4,80,1
CUST-4092,27,66.23,1788.21,Two Year,Credit card,0,0,4,88,0
CUST-4093,39,35.3,1376.6999999999998,One Year,Mailed check,1,0,1,107,0
CUST-4094,9,88.85,799.65,Two Year,Mailed check,0,0,2,110,0
CUST-4095,49,57.3,2807.7,Two Year,Electronic check,0,0,0,83,1
CUST-4096,63,106.25,6693.75,Month-to-month,Bank transfer,0,0,2,106,0
CUST-4097,49,112.21,5498.29,One Year,Mailed check,0,0,0,84,0
CUST-4098,12,60.11,721.3199999999999,Month-to-month,Mailed check,1,0,2,118,1
CUST-4099,54,41.29,2229.66,Month-to-month,Mailed check,0,1,2,107,0
CUST-4100,28,75.47,2113.16,Month-to-month,Credit card,0,1,0,107,0
CUST-4101,43,102.43,4404.490000000001,Two Year,Credit card,1,1,1,104,0
CUST-4102,5,76.62,383.1,Two Year,Mailed check,0,0,2,63,0
CUST-4103,30,78.81,2364.3,Month-to-month,Bank transfer,1,0,4,108,0
CUST-4104,12,68.22,818.64,Month-to-month,Mailed check,1,1,0,86,0
CUST-4105,15,54.1,811.5,Month-to-month,Bank transfer,0,1,2,93,0
CUST-4106,17,56.72,964.24,One Year,Electronic check,0,1,3,81,0
CUST-4107,44,90.47,3980.68,One Year,Electronic check,1,1,2,75,1
CUST-4108,7,110.37,772.59,Month-to-month,Credit card,0,0,0,81,1
CUST-4109,60,65.09,3905.4,Two Year,Electronic check,0,0,5,104,1
CUST-4110,2,44.86,89.72,Month-to-month,Electronic check,0,1,3,91,1
CUST-4111,40,43.88,1755.2,Month-to-month,Electronic check,0,1,0,83,1
CUST-4112,33,74.81,2468.73,One Year,Credit card,0,0,4,97,0
CUST-4113,13,49.18,639.34,Month-to-month,Electronic check,0,0,4,78,1
CUST-4114,32,57.49,1839.68,Month-to-month,Mailed check,0,1,1,100,0
CUST-4115,36,90.76,3267.36,Month-to-month,Bank transfer,0,0,0,55,0
CUST-4116,46,25.73,1183.58,Month-to-month,Mailed check,0,0,3,61,1
CUST-4117,61,85.95,5242.95,Month-to-month,Mailed check,0,1,1,101,1
CUST-4118,9,76.82,691.3799999999999,Month-to-month,Credit card,1,0,0,110,1
CUST-4119,5,119.1,595.5,One Year,Mailed check,0,0,0,123,0
CUST-4120,66,71.62,4726.92,One Year,Electronic check,1,0,3,69,1
CUST-4121,1,40.7,40.7,Month-to-month,Electronic check,1,1,2,127,1
CUST-4122,4,42.02,168.08,Month-to-month,Bank transfer,0,0,1,114,1
CUST-4123,6,60.49,362.94,Month-to-month,Mailed check,1,0,0,88,0
CUST-4124,31,61.69,1912.3899999999999,One Year,Credit card,0,0,2,88,1
CUST-4125,51,36.89,1881.39,Month-to-month,Electronic check,0,1,1,98,0
CUST-4126,58,100.86,5849.88,One Year,Electronic check,1,1,4,95,0
CUST-4127,36,61.07,2198.52,Month-to-month,Credit card,1,0,2,63,1
CUST-4128,31,76.13,2360.0299999999997,Month-to-month,Electronic check,1,1,3,128,1
CUST-4129,66,97.83,6456.78,One Year,Mailed check,1,0,0,113,0
CUST-4130,54,57.17,3087.1800000000003,One Year,Electronic check,1,1,1,124,0
CUST-4131,18,93.87,1689.66,Two Year,Electronic check,1,1,2,74,0
CUST-4132,46,107.69,4953.74,Two Year,Credit card,1,1,0,57,0
CUST-4133,70,30.04,2102.7999999999997,One Year,Electronic check,0,1,4,78,1
CUST-4134,19,27.24,517.56,Month-to-month,Credit card,1,1,1,115,0
CUST-4135,41,25.55,1047.55,Two Year,Electronic check,0,0,1,72,0
CUST-4136,3,34.27,102.81,Two Year,Mailed check,1,1,3,137,0
CUST-4137,1,21.56,21.56,Two Year,Mailed check,1,0,1,137,0
CUST-4138,30,95.13,2853.8999999999996,Month-to-month,Mailed check,0,1,0,100,0
CUST-4139,29,40.9,1186.1,Month-to-month,Mailed check,1,1,3,110,0
CUST-4140,13,104.79,1362.27,Month-to-month,Credit card,0,1,3,110,0
CUST-4141,11,35.34,388.74,One Year,Electronic check,0,1,0,135,0
CUST-4142,15,76.86,1152.9,One Year,Mailed check,0,1,0,51,0
CUST-4143,48,76.16,3655.68,Month-to-month,Bank transfer,1,0,4,68,1
CUST-4144,20,105.38,2107.6,Month-to-month,Credit card,1,1,3,60,1
CUST-4145,46,111.72,5139.12,One Year,Credit card,1,1,2,107,0
CUST-4146,2,116.92,233.84,Two Year,Bank transfer,0,0,1,114,0
CUST-4147,39,30.52,1190.28,Two Year,Credit card,0,1,0,93,0
CUST-4148,9,51.31,461.79,Month-to-month,Electronic check,0,0,0,108,0
CUST-4149,15,99.34,1490.1000000000001,Month-to-month,Electronic check,0,0,0,113,1
CUST-4150,25,75.4,1885.0000000000002,Month-to-month,Electronic check,1,1,0,93,0
CUST-4151,23,74.44,1712.12,Month-to-month,Electronic check,0,1,0,99,0
CUST-4152,9,31.05,279.45,Month-to-month,Mailed check,0,1,1,105,1
CUST-4153,58,90.57,5253.0599999999995,Month-to-month,Electronic check,1,1,2,74,0
CUST-4154,27,39.98,1079.4599999999998,One Year,Bank transfer,0,1,2,135,0
CUST-4155,20,69.88,1397.6,One Year,Electronic check,1,1,2,99,0
CUST-4156,41,117.79,4829.39,Month-to-month,Bank transfer,0,0,1,130,1
CUST-4157,12,25.55,306.6,Month-to-month,Electronic check,0,0,2,123,1
CUST-4158,8,22.9,183.2,One Year,Bank transfer,1,1,2,85,0
CUST-4159,18,102.2,1839.6000000000001,One Year,Mailed check,0,1,2,95,0
CUST-4160,11,56.32,619.52,One Year,Mailed check,1,1,1,96,0
CUST-4161,52,34.99,1819.48,Month-to-month,Electronic check,1,1,2,83,0
CUST-4162,57,57.8,3294.6,Month-to-month,Electronic check,0,1,3,76,0
CUST-4163,32,107.61,3443.52,One Year,Electronic check,1,1,1,69,1
CUST-4164,44,67.01,2948.44,Month-to-month,Mailed check,0,1,1,117,0
CUST-4165,45,71.29,3208.05,One Year,Electronic check,0,1,2,89,0
CUST-4166,40,62.54,2501.6,Month-to-month,Electronic check,0,1,0,108,0
CUST-4167,42,59.62,2504.04,One Year,Electronic check,0,0,1,120,0
CUST-4168,43,75.25,3235.75,Two Year,Electronic check,1,1,0,71,0
CUST-4169,24,69.18,1660.3200000000002,Month-to-month,Credit card,0,1,0,99,0
CUST-4170,38,54.86,2084.68,Month-to-month,Credit card,0,1,1,118,0
CUST-4171,21,27.38,574.98,Month-to-month,Electronic check,1,1,0,49,1
CUST-4172,1,67.86,67.86,Month-to-month,Mailed check,0,1,1,107,0
CUST-4173,23,117.97,2713.31,One Year,Electronic check,1,0,3,87,0
CUST-4174,61,39.53,2411.33,Month-to-month,Credit card,0,0,2,145,1
CUST-4175,36,46.36,1668.96,Month-to-month,Credit card,0,0,1,117,1
CUST-4176,4,39.13,156.52,Month-to-month,Bank transfer,0,1,1,82,1
CUST-4177,38,78.29,2975.0200000000004,Month-to-month,Bank transfer,0,1,3,78,0
CUST-4178,14,116.29,1628.0600000000002,Month-to-month,Electronic check,0,0,2,63,0
CUST-4179,71,113.15,8033.650000000001,Month-to-month,Bank transfer,0,1,0,116,0
CUST-4180,26,112.31,2920.06,Month-to-month,Mailed check,1,0,3,72,0
CUST-4181,3,61.3,183.89999999999998,Two Year,Mailed check,0,0,1,62,1
CUST-4182,35,23.2,812.0,One Year,Electronic check,1,0,2,120,1
CUST-4183,59,94.76,5590.84,One Year,Mailed check,1,0,3,123,1
CUST-4184,60,59.13,3547.8,Month-to-month,Credit card,0,0,0,121,1
CUST-4185,44,26.92,1184.48,Two Year,Bank transfer,1,0,1,83,0
CUST-4186,70,25.54,1787.8,Month-to-month,Mailed check,1,1,0,119,0
CUST-4187,64,36.35,2326.4,One Year,Electronic check,1,1,1,118,1
CUST-4188,21,71.91,1510.11,Two Year,Mailed check,0,1,3,163,0
CUST-4189,30,103.85,3115.5,Month-to-month,Electronic check,0,1,2,86,0
CUST-4190,1,107.23,107.23,One Year,Mailed check,0,1,2,116,0
CUST-4191,9,55.86,502.74,Month-to-month,Electronic check,1,0,2,90,1
CUST-4192,48,108.89,5226.72,One Year,Bank transfer,1,1,1,106,0
CUST-4193,3,74.63,223.89,Two Year,Bank transfer,0,0,0,88,0
CUST-4194,55,94.28,5185.4,Month-to-month,Electronic check,0,0,0,86,0
CUST-4195,8,109.86,878.88,One Year,Electronic check,1,1,3,117,1
CUST-4196,55,27.82,1530.1,Month-to-month,Mailed check,0,1,0,62,0
CUST-4197,52,22.16,1152.32,Two Year,Mailed check,1,1,2,97,0
CUST-4198,27,116.9,3156.3,Month-to-month,Electronic check,1,1,1,107,0
CUST-4199,29,54.51,1580.79,Month-to-month,Mailed check,0,0,0,67,0
CUST-4200,26,107.55,2796.2999999999997,Two Year,Electronic check,1,1,1,65,0
CUST-4201,49,82.03,4019.4700000000003,One Year,Bank transfer,0,1,1,97,0
CUST-4202,60,108.62,6517.200000000001,One Year,Electronic check,0,0,0,100,0
CUST-4203,18,95.44,1717.92,One Year,Electronic check,0,0,0,104,1
CUST-4204,7,99.1,693.6999999999999,Month-to-month,Mailed check,1,0,2,132,1
CUST-4205,38,41.79,1588.02,Month-to-month,Mailed check,1,0,2,87,1
CUST-4206,15,37.7,565.5,Month-to-month,Bank transfer,1,1,2,79,0
CUST-4207,41,94.5,3874.5,One Year,Mailed check,0,0,2,112,0
CUST-4208,12,38.28,459.36,Month-to-month,Electronic check,1,1,2,49,0
CUST-4209,38,68.36,2597.68,Month-to-month,Electronic check,1,0,0,85,0
CUST-4210,23,20.58,473.34,One Year,Electronic check,0,1,2,131,0
CUST-4211,43,21.83,938.6899999999999,Two Year,Credit card,0,0,0,43,0
CUST-4212,32,86.43,2765.76,One Year,Bank transfer,0,1,2,77,0
CUST-4213,4,68.94,275.76,Month-to-month,Electronic check,0,0,2,84,1
CUST-4214,60,30.44,1826.4,Month-to-month,Electronic check,0,1,2,108,1
CUST-4215,30,89.91,2697.2999999999997,One Year,Bank transfer,1,1,0,87,0
CUST-4216,56,35.47,1986.32,One Year,Bank transfer,0,1,0,79,0
CUST-4217,60,85.99,5159.4,Month-to-month,Bank transfer,1,0,2,82,0
CUST-4218,14,80.33,1124.62,Month-to-month,Bank transfer,0,1,2,115,1
CUST-4219,40,37.31,1492.4,Month-to-month,Mailed check,1,0,3,123,1
CUST-4220,26,24.36,633.36,One Year,Credit card,0,1,3,109,1
CUST-4221,49,88.39,4331.11,Month-to-month,Bank transfer,0,0,1,113,0
CUST-4222,68,30.38,2065.84,Month-to-month,Bank transfer,0,1,2,74,0
CUST-4223,68,43.25,2941.0,Month-to-month,Mailed check,0,1,2,131,0
CUST-4224,15,58.5,877.5,Month-to-month,Electronic check,1,0,1,115,0
CUST-4225,14,109.12,1527.68,Two Year,Credit card,1,0,1,90,0
CUST-4226,50,108.59,5429.5,Month-to-month,Electronic check,1,1,1,94,0
CUST-4227,53,38.64,2047.92,One Year,Bank transfer,1,0,1,84,0
CUST-4228,71,74.02,5255.42,One Year,Bank transfer,0,0,0,106,0
CUST-4229,18,23.23,418.14,Month-to-month,Electronic check,0,1,3,99,0
CUST-4230,54,96.42,5206.68,One Year,Electronic check,0,0,1,86,0
CUST-4231,6,91.22,547.3199999999999,Two Year,Electronic check,0,0,2,161,1
CUST-4232,40,55.96,2238.4,Two Year,Credit card,0,0,0,89,0
CUST-4233,59,57.13,3370.67,Month-to-month,Bank transfer,0,1,2,106,0
CUST-4234,4,115.73,462.92,Two Year,Mailed check,0,1,1,122,0
CUST-4235,59,84.82,5004.379999999999,One Year,Mailed check,0,1,1,106,0
CUST-4236,28,54.16,1516.48,Two Year,Bank transfer,0,0,5,87,0
CUST-4237,61,63.42,3868.62,One Year,Credit card,0,1,0,86,0
CUST-4238,4,42.45,169.8,Month-to-month,Electronic check,1,0,3,107,1
CUST-4239,54,35.54,1919.1599999999999,One Year,Bank transfer,0,1,0,89,0
CUST-4240,1,72.28,72.28,Month-to-month,Electronic check,0,1,1,131,1
CUST-4241,31,37.84,1173.0400000000002,Two Year,Electronic check,0,0,0,104,0
CUST-4242,59,34.4,2029.6,Month-to-month,Electronic check,0,0,2,123,1
CUST-4243,64,28.19,1804.16,One Year,Electronic check,0,0,1,76,0
CUST-4244,13,66.51,864.6300000000001,Month-to-month,Credit card,0,1,2,87,1
CUST-4245,65,54.91,3569.1499999999996,Month-to-month,Electronic check,0,0,0,63,0
CUST-4246,52,55.66,2894.3199999999997,Month-to-month,Bank transfer,0,1,2,148,0
CUST-4247,31,35.16,1089.9599999999998,Two Year,Electronic check,0,0,2,66,0
CUST-4248,38,76.65,2912.7000000000003,Month-to-month,Electronic check,0,0,3,49,1
CUST-4249,49,64.37,3154.13,Month-to-month,Electronic check,1,1,1,66,0
CUST-4250,24,72.6,1742.3999999999999,Month-to-month,Electronic check,1,0,1,84,0
CUST-4251,13,69.17,899.21,Month-to-month,Mailed check,1,1,1,100,0
CUST-4252,52,98.11,5101.72,Two Year,Mailed check,1,0,1,108,0
CUST-4253,51,92.15,4699.650000000001,One Year,Mailed check,0,1,4,57,1
CUST-4254,51,101.0,5151.0,Month-to-month,Electronic check,0,0,0,112,1
CUST-4255,14,54.6,764.4,Month-to-month,Electronic check,0,0,3,96,1
CUST-4256,53,103.9,5506.700000000001,Month-to-month,Electronic check,0,0,0,92,1
CUST-4257,35,105.29,3685.15,Two Year,Mailed check,0,1,0,92,0
CUST-4258,35,82.22,2877.7,One Year,Mailed check,0,1,1,116,0
CUST-4259,58,53.15,3082.7,Month-to-month,Bank transfer,1,1,3,99,1
CUST-4260,40,51.05,2042.0,Month-to-month,Credit card,0,1,0,77,0
CUST-4261,35,62.36,2182.6,Month-to-month,Electronic check,0,0,1,102,1
CUST-4262,1,56.87,56.87,One Year,Electronic check,0,1,1,69,1
CUST-4263,43,102.83,4421.69,Month-to-month,Mailed check,0,0,2,133,0
CUST-4264,59,118.22,6974.98,Month-to-month,Credit card,1,0,2,86,0
CUST-4265,15,87.62,1314.3000000000002,Two Year,Bank transfer,1,1,3,87,0
CUST-4266,53,117.7,6238.1,Month-to-month,Electronic check,0,1,3,114,1
CUST-4267,70,97.76,6843.200000000001,Month-to-month,Electronic check,1,0,3,104,0
CUST-4268,1,82.51,82.51,Month-to-month,Electronic check,1,1,1,84,0
CUST-4269,57,89.33,5091.8099999999995,Month-to-month,Credit card,0,1,1,144,0
CUST-4270,53,26.47,1402.9099999999999,One Year,Mailed check,1,1,4,102,0
CUST-4271,59,84.14,4964.26,Month-to-month,Credit card,1,0,1,129,0
CUST-4272,55,105.47,5800.85,One Year,Electronic check,1,0,1,138,0
CUST-4273,4,57.86,231.44,Month-to-month,Electronic check,0,1,1,82,0
CUST-4274,1,50.78,50.78,One Year,Mailed check,0,1,2,106,1
CUST-4275,58,95.57,5543.0599999999995,Month-to-month,Credit card,0,1,4,48,1
CUST-4276,18,24.12,434.16,Month-to-month,Credit card,1,1,3,130,0
CUST-4277,59,80.49,4748.91,Month-to-month,Electronic check,1,1,1,61,1
CUST-4278,56,34.63,1939.2800000000002,Month-to-month,Mailed check,0,1,1,62,0
CUST-4279,18,78.36,1410.48,Month-to-month,Credit card,0,1,1,130,1
CUST-4280,57,98.57,5618.49,Month-to-month,Mailed check,0,0,4,87,0
CUST-4281,29,67.0,1943.0,Month-to-month,Electronic check,1,1,1,121,1
CUST-4282,61,64.19,3915.5899999999997,Month-to-month,Electronic check,1,1,1,82,0
CUST-4283,45,80.86,3638.7,Month-to-month,Mailed check,1,0,4,103,1
CUST-4284,53,99.94,5296.82,Month-to-month,Bank transfer,0,1,2,108,1
CUST-4285,32,117.55,3761.6,Month-to-month,Credit card,0,0,3,73,1
CUST-4286,28,91.26,2555.28,Month-to-month,Electronic check,0,1,0,114,1
CUST-4287,25,87.54,2188.5,Two Year,Bank transfer,1,0,3,83,0
CUST-4288,30,88.41,2652.2999999999997,One Year,Mailed check,0,0,0,112,0
CUST-4289,65,36.11,2347.15,Month-to-month,Electronic check,1,0,0,96,1
CUST-4290,25,106.27,2656.75,Month-to-month,Electronic check,0,1,1,82,1
CUST-4291,69,70.01,4830.6900000000005,Month-to-month,Credit card,0,0,0,132,0
CUST-4292,61,52.88,3225.6800000000003,Month-to-month,Electronic check,0,0,1,91,1
CUST-4293,32,114.68,3669.76,Month-to-month,Credit card,1,0,0,116,1
CUST-4294,24,31.36,752.64,Month-to-month,Electronic check,1,1,2,77,0
CUST-4295,51,65.61,3346.11,Month-to-month,Electronic check,1,1,2,111,1
CUST-4296,37,116.37,4305.6900000000005,Two Year,Mailed check,1,1,1,132,0
CUST-4297,3,117.56,352.68,One Year,Credit card,0,0,2,65,0
CUST-4298,65,32.28,2098.2000000000003,Month-to-month,Electronic check,0,0,3,85,1
CUST-4299,71,90.77,6444.67,One Year,Bank transfer,1,1,0,136,0
CUST-4300,71,54.01,3834.71,Month-to-month,Credit card,0,0,1,114,1
CUST-4301,68,48.99,3331.32,Two Year,Credit card,0,0,1,142,0
CUST-4302,52,101.81,5294.12,Month-to-month,Mailed check,0,0,1,129,0
CUST-4303,7,46.64,326.48,Two Year,Credit card,0,0,1,125,0
CUST-4304,30,85.48,2564.4,Month-to-month,Bank transfer,1,0,1,170,1
CUST-4305,51,75.75,3863.25,Two Year,Credit card,0,0,3,77,1
CUST-4306,2,60.51,121.02,Month-to-month,Electronic check,0,0,2,123,1
CUST-4307,62,42.13,2612.06,Two Year,Mailed check,0,0,1,119,0
CUST-4308,16,107.2,1715.2,Two Year,Mailed check,1,0,4,118,0
CUST-4309,59,93.0,5487.0,One Year,Electronic check,0,1,1,114,0
CUST-4310,2,84.76,169.52,Month-to-month,Bank transfer,0,1,0,95,1
CUST-4311,20,37.86,757.2,Two Year,Credit card,1,0,3,126,0
CUST-4312,24,57.67,1384.08,One Year,Mailed check,1,1,4,80,1
CUST-4313,51,85.02,4336.0199999999995,Month-to-month,Mailed check,0,1,2,101,0
CUST-4314,12,60.64,727.6800000000001,Month-to-month,Mailed check,1,1,1,95,0
CUST-4315,20,41.72,834.4,One Year,Credit card,0,1,2,89,0
CUST-4316,6,101.63,609.78,Month-to-month,Credit card,1,1,2,121,0
CUST-4317,54,21.07,1137.78,Month-to-month,Credit card,0,0,1,76,0
CUST-4318,30,20.91,627.3,One Year,Electronic check,0,1,1,54,1
CUST-4319,71,56.74,4028.54,Month-to-month,Bank transfer,0,0,3,125,1
CUST-4320,41,79.45,3257.4500000000003,One Year,Mailed check,0,0,1,113,0
CUST-4321,68,61.3,4168.4,One Year,Electronic check,0,0,2,100,1
CUST-4322,50,100.3,5015.0,Month-to-month,Electronic check,1,1,3,114,0
CUST-4323,18,70.43,1267.7400000000002,Month-to-month,Bank transfer,1,1,0,123,0
CUST-4324,47,53.93,2534.71,Month-to-month,Bank transfer,0,0,4,93,1
CUST-4325,23,87.6,2014.8,One Year,Electronic check,0,0,0,47,0
CUST-4326,16,87.7,1403.2,Two Year,Bank transfer,0,1,0,110,0
CUST-4327,59,108.71,6413.889999999999,Month-to-month,Bank transfer,0,1,0,69,0
CUST-4328,32,116.35,3723.2,Month-to-month,Electronic check,0,0,1,106,1
CUST-4329,60,59.34,3560.4,One Year,Credit card,0,0,0,57,1
CUST-4330,14,80.38,1125.32,Two Year,Credit card,0,1,2,65,0
CUST-4331,34,97.59,3318.06,Two Year,Electronic check,0,0,2,89,0
CUST-4332,72,65.61,4723.92,Month-to-month,Bank transfer,1,1,2,75,0
CUST-4333,42,102.15,4290.3,One Year,Electronic check,0,1,4,106,0
CUST-4334,30,75.67,2270.1,Month-to-month,Mailed check,0,0,2,106,1
CUST-4335,12,30.44,365.28000000000003,Month-to-month,Mailed check,1,0,2,130,1
CUST-4336,50,80.14,4007.0,Month-to-month,Electronic check,0,0,0,113,0
CUST-4337,15,114.31,1714.65,Month-to-month,Electronic check,1,0,2,115,0
CUST-4338,59,29.47,1738.73,Month-to-month,Electronic check,0,0,1,100,0
CUST-4339,67,88.36,5920.12,One Year,Electronic check,0,1,2,121,1
CUST-4340,50,112.9,5645.0,Month-to-month,Credit card,1,0,3,144,0
CUST-4341,39,107.46,4190.94,One Year,Electronic check,0,0,0,103,1
CUST-4342,3,48.31,144.93,Month-to-month,Mailed check,1,1,3,78,1
CUST-4343,2,100.34,200.68,Two Year,Electronic check,1,0,2,83,0
CUST-4344,65,107.2,6968.0,Month-to-month,Credit card,1,1,3,114,0
CUST-4345,37,89.94,3327.7799999999997,Month-to-month,Electronic check,1,1,3,78,0
CUST-4346,24,94.57,2269.68,Month-to-month,Mailed check,0,0,2,99,1
CUST-4347,19,88.97,1690.43,Month-to-month,Mailed check,1,0,0,105,0
CUST-4348,55,89.7,4933.5,Two Year,Credit card,0,0,2,77,0
CUST-4349,28,97.89,2740.92,Month-to-month,Electronic check,0,1,1,47,0
CUST-4350,4,99.84,399.36,Month-to-month,Bank transfer,0,1,0,105,1
CUST-4351,30,102.34,3070.2000000000003,Month-to-month,Mailed check,0,0,2,101,1
CUST-4352,24,111.26,2670.2400000000002,One Year,Electronic check,0,1,1,82,0
CUST-4353,32,49.24,1575.68,Month-to-month,Electronic check,0,0,2,74,1
CUST-4354,46,107.18,4930.280000000001,Month-to-month,Mailed check,1,1,2,101,0
CUST-4355,61,38.29,2335.69,Two Year,Credit card,1,0,1,122,0
CUST-4356,40,34.59,1383.6000000000001,Month-to-month,Mailed check,0,1,1,69,0
CUST-4357,57,96.14,5479.9800000000005,Two Year,Mailed check,1,1,0,142,0
CUST-4358,53,20.8,1102.4,Month-to-month,Mailed check,0,1,4,95,1
CUST-4359,13,23.31,303.03,Month-to-month,Mailed check,1,0,1,89,0
CUST-4360,55,91.74,5045.7,Month-to-month,Electronic check,1,1,3,99,0
CUST-4361,31,83.66,2593.46,Month-to-month,Mailed check,1,0,1,117,0
CUST-4362,69,104.88,7236.719999999999,Month-to-month,Electronic check,1,0,3,113,1
CUST-4363,5,36.26,181.29999999999998,Month-to-month,Mailed check,1,0,0,88,0
CUST-4364,23,117.42,2700.66,Month-to-month,Electronic check,1,0,3,97,1
CUST-4365,23,55.01,1265.23,Month-to-month,Electronic check,0,0,3,53,1
CUST-4366,67,99.1,6639.7,One Year,Bank transfer,1,1,3,110,0
CUST-4367,38,95.94,3645.72,Month-to-month,Credit card,0,0,0,116,1
CUST-4368,1,100.38,100.38,One Year,Mailed check,1,1,2,83,0
CUST-4369,21,85.02,1785.4199999999998,One Year,Electronic check,1,1,0,107,0
CUST-4370,3,111.35,334.04999999999995,Month-to-month,Electronic check,0,1,1,118,0
CUST-4371,1,101.83,101.83,Two Year,Mailed check,1,0,1,112,0
CUST-4372,63,117.86,7425.18,Month-to-month,Bank transfer,1,0,0,104,0
CUST-4373,37,70.68,2615.1600000000003,One Year,Electronic check,0,0,1,78,1
CUST-4374,55,56.64,3115.2,One Year,Electronic check,1,1,0,153,1
CUST-4375,24,64.92,1558.08,One Year,Mailed check,0,1,4,144,0
CUST-4376,46,108.8,5004.8,Month-to-month,Credit card,1,0,2,114,0
CUST-4377,34,117.81,4005.54,One Year,Credit card,0,0,3,95,0
CUST-4378,49,105.93,5190.570000000001,Month-to-month,Electronic check,0,1,2,102,0
CUST-4379,31,40.82,1265.42,One Year,Credit card,0,1,1,102,0
CUST-4380,8,57.4,459.2,Month-to-month,Electronic check,0,0,0,122,0
CUST-4381,22,60.99,1341.78,Month-to-month,Credit card,0,1,1,89,0
CUST-4382,6,67.59,405.54,One Year,Bank transfer,0,1,1,110,0
CUST-4383,53,53.4,2830.2,Two Year,Electronic check,1,1,2,106,0
CUST-4384,42,97.23,4083.6600000000003,Two Year,Electronic check,0,1,1,78,0
CUST-4385,61,118.58,7233.38,Month-to-month,Bank transfer,0,0,0,90,1
CUST-4386,21,59.32,1245.72,One Year,Electronic check,0,0,2,59,1
CUST-4387,13,61.59,800.6700000000001,One Year,Electronic check,0,1,2,105,1
CUST-4388,36,84.25,3033.0,Month-to-month,Electronic check,1,0,1,124,0
CUST-4389,72,119.43,8598.960000000001,Month-to-month,Electronic check,1,0,3,116,1
CUST-4390,69,70.08,4835.5199999999995,One Year,Bank transfer,0,0,1,129,0
CUST-4391,5,99.37,496.85,Month-to-month,Bank transfer,0,0,1,125,0
CUST-4392,17,24.54,417.18,Month-to-month,Bank transfer,0,0,1,76,1
CUST-4393,65,43.05,2798.25,Month-to-month,Mailed check,1,1,1,110,0
CUST-4394,67,47.36,3173.12,One Year,Electronic check,0,0,3,65,0
CUST-4395,17,79.18,1346.0600000000002,Month-to-month,Credit card,0,0,2,98,0
CUST-4396,8,52.99,423.92,One Year,Electronic check,1,0,1,112,0
CUST-4397,62,84.19,5219.78,Month-to-month,Electronic check,0,1,0,87,0
CUST-4398,51,96.82,4937.82,One Year,Electronic check,1,0,2,64,0
CUST-4399,43,53.05,2281.15,Month-to-month,Electronic check,0,0,3,100,1
CUST-4400,46,97.87,4502.02,Month-to-month,Mailed check,1,0,1,73,0
CUST-4401,65,119.97,7798.05,Two Year,Mailed check,0,1,1,77,0
CUST-4402,3,56.89,170.67000000000002,Month-to-month,Electronic check,0,0,0,93,1
CUST-4403,17,119.15,2025.5500000000002,Month-to-month,Electronic check,0,0,0,134,1
CUST-4404,72,91.55,6591.599999999999,Month-to-month,Bank transfer,0,0,0,65,0
CUST-4405,66,113.92,7518.72,Month-to-month,Bank transfer,0,1,6,66,1
CUST-4406,5,101.86,509.3,Two Year,Bank transfer,1,1,2,157,0
CUST-4407,53,83.0,4399.0,Month-to-month,Credit card,0,1,1,104,0
CUST-4408,40,55.46,2218.4,Month-to-month,Electronic check,0,1,0,86,1
CUST-4409,6,67.82,406.91999999999996,One Year,Mailed check,0,1,3,104,1
CUST-4410,21,43.36,910.56,One Year,Bank transfer,0,1,1,119,1
CUST-4411,53,81.92,4341.76,Two Year,Electronic check,0,1,2,100,0
CUST-4412,24,32.99,791.76,One Year,Bank transfer,0,1,2,92,0
CUST-4413,44,62.75,2761.0,Month-to-month,Credit card,0,0,5,75,1
CUST-4414,46,117.21,5391.66,One Year,Mailed check,1,0,0,106,0
CUST-4415,4,99.33,397.32,Month-to-month,Bank transfer,1,0,1,133,0
CUST-4416,13,64.59,839.6700000000001,Month-to-month,Electronic check,0,1,0,103,0
CUST-4417,31,24.1,747.1,Two Year,Mailed check,1,0,3,111,0
CUST-4418,51,50.08,2554.08,Month-to-month,Mailed check,1,0,1,126,0
CUST-4419,54,28.16,1520.64,Month-to-month,Electronic check,0,1,0,114,1
CUST-4420,20,105.7,2114.0,Two Year,Electronic check,1,1,1,78,0
CUST-4421,31,114.35,3544.85,Month-to-month,Mailed check,0,0,2,147,0
CUST-4422,42,66.07,2774.9399999999996,Two Year,Electronic check,1,0,1,109,0
CUST-4423,45,105.1,4729.5,Month-to-month,Mailed check,0,1,0,88,0
CUST-4424,59,80.06,4723.54,One Year,Electronic check,1,0,3,97,0
CUST-4425,40,113.03,4521.2,Month-to-month,Electronic check,1,0,1,125,0
CUST-4426,64,73.4,4697.6,One Year,Electronic check,1,1,4,99,0
CUST-4427,70,53.11,3717.7,Month-to-month,Electronic check,1,1,1,89,1
CUST-4428,71,69.69,4947.99,Two Year,Credit card,0,0,3,96,0
CUST-4429,29,41.96,1216.84,Month-to-month,Mailed check,0,0,2,95,0
CUST-4430,12,23.48,281.76,One Year,Electronic check,1,1,2,130,1
CUST-4431,15,109.01,1635.15,Two Year,Bank transfer,0,0,3,129,0
CUST-4432,4,115.44,461.76,Two Year,Credit card,0,0,0,56,0
CUST-4433,16,37.23,595.68,One Year,Electronic check,1,0,0,51,1
CUST-4434,52,42.85,2228.2000000000003,Month-to-month,Bank transfer,1,0,1,118,0
CUST-4435,30,40.33,1209.8999999999999,Two Year,Mailed check,0,0,0,53,0
CUST-4436,16,119.07,1905.12,Month-to-month,Electronic check,0,1,2,103,0
CUST-4437,49,117.28,5746.72,Month-to-month,Electronic check,1,0,2,112,1
CUST-4438,62,75.92,4707.04,Month-to-month,Mailed check,0,1,1,106,0
CUST-4439,47,46.1,2166.7000000000003,One Year,Bank transfer,1,0,3,113,1
CUST-4440,48,104.22,5002.5599999999995,Month-to-month,Mailed check,1,1,4,89,0
CUST-4441,34,43.81,1489.54,Month-to-month,Electronic check,1,1,3,123,0
CUST-4442,17,57.14,971.38,Month-to-month,Mailed check,1,1,1,73,1
CUST-4443,10,85.81,858.1,One Year,Bank transfer,0,1,0,85,0
CUST-4444,21,106.94,2245.74,Month-to-month,Mailed check,1,0,0,100,0
CUST-4445,47,104.26,4900.22,Month-to-month,Electronic check,0,0,1,109,1
CUST-4446,5,20.38,101.89999999999999,One Year,Electronic check,0,1,0,149,1
CUST-4447,50,51.1,2555.0,Month-to-month,Electronic check,0,0,0,107,1
CUST-4448,38,94.96,3608.4799999999996,Month-to-month,Mailed check,1,0,1,99,0
CUST-4449,33,76.22,2515.2599999999998,One Year,Credit card,1,1,3,65,0
CUST-4450,53,27.96,1481.88,Month-to-month,Bank transfer,0,0,3,83,1
CUST-4451,47,49.65,2333.5499999999997,Two Year,Electronic check,1,0,1,127,0
CUST-4452,9,102.81,925.29,Month-to-month,Electronic check,0,0,5,17,1
CUST-4453,51,100.28,5114.28,One Year,Mailed check,0,0,2,115,0
CUST-4454,25,92.59,2314.75,Month-to-month,Electronic check,1,1,4,121,1
CUST-4455,7,36.06,252.42000000000002,Two Year,Bank transfer,0,0,0,111,0
CUST-4456,6,25.49,152.94,Month-to-month,Electronic check,1,0,1,91,1
CUST-4457,31,21.09,653.79,Month-to-month,Bank transfer,0,0,1,82,0
CUST-4458,1,38.12,38.12,Month-to-month,Electronic check,0,1,1,61,1
CUST-4459,7,64.14,448.98,Month-to-month,Electronic check,0,1,1,56,0
CUST-4460,58,25.16,1459.28,Two Year,Electronic check,1,0,2,103,0
CUST-4461,1,22.95,22.95,One Year,Bank transfer,0,0,1,121,0
CUST-4462,2,74.15,148.3,Month-to-month,Bank transfer,1,1,1,65,1
CUST-4463,30,34.1,1023.0,Month-to-month,Electronic check,1,0,2,134,0
CUST-4464,5,72.8,364.0,One Year,Mailed check,1,1,3,113,1
CUST-4465,44,48.12,2117.2799999999997,Month-to-month,Mailed check,0,0,1,129,0
CUST-4466,10,110.01,1100.1000000000001,Month-to-month,Credit card,1,0,2,105,0
CUST-4467,71,20.8,1476.8,Month-to-month,Mailed check,0,0,0,114,0
CUST-4468,6,77.97,467.82,One Year,Credit card,0,1,1,120,0
CUST-4469,44,110.74,4872.5599999999995,Month-to-month,Electronic check,0,0,2,105,0
CUST-4470,12,76.93,923.1600000000001,Two Year,Electronic check,1,1,0,101,0
CUST-4471,32,30.31,969.92,Two Year,Bank transfer,1,0,1,93,0
CUST-4472,8,111.57,892.56,Month-to-month,Mailed check,0,1,4,93,1
CUST-4473,21,59.9,1257.8999999999999,Month-to-month,Electronic check,1,0,0,76,1
CUST-4474,3,63.73,191.19,Month-to-month,Electronic check,0,0,2,69,1
CUST-4475,49,48.02,2352.98,Month-to-month,Bank transfer,0,0,2,97,1
CUST-4476,16,42.49,679.84,Month-to-month,Mailed check,0,0,4,84,1
CUST-4477,57,92.79,5289.030000000001,Month-to-month,Bank transfer,1,1,1,93,0
CUST-4478,14,100.19,1402.6599999999999,Month-to-month,Electronic check,1,0,0,94,0
CUST-4479,13,58.46,759.98,One Year,Bank transfer,0,1,3,107,0
CUST-4480,68,55.21,3754.28,Month-to-month,Bank transfer,1,0,1,94,0
CUST-4481,9,34.5,310.5,One Year,Credit card,1,1,2,107,0
CUST-4482,71,61.83,4389.93,Month-to-month,Electronic check,1,0,2,109,1
CUST-4483,40,57.26,2290.4,One Year,Electronic check,1,0,1,80,0
CUST-4484,33,54.87,1810.7099999999998,One Year,Credit card,0,0,0,137,1
CUST-4485,32,52.28,1672.96,One Year,Bank transfer,0,0,2,64,1
CUST-4486,15,71.23,1068.45,Two Year,Bank transfer,1,1,1,137,0
CUST-4487,67,48.51,3250.17,One Year,Electronic check,1,1,1,66,0
CUST-4488,4,29.17,116.68,Month-to-month,Bank transfer,0,1,4,87,1
CUST-4489,57,64.19,3658.83,Two Year,Electronic check,0,0,1,110,0
CUST-4490,62,31.27,1938.74,One Year,Electronic check,0,1,3,124,0
CUST-4491,15,52.99,794.85,Month-to-month,Electronic check,0,1,5,61,0
CUST-4492,38,61.21,2325.98,One Year,Bank transfer,1,0,5,85,0
CUST-4493,9,41.82,376.38,Two Year,Electronic check,0,1,2,46,1
CUST-4494,9,97.88,880.92,Two Year,Electronic check,1,0,3,115,0
CUST-4495,14,114.45,1602.3,Month-to-month,Bank transfer,0,0,1,108,1
CUST-4496,31,114.92,3562.52,Month-to-month,Electronic check,0,1,1,89,0
CUST-4497,3,92.04,276.12,Two Year,Bank transfer,0,0,3,98,1
CUST-4498,71,62.27,4421.17,One Year,Mailed check,1,1,3,101,0
CUST-4499,6,30.95,185.7,Month-to-month,Electronic check,0,1,5,115,0
CUST-4500,8,59.71,477.68,Two Year,Electronic check,0,1,1,101,0
CUST-4501,11,84.75,932.25,Month-to-month,Electronic check,1,1,1,132,0
CUST-4502,41,82.5,3382.5,One Year,Electronic check,0,1,0,67,0
CUST-4503,41,116.55,4778.55,Two Year,Credit card,1,1,2,62,0
CUST-4504,21,26.34,553.14,Month-to-month,Bank transfer,0,0,2,97,1
CUST-4505,56,112.75,6314.0,Month-to-month,Credit card,1,0,1,110,0
CUST-4506,56,43.09,2413.04,Month-to-month,Bank transfer,1,0,0,52,1
CUST-4507,33,51.77,1708.41,Two Year,Credit card,0,1,1,88,0
CUST-4508,69,33.87,2337.0299999999997,Month-to-month,Credit card,1,0,2,115,0
CUST-4509,8,80.87,646.96,One Year,Mailed check,0,1,4,150,0
CUST-4510,50,49.0,2450.0,One Year,Mailed check,1,1,2,76,0
CUST-4511,72,35.94,2587.68,Month-to-month,Credit card,0,1,1,87,0
CUST-4512,50,72.52,3626.0,Month-to-month,Credit card,1,0,1,88,0
CUST-4513,18,44.34,798.1200000000001,Two Year,Credit card,1,1,1,104,0
CUST-4514,65,106.65,6932.25,Month-to-month,Mailed check,0,1,0,158,0
CUST-4515,37,65.3,2416.1,One Year,Electronic check,1,1,3,123,0
CUST-4516,11,113.51,1248.6100000000001,Two Year,Mailed check,0,0,0,69,0
CUST-4517,39,20.4,795.5999999999999,Month-to-month,Bank transfer,0,0,3,139,1
CUST-4518,45,96.24,4330.8,Month-to-month,Electronic check,0,1,3,85,0
CUST-4519,16,31.08,497.28,Two Year,Bank transfer,0,1,1,102,0
CUST-4520,51,21.18,1080.18,One Year,Electronic check,0,0,1,92,1
CUST-4521,39,52.89,2062.71,Month-to-month,Electronic check,1,0,3,127,1
CUST-4522,16,68.29,1092.64,Month-to-month,Bank transfer,1,0,4,112,0
CUST-4523,26,116.55,3030.2999999999997,One Year,Electronic check,0,0,2,75,1
CUST-4524,38,60.98,2317.24,One Year,Electronic check,0,1,3,106,1
CUST-4525,14,26.45,370.3,One Year,Electronic check,0,0,0,85,0
CUST-4526,69,93.36,6441.84,Month-to-month,Bank transfer,0,0,1,69,1
CUST-4527,53,96.03,5089.59,Two Year,Credit card,0,1,0,88,0
CUST-4528,62,58.97,3656.14,Month-to-month,Credit card,0,0,1,121,0
CUST-4529,65,110.51,7183.150000000001,Month-to-month,Electronic check,0,0,2,146,0
CUST-4530,37,77.67,2873.79,Month-to-month,Electronic check,1,1,2,116,0
CUST-4531,45,68.95,3102.75,Month-to-month,Electronic check,0,1,1,87,0
CUST-4532,3,58.35,175.05,Two Year,Bank transfer,1,1,1,110,0
CUST-4533,67,28.97,1940.99,Month-to-month,Electronic check,0,0,2,99,1
CUST-4534,42,43.92,1844.64,Month-to-month,Electronic check,0,0,4,129,1
CUST-4535,38,20.52,779.76,Two Year,Mailed check,0,0,3,134,0
CUST-4536,46,84.36,3880.56,Month-to-month,Electronic check,0,0,0,116,0
CUST-4537,71,25.46,1807.66,Month-to-month,Bank transfer,0,0,1,124,0
CUST-4538,60,50.18,3010.8,Month-to-month,Bank transfer,1,1,1,94,1
CUST-4539,72,97.63,7029.36,Two Year,Bank transfer,0,1,0,100,0
CUST-4540,24,54.46,1307.04,Month-to-month,Credit card,1,1,2,73,0
CUST-4541,42,107.68,4522.56,One Year,Bank transfer,0,0,3,99,0
CUST-4542,3,46.5,139.5,Month-to-month,Mailed check,0,1,0,99,0
CUST-4543,28,93.2,2609.6,Month-to-month,Credit card,0,1,3,67,0
CUST-4544,25,34.67,866.75,Month-to-month,Electronic check,0,0,1,144,0
CUST-4545,65,22.01,1430.65,One Year,Bank transfer,0,1,0,83,0
CUST-4546,8,67.31,538.48,Month-to-month,Credit card,0,0,2,129,1
CUST-4547,44,90.03,3961.32,One Year,Mailed check,1,1,1,112,0
CUST-4548,27,93.85,2533.95,Month-to-month,Credit card,0,0,2,70,1
CUST-4549,61,35.48,2164.2799999999997,Month-to-month,Electronic check,1,1,3,63,0
CUST-4550,13,81.59,1060.67,One Year,Mailed check,0,1,1,161,0
CUST-4551,29,102.45,2971.05,Month-to-month,Bank transfer,0,0,2,99,0
CUST-4552,16,66.01,1056.16,Month-to-month,Credit card,0,1,1,103,0
CUST-4553,53,95.74,5074.219999999999,Month-to-month,Credit card,1,0,2,95,0
CUST-4554,7,87.48,612.36,Two Year,Bank transfer,0,1,0,89,0
CUST-4555,47,74.0,3478.0,Two Year,Credit card,0,0,2,136,0
CUST-4556,66,28.0,1848.0,Two Year,Electronic check,0,0,4,103,0
CUST-4557,3,103.68,311.04,Two Year,Credit card,0,0,0,102,1
CUST-4558,50,97.95,4897.5,One Year,Electronic check,0,0,2,83,1
CUST-4559,47,62.67,2945.4900000000002,Month-to-month,Credit card,0,0,2,117,0
CUST-4560,62,50.45,3127.9,Month-to-month,Bank transfer,1,0,0,87,0
CUST-4561,57,31.68,1805.76,Two Year,Electronic check,0,1,3,69,1
CUST-4562,30,35.28,1058.4,Month-to-month,Credit card,0,1,2,77,0
CUST-4563,58,69.98,4058.84,Month-to-month,Mailed check,0,0,1,146,1
CUST-4564,4,105.64,422.56,One Year,Electronic check,1,0,0,84,1
CUST-4565,57,78.02,4447.139999999999,Month-to-month,Mailed check,0,1,1,113,0
CUST-4566,64,101.12,6471.68,One Year,Electronic check,0,1,1,87,0
CUST-4567,36,72.76,2619.36,Month-to-month,Electronic check,0,1,0,129,0
CUST-4568,63,113.75,7166.25,Month-to-month,Electronic check,1,0,2,107,0
CUST-4569,46,84.56,3889.76,One Year,Mailed check,0,1,0,91,0
CUST-4570,55,79.97,4398.35,Month-to-month,Electronic check,1,1,1,116,0
CUST-4571,18,27.97,503.46,One Year,Mailed check,1,1,2,72,0
CUST-4572,40,79.05,3162.0,Month-to-month,Electronic check,0,1,2,94,0
CUST-4573,66,48.72,3215.52,One Year,Electronic check,0,0,1,88,0
CUST-4574,43,105.66,4543.38,Month-to-month,Mailed check,0,1,0,89,0
CUST-4575,46,72.88,3352.4799999999996,Month-to-month,Mailed check,1,0,0,74,0
CUST-4576,57,67.96,3873.72,Month-to-month,Electronic check,1,1,3,96,1
CUST-4577,52,29.46,1531.92,One Year,Bank transfer,1,1,1,153,0
CUST-4578,35,74.48,2606.8,One Year,Mailed check,0,0,0,127,0
CUST-4579,45,26.01,1170.45,One Year,Credit card,0,1,1,142,0
CUST-4580,27,23.13,624.51,Month-to-month,Electronic check,0,1,1,107,0
CUST-4581,13,116.04,1508.52,Month-to-month,Credit card,1,0,1,81,0
CUST-4582,23,71.18,1637.14,Two Year,Mailed check,0,0,0,164,1
CUST-4583,46,99.21,4563.66,Month-to-month,Electronic check,0,0,0,106,1
CUST-4584,55,27.84,1531.2,Two Year,Credit card,0,1,0,92,0
CUST-4585,60,26.1,1566.0,One Year,Credit card,0,0,2,103,0
CUST-4586,64,63.99,4095.36,Month-to-month,Electronic check,1,0,1,100,1
CUST-4587,42,119.08,5001.36,Two Year,Electronic check,1,1,4,62,0
CUST-4588,40,91.62,3664.8,Two Year,Credit card,1,0,1,147,0
CUST-4589,9,70.11,630.99,Two Year,Credit card,1,1,1,87,0
CUST-4590,32,103.9,3324.8,Two Year,Electronic check,0,1,3,84,1
CUST-4591,15,31.16,467.4,One Year,Mailed check,1,1,2,77,0
CUST-4592,23,115.31,2652.13,One Year,Mailed check,0,0,1,110,0
CUST-4593,32,62.98,2015.36,One Year,Credit card,1,0,0,143,0
CUST-4594,45,81.71,3676.95,Month-to-month,Mailed check,1,1,0,123,0
CUST-4595,50,109.66,5483.0,Month-to-month,Credit card,1,1,0,60,1
CUST-4596,29,50.21,1456.09,Month-to-month,Mailed check,0,1,1,118,0
CUST-4597,36,108.04,3889.44,Two Year,Electronic check,0,0,1,65,0
CUST-4598,64,102.9,6585.6,One Year,Electronic check,1,1,3,57,1
CUST-4599,8,32.95,263.6,Month-to-month,Bank transfer,0,1,4,85,1
CUST-4600,60,77.9,4674.0,Month-to-month,Credit card,1,0,3,109,1
CUST-4601,39,73.59,2870.01,Month-to-month,Mailed check,0,0,0,87,1
CUST-4602,50,53.18,2659.0,Two Year,Bank transfer,1,1,3,71,0
CUST-4603,44,71.7,3154.8,One Year,Credit card,0,1,0,83,0
CUST-4604,21,86.76,1821.96,Month-to-month,Electronic check,0,1,2,111,0
CUST-4605,41,101.18,4148.38,Month-to-month,Electronic check,0,0,1,118,0
CUST-4606,28,65.37,1830.3600000000001,One Year,Mailed check,0,0,1,134,0
CUST-4607,5,108.5,542.5,One Year,Mailed check,0,1,0,81,1
CUST-4608,30,40.55,1216.5,Month-to-month,Electronic check,0,1,2,115,1
CUST-4609,13,33.42,434.46000000000004,Month-to-month,Mailed check,0,0,0,135,1
CUST-4610,23,76.5,1759.5,Month-to-month,Electronic check,1,1,2,113,0
CUST-4611,49,77.01,3773.4900000000002,Month-to-month,Mailed check,1,0,1,103,0
CUST-4612,24,55.54,1332.96,Month-to-month,Electronic check,1,0,2,102,0
CUST-4613,2,115.57,231.14,Month-to-month,Electronic check,1,1,2,123,0
CUST-4614,37,73.16,2706.92,Month-to-month,Bank transfer,0,0,3,57,0
CUST-4615,21,113.07,2374.47,One Year,Bank transfer,1,1,0,106,0
CUST-4616,38,64.13,2436.9399999999996,Two Year,Bank transfer,1,0,1,139,0
CUST-4617,45,109.07,4908.15,Two Year,Electronic check,0,0,4,108,0
CUST-4618,6,88.59,531.54,One Year,Credit card,1,1,3,102,0
CUST-4619,23,20.37,468.51000000000005,Two Year,Electronic check,1,0,1,93,0
CUST-4620,30,30.1,903.0,Month-to-month,Credit card,1,0,2,102,0
CUST-4621,62,32.94,2042.2799999999997,Month-to-month,Mailed check,1,1,3,73,0
CUST-4622,40,113.14,4525.6,One Year,Mailed check,1,0,1,100,0
CUST-4623,33,39.76,1312.08,One Year,Electronic check,0,1,0,91,0
CUST-4624,64,62.85,4022.4,Month-to-month,Electronic check,0,1,2,89,0
CUST-4625,59,95.2,5616.8,Month-to-month,Electronic check,0,1,3,90,1
CUST-4626,40,105.31,4212.4,One Year,Bank transfer,0,1,0,164,0
CUST-4627,71,53.69,3811.99,Month-to-month,Bank transfer,0,1,1,116,0
CUST-4628,39,43.62,1701.1799999999998,One Year,Mailed check,0,1,2,47,0
CUST-4629,18,26.51,477.18,Month-to-month,Credit card,1,1,0,94,1
CUST-4630,11,76.95,846.45,Two Year,Electronic check,1,0,1,111,1
CUST-4631,37,85.9,3178.3,One Year,Bank transfer,0,1,1,113,0
CUST-4632,57,71.8,4092.6,Month-to-month,Credit card,0,0,1,103,0
CUST-4633,42,114.95,4827.900000000001,Month-to-month,Electronic check,1,0,3,87,0
CUST-4634,59,63.23,3730.5699999999997,One Year,Credit card,1,1,2,136,0
CUST-4635,54,37.67,2034.18,Month-to-month,Bank transfer,0,0,2,127,0
CUST-4636,11,75.47,830.17,Month-to-month,Electronic check,0,1,1,104,1
CUST-4637,29,82.24,2384.96,Month-to-month,Mailed check,1,0,2,109,1
CUST-4638,31,89.07,2761.1699999999996,Month-to-month,Electronic check,0,1,2,143,1
CUST-4639,23,98.79,2272.17,Two Year,Credit card,0,0,1,93,0
CUST-4640,32,102.77,3288.64,Month-to-month,Credit card,0,1,1,136,1
CUST-4641,46,49.54,2278.84,Two Year,Mailed check,1,1,0,98,0
CUST-4642,36,101.05,3637.7999999999997,Month-to-month,Electronic check,1,1,2,80,0
CUST-4643,30,53.69,1610.6999999999998,Two Year,Credit card,0,1,0,51,0
CUST-4644,10,79.81,798.1,Month-to-month,Mailed check,0,0,1,85,0
CUST-4645,48,84.37,4049.76,Month-to-month,Credit card,1,1,2,129,0
CUST-4646,57,75.53,4305.21,Month-to-month,Mailed check,1,0,1,114,0
CUST-4647,68,111.48,7580.64,One Year,Electronic check,1,0,5,114,1
CUST-4648,54,58.09,3136.86,Month-to-month,Bank transfer,1,1,1,110,1
CUST-4649,33,67.42,2224.86,One Year,Electronic check,1,0,2,96,0
CUST-4650,10,76.43,764.3000000000001,Month-to-month,Mailed check,0,0,0,99,1
CUST-4651,26,30.44,791.44,Month-to-month,Bank transfer,0,1,1,120,0
CUST-4652,39,109.58,4273.62,Month-to-month,Electronic check,1,0,1,79,0
CUST-4653,64,67.44,4316.16,One Year,Mailed check,0,0,0,119,0
CUST-4654,28,71.66,2006.48,Month-to-month,Credit card,0,0,1,111,0
CUST-4655,64,84.71,5421.44,One Year,Credit card,0,0,4,86,0
CUST-4656,12,55.54,666.48,One Year,Electronic check,1,1,1,65,0
CUST-4657,25,86.0,2150.0,Month-to-month,Bank transfer,0,1,1,97,1
CUST-4658,49,94.94,4652.0599999999995,Month-to-month,Credit card,0,0,3,125,1
CUST-4659,11,113.38,1247.1799999999998,Month-to-month,Bank transfer,0,0,1,108,1
CUST-4660,48,69.11,3317.2799999999997,Month-to-month,Mailed check,1,0,2,135,0
CUST-4661,15,39.15,587.25,Month-to-month,Electronic check,1,1,1,100,1
CUST-4662,29,20.99,608.7099999999999,Month-to-month,Electronic check,1,1,0,79,0
CUST-4663,37,89.25,3302.25,Month-to-month,Electronic check,1,1,1,110,0
CUST-4664,50,28.4,1420.0,Two Year,Electronic check,0,1,2,109,0
CUST-4665,30,95.17,2855.1,One Year,Electronic check,0,0,0,123,1
CUST-4666,68,73.59,5004.12,Month-to-month,Mailed check,0,0,3,100,0
CUST-4667,62,58.02,3597.2400000000002,Month-to-month,Electronic check,0,0,0,105,1
CUST-4668,33,83.88,2768.04,One Year,Electronic check,1,1,0,104,0
CUST-4669,70,79.99,5599.299999999999,Month-to-month,Electronic check,1,1,0,67,0
CUST-4670,69,50.55,3487.95,Month-to-month,Bank transfer,0,1,1,67,0
CUST-4671,60,77.36,4641.6,One Year,Mailed check,1,1,6,135,1
CUST-4672,45,96.97,4363.65,Month-to-month,Bank transfer,0,0,3,71,1
CUST-4673,1,62.47,62.47,Month-to-month,Bank transfer,0,0,2,96,0
CUST-4674,19,55.66,1057.54,Month-to-month,Mailed check,0,1,1,94,0
CUST-4675,46,115.34,5305.64,One Year,Electronic check,0,0,0,142,0
CUST-4676,70,104.12,7288.400000000001,One Year,Credit card,0,1,2,60,0
CUST-4677,49,62.63,3068.8700000000003,Two Year,Credit card,0,0,1,84,0
CUST-4678,55,60.75,3341.25,Month-to-month,Bank transfer,1,1,3,102,1
CUST-4679,41,29.77,1220.57,Month-to-month,Bank transfer,1,1,0,114,0
CUST-4680,29,110.83,3214.07,Month-to-month,Electronic check,1,0,1,79,1
CUST-4681,21,60.33,1266.93,One Year,Credit card,0,0,2,124,1
CUST-4682,6,34.6,207.60000000000002,One Year,Electronic check,1,1,4,93,0
CUST-4683,13,32.2,418.6,One Year,Electronic check,1,0,2,100,0
CUST-4684,9,87.33,785.97,Month-to-month,Bank transfer,1,0,2,107,0
CUST-4685,31,66.13,2050.0299999999997,One Year,Mailed check,0,1,0,109,1
CUST-4686,41,101.73,4170.93,Month-to-month,Credit card,0,1,3,95,1
CUST-4687,50,82.23,4111.5,Two Year,Mailed check,0,0,2,70,0
CUST-4688,1,89.31,89.31,Month-to-month,Bank transfer,0,0,0,108,1
CUST-4689,17,105.57,1794.6899999999998,One Year,Electronic check,1,1,2,113,1
CUST-4690,42,59.98,2519.16,Two Year,Mailed check,1,1,0,133,0
CUST-4691,31,55.49,1720.19,Month-to-month,Credit card,0,0,0,111,1
CUST-4692,36,62.97,2266.92,One Year,Bank transfer,1,0,3,88,1
CUST-4693,33,77.36,2552.88,Two Year,Electronic check,1,1,1,76,0
CUST-4694,13,86.59,1125.67,Two Year,Bank transfer,0,0,2,112,0
CUST-4695,54,119.65,6461.1,Two Year,Electronic check,1,1,1,77,0
CUST-4696,72,107.32,7727.039999999999,Month-to-month,Credit card,1,0,1,80,0
CUST-4697,12,115.74,1388.8799999999999,Month-to-month,Electronic check,1,0,2,105,0
CUST-4698,38,100.12,3804.5600000000004,Two Year,Mailed check,1,1,2,117,0
CUST-4699,18,116.75,2101.5,Two Year,Mailed check,0,0,4,117,0
CUST-4700,45,112.9,5080.5,One Year,Electronic check,1,1,2,113,0
CUST-4701,42,99.5,4179.0,One Year,Credit card,1,1,1,113,0
CUST-4702,52,75.02,3901.04,Month-to-month,Bank transfer,0,0,2,79,0
CUST-4703,4,51.84,207.36,Month-to-month,Credit card,1,0,1,89,0
CUST-4704,64,72.45,4636.8,Month-to-month,Electronic check,0,1,1,123,0
CUST-4705,69,24.56,1694.6399999999999,One Year,Credit card,0,0,2,88,1
CUST-4706,55,63.95,3517.25,Month-to-month,Mailed check,1,1,2,146,0
CUST-4707,44,117.28,5160.32,Month-to-month,Bank transfer,0,0,3,143,0
CUST-4708,60,41.06,2463.6000000000004,Month-to-month,Electronic check,1,0,4,84,1
CUST-4709,64,30.08,1925.12,Month-to-month,Bank transfer,0,1,2,116,0
CUST-4710,26,52.34,1360.8400000000001,Month-to-month,Credit card,0,0,1,122,1
CUST-4711,11,90.92,1000.12,One Year,Bank transfer,1,0,2,128,0
CUST-4712,42,53.12,2231.04,One Year,Bank transfer,0,0,1,110,0
CUST-4713,2,96.86,193.72,Two Year,Electronic check,0,1,2,70,1
CUST-4714,16,74.33,1189.28,Month-to-month,Electronic check,0,0,0,78,1
CUST-4715,69,74.38,5132.219999999999,Two Year,Credit card,1,0,2,99,0
CUST-4716,71,86.46,6138.66,One Year,Credit card,1,0,0,100,0
CUST-4717,38,45.13,1714.94,One Year,Mailed check,0,0,2,109,0
CUST-4718,7,21.95,153.65,Two Year,Bank transfer,0,1,3,99,0
CUST-4719,45,43.75,1968.75,Month-to-month,Mailed check,0,0,0,103,0
CUST-4720,56,95.05,5322.8,Month-to-month,Mailed check,0,0,2,115,0
CUST-4721,29,118.34,3431.86,One Year,Electronic check,0,0,1,102,1
CUST-4722,72,92.03,6626.16,Two Year,Mailed check,0,1,2,126,0
CUST-4723,11,34.4,378.4,One Year,Mailed check,1,0,3,75,1
CUST-4724,67,61.07,4091.69,Month-to-month,Credit card,1,1,2,107,0
CUST-4725,63,49.24,3102.1200000000003,Two Year,Mailed check,1,1,3,115,0
CUST-4726,32,101.83,3258.56,Month-to-month,Electronic check,0,0,1,102,0
CUST-4727,46,56.88,2616.48,Month-to-month,Bank transfer,0,0,2,149,1
CUST-4728,47,58.19,2734.93,Month-to-month,Electronic check,1,1,1,86,1
CUST-4729,37,34.18,1264.66,One Year,Electronic check,0,1,2,104,0
CUST-4730,34,54.37,1848.58,Two Year,Electronic check,0,0,1,121,0
CUST-4731,71,43.95,3120.4500000000003,Two Year,Electronic check,0,0,2,110,0
CUST-4732,42,71.15,2988.3,Month-to-month,Electronic check,0,0,1,42,1
CUST-4733,71,64.71,4594.41,Two Year,Mailed check,1,1,1,79,0
CUST-4734,21,87.23,1831.8300000000002,Month-to-month,Electronic check,1,0,2,108,0
CUST-4735,65,25.26,1641.9,Month-to-month,Mailed check,0,1,0,114,0
CUST-4736,25,51.56,1289.0,Two Year,Bank transfer,0,1,3,70,0
CUST-4737,59,81.79,4825.610000000001,One Year,Credit card,1,1,3,110,0
CUST-4738,4,75.79,303.16,One Year,Electronic check,0,1,2,92,0
CUST-4739,50,22.47,1123.5,Month-to-month,Bank transfer,1,1,1,69,0
CUST-4740,17,74.82,1271.9399999999998,Two Year,Mailed check,0,1,2,49,0
CUST-4741,32,35.48,1135.36,Month-to-month,Credit card,0,1,2,79,0
CUST-4742,51,43.58,2222.58,Month-to-month,Electronic check,1,1,2,99,0
CUST-4743,36,89.96,3238.56,Two Year,Electronic check,1,1,1,116,0
CUST-4744,48,38.03,1825.44,Two Year,Credit card,1,1,3,106,0
CUST-4745,45,89.12,4010.4,Month-to-month,Credit card,0,1,1,86,0
CUST-4746,46,69.59,3201.1400000000003,One Year,Credit card,0,0,2,98,0
CUST-4747,2,32.84,65.68,One Year,Bank transfer,0,1,1,76,0
CUST-4748,27,57.85,1561.95,Two Year,Electronic check,1,1,1,113,0
CUST-4749,13,46.3,601.9,Two Year,Electronic check,0,0,5,62,1
CUST-4750,72,45.97,3309.84,Month-to-month,Credit card,0,0,0,136,0
CUST-4751,22,85.88,1889.36,One Year,Credit card,0,0,2,118,0
CUST-4752,65,68.36,4443.4,Month-to-month,Credit card,1,0,0,85,0
CUST-4753,48,72.34,3472.32,Two Year,Bank transfer,0,1,4,89,0
CUST-4754,36,89.12,3208.32,One Year,Mailed check,1,1,1,55,0
CUST-4755,62,119.71,7422.0199999999995,Month-to-month,Mailed check,0,1,3,64,0
CUST-4756,62,22.09,1369.58,Month-to-month,Bank transfer,1,1,0,75,0
CUST-4757,59,42.06,2481.54,One Year,Electronic check,0,0,0,44,0
CUST-4758,33,66.2,2184.6,Month-to-month,Electronic check,1,1,2,86,0
CUST-4759,57,50.28,2865.96,Month-to-month,Mailed check,1,1,4,100,1
CUST-4760,33,93.54,3086.82,One Year,Bank transfer,0,1,2,118,0
CUST-4761,12,111.83,1341.96,Month-to-month,Electronic check,0,0,0,88,0
CUST-4762,35,43.97,1538.95,One Year,Electronic check,0,1,1,114,0
CUST-4763,59,88.77,5237.429999999999,One Year,Mailed check,0,1,2,122,0
CUST-4764,70,103.29,7230.3,Month-to-month,Credit card,0,0,1,129,0
CUST-4765,31,110.42,3423.02,Month-to-month,Electronic check,1,1,2,77,0
CUST-4766,58,110.87,6430.46,Month-to-month,Electronic check,0,0,1,141,1
CUST-4767,65,86.88,5647.2,One Year,Bank transfer,1,1,2,71,0
CUST-4768,46,54.15,2490.9,One Year,Bank transfer,1,1,0,112,0
CUST-4769,41,41.19,1688.79,Month-to-month,Credit card,0,1,2,111,0
CUST-4770,52,42.39,2204.28,Month-to-month,Electronic check,1,1,1,71,1
CUST-4771,34,109.72,3730.48,Month-to-month,Bank transfer,1,1,0,87,0
CUST-4772,35,106.91,3741.85,Two Year,Electronic check,0,0,2,100,0
CUST-4773,35,49.72,1740.2,Month-to-month,Electronic check,1,0,1,74,1
CUST-4774,28,113.09,3166.52,Two Year,Credit card,0,0,6,74,0
CUST-4775,49,54.99,2694.51,One Year,Credit card,0,0,2,100,0
CUST-4776,58,103.74,6016.92,One Year,Credit card,0,0,2,123,1
CUST-4777,68,39.16,2662.8799999999997,One Year,Electronic check,1,0,1,114,0
CUST-4778,3,55.54,166.62,One Year,Electronic check,0,1,1,66,0
CUST-4779,27,79.86,2156.22,Two Year,Electronic check,0,1,0,84,0
CUST-4780,70,26.24,1836.8,One Year,Mailed check,1,0,1,39,0
CUST-4781,27,107.53,2903.31,One Year,Electronic check,1,1,1,83,0
CUST-4782,58,64.34,3731.7200000000003,Month-to-month,Electronic check,0,0,1,99,0
CUST-4783,21,118.55,2489.5499999999997,Month-to-month,Credit card,0,0,2,78,1
CUST-4784,39,21.14,824.46,Month-to-month,Electronic check,1,0,2,125,0
CUST-4785,69,33.95,2342.55,Month-to-month,Electronic check,1,0,2,122,1
CUST-4786,58,47.49,2754.42,Month-to-month,Electronic check,0,1,0,66,0
CUST-4787,40,34.29,1371.6,Month-to-month,Electronic check,1,1,1,45,1
CUST-4788,62,107.23,6648.26,One Year,Bank transfer,0,0,1,66,0
CUST-4789,15,20.89,313.35,Month-to-month,Electronic check,0,1,2,92,0
CUST-4790,33,84.87,2800.71,Month-to-month,Electronic check,1,0,1,92,0
CUST-4791,50,59.12,2956.0,One Year,Credit card,0,1,4,106,1
CUST-4792,12,24.56,294.71999999999997,One Year,Mailed check,1,0,1,147,1
CUST-4793,41,33.17,1359.97,Two Year,Bank transfer,0,1,2,71,0
CUST-4794,64,118.16,7562.24,Two Year,Electronic check,0,1,2,103,0
CUST-4795,60,112.34,6740.400000000001,Month-to-month,Bank transfer,1,1,0,123,0
CUST-4796,8,23.1,184.8,Month-to-month,Bank transfer,0,0,1,94,0
CUST-4797,8,31.12,248.96,Month-to-month,Bank transfer,0,0,2,117,1
CUST-4798,21,45.41,953.6099999999999,Month-to-month,Electronic check,0,0,0,106,0
CUST-4799,51,28.77,1467.27,Two Year,Mailed check,1,0,0,139,0
CUST-4800,35,93.31,3265.85,One Year,Bank transfer,0,1,2,107,0
CUST-4801,57,79.7,4542.900000000001,Month-to-month,Credit card,1,0,1,71,1
CUST-4802,52,54.11,2813.72,Two Year,Credit card,0,0,2,77,0
CUST-4803,32,76.64,2452.48,One Year,Credit card,1,0,2,58,0
CUST-4804,40,49.3,1972.0,One Year,Electronic check,0,1,2,101,0
CUST-4805,67,33.2,2224.4,One Year,Electronic check,0,1,1,110,0
CUST-4806,67,106.27,7120.09,One Year,Electronic check,1,0,1,122,0
CUST-4807,61,31.45,1918.45,Two Year,Mailed check,0,1,1,119,0
CUST-4808,36,84.94,3057.84,Two Year,Bank transfer,1,1,1,115,0
CUST-4809,66,96.47,6367.0199999999995,Month-to-month,Credit card,0,1,0,85,1
CUST-4810,32,97.32,3114.24,Month-to-month,Credit card,1,1,1,89,0
CUST-4811,23,94.81,2180.63,Month-to-month,Bank transfer,0,1,1,127,0
CUST-4812,13,40.47,526.11,Two Year,Electronic check,0,0,1,80,1
CUST-4813,52,45.05,2342.6,Month-to-month,Mailed check,1,1,0,96,1
CUST-4814,60,38.53,2311.8,Month-to-month,Credit card,0,1,2,110,0
CUST-4815,36,90.42,3255.12,Month-to-month,Bank transfer,0,1,0,121,1
CUST-4816,31,120.0,3720.0,One Year,Credit card,1,0,0,85,1
CUST-4817,62,113.72,7050.64,Month-to-month,Electronic check,1,0,2,156,0
CUST-4818,25,23.82,595.5,Two Year,Credit card,1,0,2,55,0
CUST-4819,46,82.39,3789.94,Month-to-month,Credit card,0,0,2,89,1
CUST-4820,4,60.46,241.84,Month-to-month,Credit card,0,1,1,106,1
CUST-4821,50,53.05,2652.5,Month-to-month,Mailed check,0,1,3,127,0
CUST-4822,15,115.87,1738.0500000000002,Month-to-month,Electronic check,1,1,1,118,0
CUST-4823,46,73.96,3402.16,Two Year,Electronic check,1,1,2,120,0
CUST-4824,16,94.01,1504.16,One Year,Mailed check,1,0,2,124,0
CUST-4825,59,89.2,5262.8,Two Year,Mailed check,0,0,2,95,0
CUST-4826,9,81.47,733.23,Month-to-month,Bank transfer,0,1,2,72,0
CUST-4827,13,72.23,938.99,Month-to-month,Electronic check,1,0,2,74,0
CUST-4828,62,56.87,3525.94,Month-to-month,Electronic check,1,0,1,90,0
CUST-4829,3,79.9,239.70000000000002,Two Year,Electronic check,0,1,1,72,1
CUST-4830,39,61.78,2409.42,Month-to-month,Bank transfer,0,1,1,75,1
CUST-4831,57,102.92,5866.4400000000005,Month-to-month,Credit card,1,0,4,83,1
CUST-4832,57,73.73,4202.610000000001,Month-to-month,Bank transfer,1,1,2,42,0
CUST-4833,9,55.48,499.32,Month-to-month,Mailed check,0,1,5,81,0
CUST-4834,27,42.77,1154.7900000000002,Two Year,Electronic check,0,0,2,85,0
CUST-4835,63,24.48,1542.24,Month-to-month,Mailed check,0,0,2,60,0
CUST-4836,62,47.89,2969.18,Two Year,Credit card,0,1,0,71,0
CUST-4837,53,82.8,4388.4,Month-to-month,Credit card,0,1,2,125,0
CUST-4838,9,76.59,689.3100000000001,Month-to-month,Credit card,0,1,1,114,0
CUST-4839,12,64.08,768.96,Two Year,Mailed check,1,0,0,79,0
CUST-4840,5,54.79,273.95,One Year,Electronic check,1,1,1,124,0
CUST-4841,4,44.17,176.68,One Year,Electronic check,0,1,2,119,1
CUST-4842,22,60.67,1334.74,One Year,Electronic check,1,0,1,95,0
CUST-4843,60,87.5,5250.0,Month-to-month,Electronic check,0,1,0,94,0
CUST-4844,15,88.71,1330.6499999999999,Month-to-month,Credit card,0,1,2,131,0
CUST-4845,44,23.04,1013.76,Month-to-month,Bank transfer,1,1,1,79,0
CUST-4846,70,66.11,4627.7,Two Year,Credit card,0,0,1,155,0
CUST-4847,23,85.42,1964.66,Month-to-month,Electronic check,1,0,2,126,0
CUST-4848,19,84.5,1605.5,Month-to-month,Electronic check,0,0,2,94,0
CUST-4849,53,97.44,5164.32,One Year,Electronic check,0,1,2,68,0
CUST-4850,12,38.24,458.88,Month-to-month,Bank transfer,0,1,2,107,0
CUST-4851,64,65.58,4197.12,Month-to-month,Credit card,1,1,2,132,0
CUST-4852,56,65.81,3685.36,Month-to-month,Electronic check,1,0,1,103,0
CUST-4853,8,57.84,462.72,Month-to-month,Bank transfer,0,0,0,74,1
CUST-4854,16,98.55,1576.8,One Year,Electronic check,1,0,0,60,0
CUST-4855,25,22.07,551.75,One Year,Bank transfer,0,0,3,144,1
CUST-4856,3,50.41,151.23,Month-to-month,Electronic check,1,1,3,150,0
CUST-4857,9,41.27,371.43,Month-to-month,Electronic check,1,0,2,128,0
CUST-4858,32,73.24,2343.68,One Year,Credit card,1,0,1,138,0
CUST-4859,67,105.11,7042.37,Month-to-month,Electronic check,0,1,2,125,0
CUST-4860,27,32.57,879.39,Month-to-month,Electronic check,0,0,1,114,1
CUST-4861,7,60.49,423.43,One Year,Bank transfer,0,0,2,146,0
CUST-4862,22,82.02,1804.4399999999998,One Year,Credit card,1,1,2,67,0
CUST-4863,44,63.82,2808.08,Two Year,Electronic check,1,1,1,87,0
CUST-4864,18,115.45,2078.1,Month-to-month,Electronic check,1,0,1,90,1
CUST-4865,40,79.85,3194.0,Month-to-month,Mailed check,0,1,2,80,1
CUST-4866,30,73.69,2210.7,Month-to-month,Mailed check,0,1,2,90,0
CUST-4867,17,104.49,1776.33,One Year,Bank transfer,1,0,6,92,0
CUST-4868,36,32.15,1157.3999999999999,Month-to-month,Electronic check,1,0,3,89,1
CUST-4869,22,51.35,1129.7,Month-to-month,Electronic check,0,0,1,82,1
CUST-4870,16,103.24,1651.84,One Year,Bank transfer,0,0,1,57,1
CUST-4871,53,20.64,1093.92,Month-to-month,Bank transfer,0,0,1,108,0
CUST-4872,22,98.96,2177.12,One Year,Mailed check,0,1,0,110,0
CUST-4873,45,100.97,4543.65,One Year,Credit card,1,0,0,85,0
CUST-4874,52,82.31,4280.12,Month-to-month,Electronic check,1,1,2,45,0
CUST-4875,48,94.98,4559.04,Two Year,Bank transfer,0,0,0,96,0
CUST-4876,69,30.63,2113.47,Month-to-month,Credit card,1,1,1,104,0
CUST-4877,35,34.69,1214.1499999999999,Two Year,Bank transfer,1,1,0,67,0
CUST-4878,46,76.75,3530.5,Month-to-month,Electronic check,0,0,3,94,1
CUST-4879,3,100.38,301.14,Month-to-month,Mailed check,0,0,1,54,1
CUST-4880,20,88.61,1772.2,Month-to-month,Bank transfer,0,1,1,109,1
CUST-4881,34,94.2,3202.8,Month-to-month,Electronic check,0,0,0,140,0
CUST-4882,12,40.51,486.12,Month-to-month,Mailed check,1,0,0,111,0
CUST-4883,56,97.74,5473.44,Two Year,Electronic check,1,1,0,89,0
CUST-4884,17,80.13,1362.21,Month-to-month,Electronic check,1,1,3,116,1
CUST-4885,49,90.08,4413.92,One Year,Credit card,1,1,1,137,0
CUST-4886,52,104.31,5424.12,Two Year,Electronic check,1,1,3,117,0
CUST-4887,54,98.91,5341.139999999999,Month-to-month,Electronic check,1,0,1,103,0
CUST-4888,28,85.12,2383.36,One Year,Electronic check,0,0,2,90,1
CUST-4889,53,44.23,2344.19,Month-to-month,Credit card,1,0,3,85,1
CUST-4890,45,71.04,3196.8,Month-to-month,Bank transfer,1,0,0,92,0
CUST-4891,68,52.57,3574.76,Two Year,Bank transfer,1,1,1,65,0
CUST-4892,20,76.51,1530.2,Month-to-month,Electronic check,1,1,2,123,1
CUST-4893,33,94.28,3111.2400000000002,Month-to-month,Electronic check,1,0,0,76,0
CUST-4894,60,79.56,4773.6,Month-to-month,Mailed check,1,0,1,67,0
CUST-4895,24,41.9,1005.5999999999999,One Year,Mailed check,0,0,1,46,1
CUST-4896,22,91.57,2014.54,One Year,Credit card,0,1,0,137,0
CUST-4897,22,98.31,2162.82,Month-to-month,Electronic check,1,0,1,118,0
CUST-4898,72,114.77,8263.44,Month-to-month,Electronic check,1,0,0,92,0
CUST-4899,46,39.15,1800.8999999999999,Month-to-month,Credit card,0,0,0,118,1
CUST-4900,12,48.56,582.72,Month-to-month,Bank transfer,0,1,2,61,1
CUST-4901,59,26.51,1564.0900000000001,Month-to-month,Electronic check,1,0,0,102,0
CUST-4902,72,43.7,3146.4,Month-to-month,Credit card,1,1,1,64,0
CUST-4903,30,58.91,1767.3,Two Year,Mailed check,0,0,0,92,1
CUST-4904,56,115.71,6479.759999999999,Month-to-month,Bank transfer,1,1,2,97,0
CUST-4905,7,38.83,271.81,Month-to-month,Electronic check,0,0,1,82,1
CUST-4906,21,72.78,1528.38,Month-to-month,Mailed check,0,1,3,110,0
CUST-4907,61,77.61,4734.21,Month-to-month,Bank transfer,1,0,1,76,0
CUST-4908,40,60.54,2421.6,Month-to-month,Mailed check,1,0,2,112,0
CUST-4909,1,99.74,99.74,Month-to-month,Credit card,0,0,3,103,1
CUST-4910,64,94.96,6077.44,Month-to-month,Electronic check,1,0,1,74,1
CUST-4911,55,31.15,1713.25,Month-to-month,Credit card,1,0,2,101,0
CUST-4912,18,61.77,1111.8600000000001,One Year,Mailed check,1,1,1,96,0
CUST-4913,47,67.09,3153.23,Month-to-month,Bank transfer,0,1,1,75,1
CUST-4914,33,78.79,2600.07,Month-to-month,Credit card,0,1,2,101,1
CUST-4915,72,74.94,5395.68,Month-to-month,Mailed check,0,0,2,119,0
CUST-4916,6,116.49,698.9399999999999,Month-to-month,Mailed check,0,1,3,94,0
CUST-4917,70,27.91,1953.7,Month-to-month,Electronic check,0,0,2,69,0
CUST-4918,25,111.57,2789.25,One Year,Bank transfer,0,1,2,90,0
CUST-4919,7,33.18,232.26,Month-to-month,Electronic check,0,1,0,103,0
CUST-4920,16,73.65,1178.4,Two Year,Electronic check,1,0,1,119,0
CUST-4921,21,66.21,1390.4099999999999,Two Year,Bank transfer,0,1,4,81,1
CUST-4922,36,106.83,3845.88,Two Year,Electronic check,1,1,1,100,0
CUST-4923,62,98.28,6093.36,Month-to-month,Mailed check,1,0,2,81,0
CUST-4924,13,115.84,1505.92,One Year,Electronic check,0,0,3,88,1
CUST-4925,40,48.27,1930.8000000000002,Month-to-month,Electronic check,0,0,1,110,1
CUST-4926,61,23.08,1407.8799999999999,Month-to-month,Credit card,1,1,2,101,0
CUST-4927,58,81.74,4740.92,Month-to-month,Electronic check,0,0,2,89,0
CUST-4928,54,50.25,2713.5,Two Year,Electronic check,0,0,0,120,0
CUST-4929,49,90.65,4441.85,One Year,Electronic check,0,0,1,73,1
CUST-4930,54,33.31,1798.7400000000002,Month-to-month,Electronic check,0,0,0,89,1
CUST-4931,49,97.31,4768.1900000000005,One Year,Bank transfer,1,1,2,68,0
CUST-4932,30,84.46,2533.7999999999997,Two Year,Credit card,0,1,1,89,0
CUST-4933,61,28.59,1743.99,Two Year,Electronic check,0,0,2,72,0
CUST-4934,57,102.14,5821.9800000000005,Month-to-month,Electronic check,1,1,4,153,0
CUST-4935,16,104.68,1674.88,Two Year,Bank transfer,0,1,2,89,0
CUST-4936,42,56.3,2364.6,One Year,Electronic check,0,0,0,62,0
CUST-4937,72,101.33,7295.76,Month-to-month,Mailed check,0,0,1,88,1
CUST-4938,57,108.08,6160.5599999999995,Month-to-month,Electronic check,1,0,0,121,0
CUST-4939,35,81.51,2852.8500000000004,Month-to-month,Electronic check,0,0,1,132,1
CUST-4940,6,34.07,204.42000000000002,One Year,Bank transfer,0,1,2,126,0
CUST-4941,30,30.15,904.5,Month-to-month,Mailed check,1,1,3,103,0
CUST-4942,42,30.78,1292.76,Month-to-month,Mailed check,0,1,0,98,0
CUST-4943,45,25.77,1159.65,Month-to-month,Mailed check,0,1,0,51,0
CUST-4944,51,42.1,2147.1,Month-to-month,Credit card,0,0,5,137,0
CUST-4945,15,40.93,613.95,Month-to-month,Electronic check,1,0,2,152,1
CUST-4946,44,31.44,1383.3600000000001,One Year,Bank transfer,1,1,2,83,0
CUST-4947,17,50.4,856.8,Month-to-month,Electronic check,0,1,0,114,0
CUST-4948,18,93.49,1682.82,Month-to-month,Bank transfer,1,0,0,91,0
CUST-4949,16,50.8,812.8,One Year,Credit card,0,0,1,87,0
CUST-4950,49,64.4,3155.6000000000004,Month-to-month,Mailed check,0,0,0,68,0
CUST-4951,20,28.95,579.0,Two Year,Electronic check,0,1,0,113,0
CUST-4952,55,20.66,1136.3,One Year,Electronic check,0,0,1,118,0
CUST-4953,61,73.67,4493.87,Month-to-month,Electronic check,1,0,1,123,0
CUST-4954,59,38.57,2275.63,Month-to-month,Electronic check,0,0,3,90,0
CUST-4955,62,101.06,6265.72,Month-to-month,Credit card,1,1,0,78,0
CUST-4956,17,42.9,729.3,One Year,Credit card,0,1,1,72,0
CUST-4957,26,63.47,1650.22,Month-to-month,Mailed check,1,0,0,114,1
CUST-4958,66,91.95,6068.7,Month-to-month,Electronic check,0,0,2,91,0
CUST-4959,54,99.07,5349.78,Month-to-month,Electronic check,1,0,0,160,1
CUST-4960,43,26.19,1126.17,Month-to-month,Electronic check,0,1,0,55,1
CUST-4961,36,102.73,3698.28,Month-to-month,Mailed check,1,0,0,145,0
CUST-4962,3,64.22,192.66,Month-to-month,Electronic check,0,1,1,110,1
CUST-4963,65,44.63,2900.9500000000003,Month-to-month,Electronic check,0,0,0,97,1
CUST-4964,69,76.96,5310.24,One Year,Bank transfer,1,1,2,93,0
CUST-4965,41,80.82,3313.62,Month-to-month,Mailed check,0,1,0,82,1
CUST-4966,25,49.12,1228.0,One Year,Credit card,0,1,1,75,0
CUST-4967,45,70.35,3165.7499999999995,Month-to-month,Electronic check,0,0,1,104,1
CUST-4968,10,50.78,507.8,Month-to-month,Credit card,0,1,5,69,1
CUST-4969,37,74.36,2751.32,Month-to-month,Electronic check,0,0,2,135,1
CUST-4970,18,89.65,1613.7,Two Year,Mailed check,0,0,3,100,1
CUST-4971,54,47.69,2575.2599999999998,Month-to-month,Electronic check,0,0,0,95,1
CUST-4972,32,113.38,3628.16,Two Year,Mailed check,0,0,2,129,0
CUST-4973,22,55.73,1226.06,Month-to-month,Mailed check,0,1,3,143,1
CUST-4974,53,61.86,3278.58,One Year,Electronic check,1,1,1,153,0
CUST-4975,8,87.05,696.4,Month-to-month,Credit card,0,1,1,115,0
CUST-4976,32,91.89,2940.48,Two Year,Bank transfer,0,1,4,85,0
CUST-4977,38,39.37,1496.06,Month-to-month,Mailed check,0,0,2,117,1
CUST-4978,30,60.8,1824.0,One Year,Electronic check,0,0,5,97,1
CUST-4979,29,102.13,2961.77,Month-to-month,Bank transfer,0,0,0,55,0
CUST-4980,35,73.53,2573.55,One Year,Mailed check,1,0,1,104,0
CUST-4981,58,26.81,1554.98,Month-to-month,Mailed check,1,0,3,110,1
CUST-4982,9,103.06,927.54,Month-to-month,Electronic check,0,1,0,97,0
CUST-4983,33,116.34,3839.2200000000003,Month-to-month,Electronic check,0,0,0,78,1
CUST-4984,58,28.62,1659.96,Month-to-month,Credit card,0,0,2,78,0
CUST-4985,53,95.06,5038.18,One Year,Mailed check,1,1,0,99,0
CUST-4986,46,31.85,1465.1000000000001,Two Year,Electronic check,0,0,1,119,0
CUST-4987,55,64.7,3558.5,Two Year,Bank transfer,1,0,3,127,0
CUST-4988,68,66.78,4541.04,Two Year,Bank transfer,0,0,0,75,0
CUST-4989,37,90.57,3351.0899999999997,Month-to-month,Credit card,1,1,1,51,0
CUST-4990,63,81.96,5163.48,One Year,Electronic check,0,0,0,97,0
CUST-4991,22,59.0,1298.0,Month-to-month,Electronic check,1,1,1,85,1
CUST-4992,64,94.45,6044.8,Month-to-month,Mailed check,1,1,0,81,0
CUST-4993,13,105.63,1373.19,Two Year,Bank transfer,1,1,3,88,0
CUST-4994,33,65.63,2165.79,Two Year,Mailed check,0,1,1,91,0
CUST-4995,43,107.92,4640.56,Month-to-month,Credit card,0,1,0,85,0
CUST-4996,66,39.41,2601.06,Month-to-month,Bank transfer,0,1,0,116,1
CUST-4997,39,94.63,3690.5699999999997,Two Year,Bank transfer,0,0,6,108,0
CUST-4998,24,72.97,1751.28,Month-to-month,Electronic check,0,0,3,101,1
CUST-4999,42,69.47,2917.74,Month-to-month,Electronic check,0,1,0,113,1
CUST-5000,68,53.63,3646.84,One Year,Credit card,0,1,4,78,0
